member_id	member_name	email	phone	city	join_date
1	李四000001	user000001@example.test	0900000001	城市B	2023-01-02
2	王五000002	user000002@example.test	0900000002	城市A	2023-01-03
3	趙六000003	user000003@example.test	0900000003	城市A	2023-01-04
4	錢七000004	user000004@example.test	0900000004	城市E	2023-01-05
5	孫八000005	user000005@example.test	0900000005	城市F	2023-01-06
6	周九000006	user000006@example.test	0900000006	城市G	2023-01-07
7	吳十000007	user000007@example.test	0900000007	城市H	2023-01-08
8	張三000008	user000008@example.test	0900000008	城市A	2023-01-09
9	李四000009	user000009@example.test	0900000009	城市B	2023-01-10
10	王五000010	user000010@example.test	0900000010	城市C	2023-01-11
101	孫八000101	user000101@example.test	0900000101	城市F	2023-04-12
102	周九000102	user000102@example.test	0900000102	城市G	2023-04-13
103	吳十000103	user000103@example.test	0900000103	城市H	2023-04-14
104	張三000104	user000104@example.test	0900000104	城市A	2023-04-15
105	李四000105	user000105@example.test	0900000105	城市B	2023-04-16
106	王五000106	user000106@example.test	0900000106	城市C	2023-04-17
107	趙六000107	user000107@example.test	0900000107	城市D	2023-04-18
108	錢七000108	user000108@example.test	0900000108	城市E	2023-04-19
109	孫八000109	user000109@example.test	0900000109	城市F	2023-04-20
110	周九000110	user000110@example.test	0900000110	城市G	2023-04-21
201	李四000201	user000201@example.test	0900000201	城市B	2023-07-21
202	王五000202	user000202@example.test	0900000202	城市C	2023-07-22
203	趙六000203	user000203@example.test	0900000203	城市D	2023-07-23
204	錢七000204	user000204@example.test	0900000204	城市E	2023-07-24
205	孫八000205	user000205@example.test	0900000205	城市F	2023-07-25
206	周九000206	user000206@example.test	0900000206	城市G	2023-07-26
207	吳十000207	user000207@example.test	0900000207	城市H	2023-07-27
208	張三000208	user000208@example.test	0900000208	城市A	2023-07-28
209	李四000209	user000209@example.test	0900000209	城市B	2023-07-29
210	王五000210	user000210@example.test	0900000210	城市C	2023-07-30
301	孫八000301	user000301@example.test	0900000301	城市F	2023-10-29
302	周九000302	user000302@example.test	0900000302	城市G	2023-10-30
303	吳十000303	user000303@example.test	0900000303	城市H	2023-10-31
304	張三000304	user000304@example.test	0900000304	城市A	2023-11-01
305	李四000305	user000305@example.test	0900000305	城市B	2023-11-02
306	王五000306	user000306@example.test	0900000306	城市C	2023-11-03
307	趙六000307	user000307@example.test	0900000307	城市D	2023-11-04
308	錢七000308	user000308@example.test	0900000308	城市E	2023-11-05
309	孫八000309	user000309@example.test	0900000309	城市F	2023-11-06
310	周九000310	user000310@example.test	0900000310	城市G	2023-11-07
401	李四000401	user000401@example.test	0900000401	城市B	2024-02-06
402	王五000402	user000402@example.test	0900000402	城市C	2024-02-07
403	趙六000403	user000403@example.test	0900000403	城市D	2024-02-08
404	錢七000404	user000404@example.test	0900000404	城市E	2024-02-09
405	孫八000405	user000405@example.test	0900000405	城市F	2024-02-10
406	周九000406	user000406@example.test	0900000406	城市G	2024-02-11
407	吳十000407	user000407@example.test	0900000407	城市H	2024-02-12
408	張三000408	user000408@example.test	0900000408	城市A	2024-02-13
409	李四000409	user000409@example.test	0900000409	城市B	2024-02-14
410	王五000410	user000410@example.test	0900000410	城市C	2024-02-15
501	孫八000501	user000501@example.test	0900000501	城市F	2024-05-16
502	周九000502	user000502@example.test	0900000502	城市G	2024-05-17
503	吳十000503	user000503@example.test	0900000503	城市H	2024-05-18
504	張三000504	user000504@example.test	0900000504	城市A	2024-05-19
505	李四000505	user000505@example.test	0900000505	城市B	2024-05-20
506	王五000506	user000506@example.test	0900000506	城市C	2024-05-21
507	趙六000507	user000507@example.test	0900000507	城市D	2024-05-22
508	錢七000508	user000508@example.test	0900000508	城市E	2024-05-23
509	孫八000509	user000509@example.test	0900000509	城市F	2024-05-24
510	周九000510	user000510@example.test	0900000510	城市G	2024-05-25
601	李四000601	user000601@example.test	0900000601	城市B	2024-08-24
602	王五000602	user000602@example.test	0900000602	城市C	2024-08-25
603	趙六000603	user000603@example.test	0900000603	城市D	2024-08-26
604	錢七000604	user000604@example.test	0900000604	城市E	2024-08-27
605	孫八000605	user000605@example.test	0900000605	城市F	2024-08-28
606	周九000606	user000606@example.test	0900000606	城市G	2024-08-29
607	吳十000607	user000607@example.test	0900000607	城市H	2024-08-30
608	張三000608	user000608@example.test	0900000608	城市A	2024-08-31
609	李四000609	user000609@example.test	0900000609	城市B	2024-09-01
610	王五000610	user000610@example.test	0900000610	城市C	2024-09-02
701	孫八000701	user000701@example.test	0900000701	城市F	2024-12-02
702	周九000702	user000702@example.test	0900000702	城市G	2024-12-03
703	吳十000703	user000703@example.test	0900000703	城市H	2024-12-04
704	張三000704	user000704@example.test	0900000704	城市A	2024-12-05
705	李四000705	user000705@example.test	0900000705	城市B	2024-12-06
706	王五000706	user000706@example.test	0900000706	城市C	2024-12-07
707	趙六000707	user000707@example.test	0900000707	城市D	2024-12-08
708	錢七000708	user000708@example.test	0900000708	城市E	2024-12-09
709	孫八000709	user000709@example.test	0900000709	城市F	2024-12-10
710	周九000710	user000710@example.test	0900000710	城市G	2024-12-11
801	李四000801	user000801@example.test	0900000801	城市B	2025-03-12
802	王五000802	user000802@example.test	0900000802	城市C	2025-03-13
803	趙六000803	user000803@example.test	0900000803	城市D	2025-03-14
804	錢七000804	user000804@example.test	0900000804	城市E	2025-03-15
805	孫八000805	user000805@example.test	0900000805	城市F	2025-03-16
806	周九000806	user000806@example.test	0900000806	城市G	2025-03-17
807	吳十000807	user000807@example.test	0900000807	城市H	2025-03-18
808	張三000808	user000808@example.test	0900000808	城市A	2025-03-19
809	李四000809	user000809@example.test	0900000809	城市B	2025-03-20
810	王五000810	user000810@example.test	0900000810	城市C	2025-03-21
901	孫八000901	user000901@example.test	0900000901	城市F	2025-06-20
902	周九000902	user000902@example.test	0900000902	城市G	2025-06-21
903	吳十000903	user000903@example.test	0900000903	城市H	2025-06-22
904	張三000904	user000904@example.test	0900000904	城市A	2025-06-23
905	李四000905	user000905@example.test	0900000905	城市B	2025-06-24
906	王五000906	user000906@example.test	0900000906	城市C	2025-06-25
907	趙六000907	user000907@example.test	0900000907	城市D	2025-06-26
908	錢七000908	user000908@example.test	0900000908	城市E	2025-06-27
909	孫八000909	user000909@example.test	0900000909	城市F	2025-06-28
910	周九000910	user000910@example.test	0900000910	城市G	2025-06-29
1001	李四001001	user001001@example.test	0900001001	城市B	2025-09-28
1002	王五001002	user001002@example.test	0900001002	城市C	2025-09-29
1003	趙六001003	user001003@example.test	0900001003	城市D	2025-09-30
1004	錢七001004	user001004@example.test	0900001004	城市E	2025-10-01
1005	孫八001005	user001005@example.test	0900001005	城市F	2025-10-02
1006	周九001006	user001006@example.test	0900001006	城市G	2025-10-03
1007	吳十001007	user001007@example.test	0900001007	城市H	2025-10-04
1008	張三001008	user001008@example.test	0900001008	城市A	2025-10-05
1009	李四001009	user001009@example.test	0900001009	城市B	2025-10-06
1010	王五001010	user001010@example.test	0900001010	城市C	2025-10-07
1101	孫八001101	user001101@example.test	0900001101	城市F	2023-01-07
1102	周九001102	user001102@example.test	0900001102	城市G	2023-01-08
1103	吳十001103	user001103@example.test	0900001103	城市H	2023-01-09
1104	張三001104	user001104@example.test	0900001104	城市A	2023-01-10
1105	李四001105	user001105@example.test	0900001105	城市B	2023-01-11
1106	王五001106	user001106@example.test	0900001106	城市C	2023-01-12
1107	趙六001107	user001107@example.test	0900001107	城市D	2023-01-13
1108	錢七001108	user001108@example.test	0900001108	城市E	2023-01-14
1109	孫八001109	user001109@example.test	0900001109	城市F	2023-01-15
1110	周九001110	user001110@example.test	0900001110	城市G	2023-01-16
1201	李四001201	user001201@example.test	0900001201	城市B	2023-04-17
1202	王五001202	user001202@example.test	0900001202	城市C	2023-04-18
1203	趙六001203	user001203@example.test	0900001203	城市D	2023-04-19
1204	錢七001204	user001204@example.test	0900001204	城市E	2023-04-20
1205	孫八001205	user001205@example.test	0900001205	城市F	2023-04-21
1206	周九001206	user001206@example.test	0900001206	城市G	2023-04-22
1207	吳十001207	user001207@example.test	0900001207	城市H	2023-04-23
1208	張三001208	user001208@example.test	0900001208	城市A	2023-04-24
1209	李四001209	user001209@example.test	0900001209	城市B	2023-04-25
1210	王五001210	user001210@example.test	0900001210	城市C	2023-04-26
1301	孫八001301	user001301@example.test	0900001301	城市F	2023-07-26
1302	周九001302	user001302@example.test	0900001302	城市G	2023-07-27
1303	吳十001303	user001303@example.test	0900001303	城市H	2023-07-28
1304	張三001304	user001304@example.test	0900001304	城市A	2023-07-29
1305	李四001305	user001305@example.test	0900001305	城市B	2023-07-30
1306	王五001306	user001306@example.test	0900001306	城市C	2023-07-31
1307	趙六001307	user001307@example.test	0900001307	城市D	2023-08-01
1308	錢七001308	user001308@example.test	0900001308	城市E	2023-08-02
1309	孫八001309	user001309@example.test	0900001309	城市F	2023-08-03
1310	周九001310	user001310@example.test	0900001310	城市G	2023-08-04
1401	李四001401	user001401@example.test	0900001401	城市B	2023-11-03
1402	王五001402	user001402@example.test	0900001402	城市C	2023-11-04
1403	趙六001403	user001403@example.test	0900001403	城市D	2023-11-05
1404	錢七001404	user001404@example.test	0900001404	城市E	2023-11-06
1405	孫八001405	user001405@example.test	0900001405	城市F	2023-11-07
1406	周九001406	user001406@example.test	0900001406	城市G	2023-11-08
1407	吳十001407	user001407@example.test	0900001407	城市H	2023-11-09
1408	張三001408	user001408@example.test	0900001408	城市A	2023-11-10
1409	李四001409	user001409@example.test	0900001409	城市B	2023-11-11
1410	王五001410	user001410@example.test	0900001410	城市C	2023-11-12
1501	孫八001501	user001501@example.test	0900001501	城市F	2024-02-11
1502	周九001502	user001502@example.test	0900001502	城市G	2024-02-12
1503	吳十001503	user001503@example.test	0900001503	城市H	2024-02-13
1504	張三001504	user001504@example.test	0900001504	城市A	2024-02-14
1505	李四001505	user001505@example.test	0900001505	城市B	2024-02-15
1506	王五001506	user001506@example.test	0900001506	城市C	2024-02-16
1507	趙六001507	user001507@example.test	0900001507	城市D	2024-02-17
1508	錢七001508	user001508@example.test	0900001508	城市E	2024-02-18
1509	孫八001509	user001509@example.test	0900001509	城市F	2024-02-19
1510	周九001510	user001510@example.test	0900001510	城市G	2024-02-20
1601	李四001601	user001601@example.test	0900001601	城市B	2024-05-21
1602	王五001602	user001602@example.test	0900001602	城市C	2024-05-22
1603	趙六001603	user001603@example.test	0900001603	城市D	2024-05-23
1604	錢七001604	user001604@example.test	0900001604	城市E	2024-05-24
1605	孫八001605	user001605@example.test	0900001605	城市F	2024-05-25
1606	周九001606	user001606@example.test	0900001606	城市G	2024-05-26
1607	吳十001607	user001607@example.test	0900001607	城市H	2024-05-27
1608	張三001608	user001608@example.test	0900001608	城市A	2024-05-28
1609	李四001609	user001609@example.test	0900001609	城市B	2024-05-29
1610	王五001610	user001610@example.test	0900001610	城市C	2024-05-30
1701	孫八001701	user001701@example.test	0900001701	城市F	2024-08-29
1702	周九001702	user001702@example.test	0900001702	城市G	2024-08-30
1703	吳十001703	user001703@example.test	0900001703	城市H	2024-08-31
1704	張三001704	user001704@example.test	0900001704	城市A	2024-09-01
1705	李四001705	user001705@example.test	0900001705	城市B	2024-09-02
1706	王五001706	user001706@example.test	0900001706	城市C	2024-09-03
1707	趙六001707	user001707@example.test	0900001707	城市D	2024-09-04
1708	錢七001708	user001708@example.test	0900001708	城市E	2024-09-05
1709	孫八001709	user001709@example.test	0900001709	城市F	2024-09-06
1710	周九001710	user001710@example.test	0900001710	城市G	2024-09-07
1801	李四001801	user001801@example.test	0900001801	城市B	2024-12-07
1802	王五001802	user001802@example.test	0900001802	城市C	2024-12-08
1803	趙六001803	user001803@example.test	0900001803	城市D	2024-12-09
1804	錢七001804	user001804@example.test	0900001804	城市E	2024-12-10
1805	孫八001805	user001805@example.test	0900001805	城市F	2024-12-11
1806	周九001806	user001806@example.test	0900001806	城市G	2024-12-12
1807	吳十001807	user001807@example.test	0900001807	城市H	2024-12-13
1808	張三001808	user001808@example.test	0900001808	城市A	2024-12-14
1809	李四001809	user001809@example.test	0900001809	城市B	2024-12-15
1810	王五001810	user001810@example.test	0900001810	城市C	2024-12-16
1901	孫八001901	user001901@example.test	0900001901	城市F	2025-03-17
1902	周九001902	user001902@example.test	0900001902	城市G	2025-03-18
1903	吳十001903	user001903@example.test	0900001903	城市H	2025-03-19
1904	張三001904	user001904@example.test	0900001904	城市A	2025-03-20
1905	李四001905	user001905@example.test	0900001905	城市B	2025-03-21
1906	王五001906	user001906@example.test	0900001906	城市C	2025-03-22
1907	趙六001907	user001907@example.test	0900001907	城市D	2025-03-23
1908	錢七001908	user001908@example.test	0900001908	城市E	2025-03-24
1909	孫八001909	user001909@example.test	0900001909	城市F	2025-03-25
1910	周九001910	user001910@example.test	0900001910	城市G	2025-03-26
2001	李四002001	user002001@example.test	0900002001	城市B	2025-06-25
2002	王五002002	user002002@example.test	0900002002	城市C	2025-06-26
2003	趙六002003	user002003@example.test	0900002003	城市D	2025-06-27
2004	錢七002004	user002004@example.test	0900002004	城市E	2025-06-28
2005	孫八002005	user002005@example.test	0900002005	城市F	2025-06-29
2006	周九002006	user002006@example.test	0900002006	城市G	2025-06-30
2007	吳十002007	user002007@example.test	0900002007	城市H	2025-07-01
2008	張三002008	user002008@example.test	0900002008	城市A	2025-07-02
2009	李四002009	user002009@example.test	0900002009	城市B	2025-07-03
2010	王五002010	user002010@example.test	0900002010	城市C	2025-07-04
2101	孫八002101	user002101@example.test	0900002101	城市F	2025-10-03
2102	周九002102	user002102@example.test	0900002102	城市G	2025-10-04
2103	吳十002103	user002103@example.test	0900002103	城市H	2025-10-05
2104	張三002104	user002104@example.test	0900002104	城市A	2025-10-06
2105	李四002105	user002105@example.test	0900002105	城市B	2025-10-07
2106	王五002106	user002106@example.test	0900002106	城市C	2025-10-08
2107	趙六002107	user002107@example.test	0900002107	城市D	2025-10-09
2108	錢七002108	user002108@example.test	0900002108	城市E	2025-10-10
2109	孫八002109	user002109@example.test	0900002109	城市F	2025-10-11
2110	周九002110	user002110@example.test	0900002110	城市G	2025-10-12
2201	李四002201	user002201@example.test	0900002201	城市B	2023-01-12
2202	王五002202	user002202@example.test	0900002202	城市C	2023-01-13
2203	趙六002203	user002203@example.test	0900002203	城市D	2023-01-14
2204	錢七002204	user002204@example.test	0900002204	城市E	2023-01-15
2205	孫八002205	user002205@example.test	0900002205	城市F	2023-01-16
2206	周九002206	user002206@example.test	0900002206	城市G	2023-01-17
2207	吳十002207	user002207@example.test	0900002207	城市H	2023-01-18
2208	張三002208	user002208@example.test	0900002208	城市A	2023-01-19
2209	李四002209	user002209@example.test	0900002209	城市B	2023-01-20
2210	王五002210	user002210@example.test	0900002210	城市C	2023-01-21
2301	孫八002301	user002301@example.test	0900002301	城市F	2023-04-22
2302	周九002302	user002302@example.test	0900002302	城市G	2023-04-23
2303	吳十002303	user002303@example.test	0900002303	城市H	2023-04-24
2304	張三002304	user002304@example.test	0900002304	城市A	2023-04-25
2305	李四002305	user002305@example.test	0900002305	城市B	2023-04-26
2306	王五002306	user002306@example.test	0900002306	城市C	2023-04-27
2307	趙六002307	user002307@example.test	0900002307	城市D	2023-04-28
2308	錢七002308	user002308@example.test	0900002308	城市E	2023-04-29
2309	孫八002309	user002309@example.test	0900002309	城市F	2023-04-30
2310	周九002310	user002310@example.test	0900002310	城市G	2023-05-01
2401	李四002401	user002401@example.test	0900002401	城市B	2023-07-31
2402	王五002402	user002402@example.test	0900002402	城市C	2023-08-01
2403	趙六002403	user002403@example.test	0900002403	城市D	2023-08-02
2404	錢七002404	user002404@example.test	0900002404	城市E	2023-08-03
2405	孫八002405	user002405@example.test	0900002405	城市F	2023-08-04
2406	周九002406	user002406@example.test	0900002406	城市G	2023-08-05
2407	吳十002407	user002407@example.test	0900002407	城市H	2023-08-06
2408	張三002408	user002408@example.test	0900002408	城市A	2023-08-07
2409	李四002409	user002409@example.test	0900002409	城市B	2023-08-08
2410	王五002410	user002410@example.test	0900002410	城市C	2023-08-09
2501	孫八002501	user002501@example.test	0900002501	城市F	2023-11-08
2502	周九002502	user002502@example.test	0900002502	城市G	2023-11-09
2503	吳十002503	user002503@example.test	0900002503	城市H	2023-11-10
2504	張三002504	user002504@example.test	0900002504	城市A	2023-11-11
2505	李四002505	user002505@example.test	0900002505	城市B	2023-11-12
2506	王五002506	user002506@example.test	0900002506	城市C	2023-11-13
2507	趙六002507	user002507@example.test	0900002507	城市D	2023-11-14
2508	錢七002508	user002508@example.test	0900002508	城市E	2023-11-15
2509	孫八002509	user002509@example.test	0900002509	城市F	2023-11-16
2510	周九002510	user002510@example.test	0900002510	城市G	2023-11-17
2601	李四002601	user002601@example.test	0900002601	城市B	2024-02-16
2602	王五002602	user002602@example.test	0900002602	城市C	2024-02-17
2603	趙六002603	user002603@example.test	0900002603	城市D	2024-02-18
2604	錢七002604	user002604@example.test	0900002604	城市E	2024-02-19
2605	孫八002605	user002605@example.test	0900002605	城市F	2024-02-20
2606	周九002606	user002606@example.test	0900002606	城市G	2024-02-21
2607	吳十002607	user002607@example.test	0900002607	城市H	2024-02-22
2608	張三002608	user002608@example.test	0900002608	城市A	2024-02-23
2609	李四002609	user002609@example.test	0900002609	城市B	2024-02-24
2610	王五002610	user002610@example.test	0900002610	城市C	2024-02-25
2701	孫八002701	user002701@example.test	0900002701	城市F	2024-05-26
2702	周九002702	user002702@example.test	0900002702	城市G	2024-05-27
2703	吳十002703	user002703@example.test	0900002703	城市H	2024-05-28
2704	張三002704	user002704@example.test	0900002704	城市A	2024-05-29
2705	李四002705	user002705@example.test	0900002705	城市B	2024-05-30
2706	王五002706	user002706@example.test	0900002706	城市C	2024-05-31
2707	趙六002707	user002707@example.test	0900002707	城市D	2024-06-01
2708	錢七002708	user002708@example.test	0900002708	城市E	2024-06-02
2709	孫八002709	user002709@example.test	0900002709	城市F	2024-06-03
2710	周九002710	user002710@example.test	0900002710	城市G	2024-06-04
2801	李四002801	user002801@example.test	0900002801	城市B	2024-09-03
2802	王五002802	user002802@example.test	0900002802	城市C	2024-09-04
2803	趙六002803	user002803@example.test	0900002803	城市D	2024-09-05
2804	錢七002804	user002804@example.test	0900002804	城市E	2024-09-06
2805	孫八002805	user002805@example.test	0900002805	城市F	2024-09-07
2806	周九002806	user002806@example.test	0900002806	城市G	2024-09-08
2807	吳十002807	user002807@example.test	0900002807	城市H	2024-09-09
2808	張三002808	user002808@example.test	0900002808	城市A	2024-09-10
2809	李四002809	user002809@example.test	0900002809	城市B	2024-09-11
2810	王五002810	user002810@example.test	0900002810	城市C	2024-09-12
2901	孫八002901	user002901@example.test	0900002901	城市F	2024-12-12
2902	周九002902	user002902@example.test	0900002902	城市G	2024-12-13
2903	吳十002903	user002903@example.test	0900002903	城市H	2024-12-14
2904	張三002904	user002904@example.test	0900002904	城市A	2024-12-15
2905	李四002905	user002905@example.test	0900002905	城市B	2024-12-16
2906	王五002906	user002906@example.test	0900002906	城市C	2024-12-17
2907	趙六002907	user002907@example.test	0900002907	城市D	2024-12-18
2908	錢七002908	user002908@example.test	0900002908	城市E	2024-12-19
2909	孫八002909	user002909@example.test	0900002909	城市F	2024-12-20
2910	周九002910	user002910@example.test	0900002910	城市G	2024-12-21
3001	李四003001	user003001@example.test	0900003001	城市B	2025-03-22
3002	王五003002	user003002@example.test	0900003002	城市C	2025-03-23
3003	趙六003003	user003003@example.test	0900003003	城市D	2025-03-24
3004	錢七003004	user003004@example.test	0900003004	城市E	2025-03-25
3005	孫八003005	user003005@example.test	0900003005	城市F	2025-03-26
3006	周九003006	user003006@example.test	0900003006	城市G	2025-03-27
3007	吳十003007	user003007@example.test	0900003007	城市H	2025-03-28
3008	張三003008	user003008@example.test	0900003008	城市A	2025-03-29
3009	李四003009	user003009@example.test	0900003009	城市B	2025-03-30
3010	王五003010	user003010@example.test	0900003010	城市C	2025-03-31
3101	孫八003101	user003101@example.test	0900003101	城市F	2025-06-30
3102	周九003102	user003102@example.test	0900003102	城市G	2025-07-01
3103	吳十003103	user003103@example.test	0900003103	城市H	2025-07-02
3104	張三003104	user003104@example.test	0900003104	城市A	2025-07-03
3105	李四003105	user003105@example.test	0900003105	城市B	2025-07-04
3106	王五003106	user003106@example.test	0900003106	城市C	2025-07-05
3107	趙六003107	user003107@example.test	0900003107	城市D	2025-07-06
3108	錢七003108	user003108@example.test	0900003108	城市E	2025-07-07
3109	孫八003109	user003109@example.test	0900003109	城市F	2025-07-08
3110	周九003110	user003110@example.test	0900003110	城市G	2025-07-09
3201	李四003201	user003201@example.test	0900003201	城市B	2025-10-08
3202	王五003202	user003202@example.test	0900003202	城市C	2025-10-09
3203	趙六003203	user003203@example.test	0900003203	城市D	2025-10-10
3204	錢七003204	user003204@example.test	0900003204	城市E	2025-10-11
3205	孫八003205	user003205@example.test	0900003205	城市F	2025-10-12
3206	周九003206	user003206@example.test	0900003206	城市G	2025-10-13
3207	吳十003207	user003207@example.test	0900003207	城市H	2025-10-14
3208	張三003208	user003208@example.test	0900003208	城市A	2025-10-15
3209	李四003209	user003209@example.test	0900003209	城市B	2025-10-16
3210	王五003210	user003210@example.test	0900003210	城市C	2025-10-17
3301	孫八003301	user003301@example.test	0900003301	城市F	2023-01-17
3302	周九003302	user003302@example.test	0900003302	城市G	2023-01-18
3303	吳十003303	user003303@example.test	0900003303	城市H	2023-01-19
3304	張三003304	user003304@example.test	0900003304	城市A	2023-01-20
3305	李四003305	user003305@example.test	0900003305	城市B	2023-01-21
3306	王五003306	user003306@example.test	0900003306	城市C	2023-01-22
3307	趙六003307	user003307@example.test	0900003307	城市D	2023-01-23
3308	錢七003308	user003308@example.test	0900003308	城市E	2023-01-24
3309	孫八003309	user003309@example.test	0900003309	城市F	2023-01-25
3310	周九003310	user003310@example.test	0900003310	城市G	2023-01-26
3401	李四003401	user003401@example.test	0900003401	城市B	2023-04-27
3402	王五003402	user003402@example.test	0900003402	城市C	2023-04-28
3403	趙六003403	user003403@example.test	0900003403	城市D	2023-04-29
3404	錢七003404	user003404@example.test	0900003404	城市E	2023-04-30
3405	孫八003405	user003405@example.test	0900003405	城市F	2023-05-01
3406	周九003406	user003406@example.test	0900003406	城市G	2023-05-02
3407	吳十003407	user003407@example.test	0900003407	城市H	2023-05-03
3408	張三003408	user003408@example.test	0900003408	城市A	2023-05-04
3409	李四003409	user003409@example.test	0900003409	城市B	2023-05-05
3410	王五003410	user003410@example.test	0900003410	城市C	2023-05-06
3501	孫八003501	user003501@example.test	0900003501	城市F	2023-08-05
3502	周九003502	user003502@example.test	0900003502	城市G	2023-08-06
3503	吳十003503	user003503@example.test	0900003503	城市H	2023-08-07
3504	張三003504	user003504@example.test	0900003504	城市A	2023-08-08
3505	李四003505	user003505@example.test	0900003505	城市B	2023-08-09
3506	王五003506	user003506@example.test	0900003506	城市C	2023-08-10
3507	趙六003507	user003507@example.test	0900003507	城市D	2023-08-11
3508	錢七003508	user003508@example.test	0900003508	城市E	2023-08-12
3509	孫八003509	user003509@example.test	0900003509	城市F	2023-08-13
3510	周九003510	user003510@example.test	0900003510	城市G	2023-08-14
3601	李四003601	user003601@example.test	0900003601	城市B	2023-11-13
3602	王五003602	user003602@example.test	0900003602	城市C	2023-11-14
3603	趙六003603	user003603@example.test	0900003603	城市D	2023-11-15
3604	錢七003604	user003604@example.test	0900003604	城市E	2023-11-16
3605	孫八003605	user003605@example.test	0900003605	城市F	2023-11-17
3606	周九003606	user003606@example.test	0900003606	城市G	2023-11-18
3607	吳十003607	user003607@example.test	0900003607	城市H	2023-11-19
3608	張三003608	user003608@example.test	0900003608	城市A	2023-11-20
3609	李四003609	user003609@example.test	0900003609	城市B	2023-11-21
3610	王五003610	user003610@example.test	0900003610	城市C	2023-11-22
3701	孫八003701	user003701@example.test	0900003701	城市F	2024-02-21
3702	周九003702	user003702@example.test	0900003702	城市G	2024-02-22
3703	吳十003703	user003703@example.test	0900003703	城市H	2024-02-23
3704	張三003704	user003704@example.test	0900003704	城市A	2024-02-24
3705	李四003705	user003705@example.test	0900003705	城市B	2024-02-25
3706	王五003706	user003706@example.test	0900003706	城市C	2024-02-26
3707	趙六003707	user003707@example.test	0900003707	城市D	2024-02-27
3708	錢七003708	user003708@example.test	0900003708	城市E	2024-02-28
3709	孫八003709	user003709@example.test	0900003709	城市F	2024-02-29
3710	周九003710	user003710@example.test	0900003710	城市G	2024-03-01
3801	李四003801	user003801@example.test	0900003801	城市B	2024-05-31
3802	王五003802	user003802@example.test	0900003802	城市C	2024-06-01
3803	趙六003803	user003803@example.test	0900003803	城市D	2024-06-02
3804	錢七003804	user003804@example.test	0900003804	城市E	2024-06-03
3805	孫八003805	user003805@example.test	0900003805	城市F	2024-06-04
3806	周九003806	user003806@example.test	0900003806	城市G	2024-06-05
3807	吳十003807	user003807@example.test	0900003807	城市H	2024-06-06
3808	張三003808	user003808@example.test	0900003808	城市A	2024-06-07
3809	李四003809	user003809@example.test	0900003809	城市B	2024-06-08
3810	王五003810	user003810@example.test	0900003810	城市C	2024-06-09
3901	孫八003901	user003901@example.test	0900003901	城市F	2024-09-08
3902	周九003902	user003902@example.test	0900003902	城市G	2024-09-09
3903	吳十003903	user003903@example.test	0900003903	城市H	2024-09-10
3904	張三003904	user003904@example.test	0900003904	城市A	2024-09-11
3905	李四003905	user003905@example.test	0900003905	城市B	2024-09-12
3906	王五003906	user003906@example.test	0900003906	城市C	2024-09-13
3907	趙六003907	user003907@example.test	0900003907	城市D	2024-09-14
3908	錢七003908	user003908@example.test	0900003908	城市E	2024-09-15
3909	孫八003909	user003909@example.test	0900003909	城市F	2024-09-16
3910	周九003910	user003910@example.test	0900003910	城市G	2024-09-17
4001	李四004001	user004001@example.test	0900004001	城市B	2024-12-17
4002	王五004002	user004002@example.test	0900004002	城市C	2024-12-18
4003	趙六004003	user004003@example.test	0900004003	城市D	2024-12-19
4004	錢七004004	user004004@example.test	0900004004	城市E	2024-12-20
4005	孫八004005	user004005@example.test	0900004005	城市F	2024-12-21
4006	周九004006	user004006@example.test	0900004006	城市G	2024-12-22
4007	吳十004007	user004007@example.test	0900004007	城市H	2024-12-23
4008	張三004008	user004008@example.test	0900004008	城市A	2024-12-24
4009	李四004009	user004009@example.test	0900004009	城市B	2024-12-25
4010	王五004010	user004010@example.test	0900004010	城市C	2024-12-26
4101	孫八004101	user004101@example.test	0900004101	城市F	2025-03-27
4102	周九004102	user004102@example.test	0900004102	城市G	2025-03-28
4103	吳十004103	user004103@example.test	0900004103	城市H	2025-03-29
4104	張三004104	user004104@example.test	0900004104	城市A	2025-03-30
4105	李四004105	user004105@example.test	0900004105	城市B	2025-03-31
4106	王五004106	user004106@example.test	0900004106	城市C	2025-04-01
4107	趙六004107	user004107@example.test	0900004107	城市D	2025-04-02
4108	錢七004108	user004108@example.test	0900004108	城市E	2025-04-03
4109	孫八004109	user004109@example.test	0900004109	城市F	2025-04-04
4110	周九004110	user004110@example.test	0900004110	城市G	2025-04-05
4201	李四004201	user004201@example.test	0900004201	城市B	2025-07-05
4202	王五004202	user004202@example.test	0900004202	城市C	2025-07-06
4203	趙六004203	user004203@example.test	0900004203	城市D	2025-07-07
4204	錢七004204	user004204@example.test	0900004204	城市E	2025-07-08
4205	孫八004205	user004205@example.test	0900004205	城市F	2025-07-09
4206	周九004206	user004206@example.test	0900004206	城市G	2025-07-10
4207	吳十004207	user004207@example.test	0900004207	城市H	2025-07-11
4208	張三004208	user004208@example.test	0900004208	城市A	2025-07-12
4209	李四004209	user004209@example.test	0900004209	城市B	2025-07-13
4210	王五004210	user004210@example.test	0900004210	城市C	2025-07-14
4301	孫八004301	user004301@example.test	0900004301	城市F	2025-10-13
4302	周九004302	user004302@example.test	0900004302	城市G	2025-10-14
4303	吳十004303	user004303@example.test	0900004303	城市H	2025-10-15
4304	張三004304	user004304@example.test	0900004304	城市A	2025-10-16
4305	李四004305	user004305@example.test	0900004305	城市B	2025-10-17
4306	王五004306	user004306@example.test	0900004306	城市C	2025-10-18
4307	趙六004307	user004307@example.test	0900004307	城市D	2025-10-19
4308	錢七004308	user004308@example.test	0900004308	城市E	2025-10-20
4309	孫八004309	user004309@example.test	0900004309	城市F	2025-10-21
4310	周九004310	user004310@example.test	0900004310	城市G	2025-10-22
4401	李四004401	user004401@example.test	0900004401	城市B	2023-01-22
4402	王五004402	user004402@example.test	0900004402	城市C	2023-01-23
4403	趙六004403	user004403@example.test	0900004403	城市D	2023-01-24
4404	錢七004404	user004404@example.test	0900004404	城市E	2023-01-25
4405	孫八004405	user004405@example.test	0900004405	城市F	2023-01-26
4406	周九004406	user004406@example.test	0900004406	城市G	2023-01-27
4407	吳十004407	user004407@example.test	0900004407	城市H	2023-01-28
4408	張三004408	user004408@example.test	0900004408	城市A	2023-01-29
4409	李四004409	user004409@example.test	0900004409	城市B	2023-01-30
4410	王五004410	user004410@example.test	0900004410	城市C	2023-01-31
4501	孫八004501	user004501@example.test	0900004501	城市F	2023-05-02
4502	周九004502	user004502@example.test	0900004502	城市G	2023-05-03
4503	吳十004503	user004503@example.test	0900004503	城市H	2023-05-04
4504	張三004504	user004504@example.test	0900004504	城市A	2023-05-05
4505	李四004505	user004505@example.test	0900004505	城市B	2023-05-06
4506	王五004506	user004506@example.test	0900004506	城市C	2023-05-07
4507	趙六004507	user004507@example.test	0900004507	城市D	2023-05-08
4508	錢七004508	user004508@example.test	0900004508	城市E	2023-05-09
4509	孫八004509	user004509@example.test	0900004509	城市F	2023-05-10
4510	周九004510	user004510@example.test	0900004510	城市G	2023-05-11
4601	李四004601	user004601@example.test	0900004601	城市B	2023-08-10
4602	王五004602	user004602@example.test	0900004602	城市C	2023-08-11
4603	趙六004603	user004603@example.test	0900004603	城市D	2023-08-12
4604	錢七004604	user004604@example.test	0900004604	城市E	2023-08-13
4605	孫八004605	user004605@example.test	0900004605	城市F	2023-08-14
4606	周九004606	user004606@example.test	0900004606	城市G	2023-08-15
4607	吳十004607	user004607@example.test	0900004607	城市H	2023-08-16
4608	張三004608	user004608@example.test	0900004608	城市A	2023-08-17
4609	李四004609	user004609@example.test	0900004609	城市B	2023-08-18
4610	王五004610	user004610@example.test	0900004610	城市C	2023-08-19
4701	孫八004701	user004701@example.test	0900004701	城市F	2023-11-18
4702	周九004702	user004702@example.test	0900004702	城市G	2023-11-19
4703	吳十004703	user004703@example.test	0900004703	城市H	2023-11-20
4704	張三004704	user004704@example.test	0900004704	城市A	2023-11-21
4705	李四004705	user004705@example.test	0900004705	城市B	2023-11-22
4706	王五004706	user004706@example.test	0900004706	城市C	2023-11-23
4707	趙六004707	user004707@example.test	0900004707	城市D	2023-11-24
4708	錢七004708	user004708@example.test	0900004708	城市E	2023-11-25
4709	孫八004709	user004709@example.test	0900004709	城市F	2023-11-26
4710	周九004710	user004710@example.test	0900004710	城市G	2023-11-27
4801	李四004801	user004801@example.test	0900004801	城市B	2024-02-26
4802	王五004802	user004802@example.test	0900004802	城市C	2024-02-27
4803	趙六004803	user004803@example.test	0900004803	城市D	2024-02-28
4804	錢七004804	user004804@example.test	0900004804	城市E	2024-02-29
4805	孫八004805	user004805@example.test	0900004805	城市F	2024-03-01
4806	周九004806	user004806@example.test	0900004806	城市G	2024-03-02
4807	吳十004807	user004807@example.test	0900004807	城市H	2024-03-03
4808	張三004808	user004808@example.test	0900004808	城市A	2024-03-04
4809	李四004809	user004809@example.test	0900004809	城市B	2024-03-05
4810	王五004810	user004810@example.test	0900004810	城市C	2024-03-06
4901	孫八004901	user004901@example.test	0900004901	城市F	2024-06-05
4902	周九004902	user004902@example.test	0900004902	城市G	2024-06-06
4903	吳十004903	user004903@example.test	0900004903	城市H	2024-06-07
4904	張三004904	user004904@example.test	0900004904	城市A	2024-06-08
4905	李四004905	user004905@example.test	0900004905	城市B	2024-06-09
4906	王五004906	user004906@example.test	0900004906	城市C	2024-06-10
4907	趙六004907	user004907@example.test	0900004907	城市D	2024-06-11
4908	錢七004908	user004908@example.test	0900004908	城市E	2024-06-12
4909	孫八004909	user004909@example.test	0900004909	城市F	2024-06-13
4910	周九004910	user004910@example.test	0900004910	城市G	2024-06-14
5001	李四005001	user005001@example.test	0900005001	城市B	2024-09-13
5002	王五005002	user005002@example.test	0900005002	城市C	2024-09-14
5003	趙六005003	user005003@example.test	0900005003	城市D	2024-09-15
5004	錢七005004	user005004@example.test	0900005004	城市E	2024-09-16
5005	孫八005005	user005005@example.test	0900005005	城市F	2024-09-17
5006	周九005006	user005006@example.test	0900005006	城市G	2024-09-18
5007	吳十005007	user005007@example.test	0900005007	城市H	2024-09-19
5008	張三005008	user005008@example.test	0900005008	城市A	2024-09-20
5009	李四005009	user005009@example.test	0900005009	城市B	2024-09-21
5010	王五005010	user005010@example.test	0900005010	城市C	2024-09-22
5101	孫八005101	user005101@example.test	0900005101	城市F	2024-12-22
5102	周九005102	user005102@example.test	0900005102	城市G	2024-12-23
5103	吳十005103	user005103@example.test	0900005103	城市H	2024-12-24
5104	張三005104	user005104@example.test	0900005104	城市A	2024-12-25
5105	李四005105	user005105@example.test	0900005105	城市B	2024-12-26
5106	王五005106	user005106@example.test	0900005106	城市C	2024-12-27
5107	趙六005107	user005107@example.test	0900005107	城市D	2024-12-28
5108	錢七005108	user005108@example.test	0900005108	城市E	2024-12-29
5109	孫八005109	user005109@example.test	0900005109	城市F	2024-12-30
5110	周九005110	user005110@example.test	0900005110	城市G	2024-12-31
5201	李四005201	user005201@example.test	0900005201	城市B	2025-04-01
5202	王五005202	user005202@example.test	0900005202	城市C	2025-04-02
5203	趙六005203	user005203@example.test	0900005203	城市D	2025-04-03
5204	錢七005204	user005204@example.test	0900005204	城市E	2025-04-04
5205	孫八005205	user005205@example.test	0900005205	城市F	2025-04-05
5206	周九005206	user005206@example.test	0900005206	城市G	2025-04-06
5207	吳十005207	user005207@example.test	0900005207	城市H	2025-04-07
5208	張三005208	user005208@example.test	0900005208	城市A	2025-04-08
5209	李四005209	user005209@example.test	0900005209	城市B	2025-04-09
5210	王五005210	user005210@example.test	0900005210	城市C	2025-04-10
5301	孫八005301	user005301@example.test	0900005301	城市F	2025-07-10
5302	周九005302	user005302@example.test	0900005302	城市G	2025-07-11
5303	吳十005303	user005303@example.test	0900005303	城市H	2025-07-12
5304	張三005304	user005304@example.test	0900005304	城市A	2025-07-13
5305	李四005305	user005305@example.test	0900005305	城市B	2025-07-14
5306	王五005306	user005306@example.test	0900005306	城市C	2025-07-15
5307	趙六005307	user005307@example.test	0900005307	城市D	2025-07-16
5308	錢七005308	user005308@example.test	0900005308	城市E	2025-07-17
5309	孫八005309	user005309@example.test	0900005309	城市F	2025-07-18
5310	周九005310	user005310@example.test	0900005310	城市G	2025-07-19
5401	李四005401	user005401@example.test	0900005401	城市B	2025-10-18
5402	王五005402	user005402@example.test	0900005402	城市C	2025-10-19
5403	趙六005403	user005403@example.test	0900005403	城市D	2025-10-20
5404	錢七005404	user005404@example.test	0900005404	城市E	2025-10-21
5405	孫八005405	user005405@example.test	0900005405	城市F	2025-10-22
5406	周九005406	user005406@example.test	0900005406	城市G	2025-10-23
5407	吳十005407	user005407@example.test	0900005407	城市H	2025-10-24
5408	張三005408	user005408@example.test	0900005408	城市A	2025-10-25
5409	李四005409	user005409@example.test	0900005409	城市B	2025-10-26
5410	王五005410	user005410@example.test	0900005410	城市C	2025-10-27
5501	孫八005501	user005501@example.test	0900005501	城市F	2023-01-27
5502	周九005502	user005502@example.test	0900005502	城市G	2023-01-28
5503	吳十005503	user005503@example.test	0900005503	城市H	2023-01-29
5504	張三005504	user005504@example.test	0900005504	城市A	2023-01-30
5505	李四005505	user005505@example.test	0900005505	城市B	2023-01-31
5506	王五005506	user005506@example.test	0900005506	城市C	2023-02-01
5507	趙六005507	user005507@example.test	0900005507	城市D	2023-02-02
5508	錢七005508	user005508@example.test	0900005508	城市E	2023-02-03
5509	孫八005509	user005509@example.test	0900005509	城市F	2023-02-04
5510	周九005510	user005510@example.test	0900005510	城市G	2023-02-05
5601	李四005601	user005601@example.test	0900005601	城市B	2023-05-07
5602	王五005602	user005602@example.test	0900005602	城市C	2023-05-08
5603	趙六005603	user005603@example.test	0900005603	城市D	2023-05-09
5604	錢七005604	user005604@example.test	0900005604	城市E	2023-05-10
5605	孫八005605	user005605@example.test	0900005605	城市F	2023-05-11
5606	周九005606	user005606@example.test	0900005606	城市G	2023-05-12
5607	吳十005607	user005607@example.test	0900005607	城市H	2023-05-13
5608	張三005608	user005608@example.test	0900005608	城市A	2023-05-14
5609	李四005609	user005609@example.test	0900005609	城市B	2023-05-15
5610	王五005610	user005610@example.test	0900005610	城市C	2023-05-16
5701	孫八005701	user005701@example.test	0900005701	城市F	2023-08-15
5702	周九005702	user005702@example.test	0900005702	城市G	2023-08-16
5703	吳十005703	user005703@example.test	0900005703	城市H	2023-08-17
5704	張三005704	user005704@example.test	0900005704	城市A	2023-08-18
5705	李四005705	user005705@example.test	0900005705	城市B	2023-08-19
5706	王五005706	user005706@example.test	0900005706	城市C	2023-08-20
5707	趙六005707	user005707@example.test	0900005707	城市D	2023-08-21
5708	錢七005708	user005708@example.test	0900005708	城市E	2023-08-22
5709	孫八005709	user005709@example.test	0900005709	城市F	2023-08-23
5710	周九005710	user005710@example.test	0900005710	城市G	2023-08-24
5801	李四005801	user005801@example.test	0900005801	城市B	2023-11-23
5802	王五005802	user005802@example.test	0900005802	城市C	2023-11-24
5803	趙六005803	user005803@example.test	0900005803	城市D	2023-11-25
5804	錢七005804	user005804@example.test	0900005804	城市E	2023-11-26
5805	孫八005805	user005805@example.test	0900005805	城市F	2023-11-27
5806	周九005806	user005806@example.test	0900005806	城市G	2023-11-28
5807	吳十005807	user005807@example.test	0900005807	城市H	2023-11-29
5808	張三005808	user005808@example.test	0900005808	城市A	2023-11-30
5809	李四005809	user005809@example.test	0900005809	城市B	2023-12-01
5810	王五005810	user005810@example.test	0900005810	城市C	2023-12-02
5901	孫八005901	user005901@example.test	0900005901	城市F	2024-03-02
5902	周九005902	user005902@example.test	0900005902	城市G	2024-03-03
5903	吳十005903	user005903@example.test	0900005903	城市H	2024-03-04
5904	張三005904	user005904@example.test	0900005904	城市A	2024-03-05
5905	李四005905	user005905@example.test	0900005905	城市B	2024-03-06
5906	王五005906	user005906@example.test	0900005906	城市C	2024-03-07
5907	趙六005907	user005907@example.test	0900005907	城市D	2024-03-08
5908	錢七005908	user005908@example.test	0900005908	城市E	2024-03-09
5909	孫八005909	user005909@example.test	0900005909	城市F	2024-03-10
5910	周九005910	user005910@example.test	0900005910	城市G	2024-03-11
6001	李四006001	user006001@example.test	0900006001	城市B	2024-06-10
6002	王五006002	user006002@example.test	0900006002	城市C	2024-06-11
6003	趙六006003	user006003@example.test	0900006003	城市D	2024-06-12
6004	錢七006004	user006004@example.test	0900006004	城市E	2024-06-13
6005	孫八006005	user006005@example.test	0900006005	城市F	2024-06-14
6006	周九006006	user006006@example.test	0900006006	城市G	2024-06-15
6007	吳十006007	user006007@example.test	0900006007	城市H	2024-06-16
6008	張三006008	user006008@example.test	0900006008	城市A	2024-06-17
6009	李四006009	user006009@example.test	0900006009	城市B	2024-06-18
6010	王五006010	user006010@example.test	0900006010	城市C	2024-06-19
6101	孫八006101	user006101@example.test	0900006101	城市F	2024-09-18
6102	周九006102	user006102@example.test	0900006102	城市G	2024-09-19
6103	吳十006103	user006103@example.test	0900006103	城市H	2024-09-20
6104	張三006104	user006104@example.test	0900006104	城市A	2024-09-21
6105	李四006105	user006105@example.test	0900006105	城市B	2024-09-22
6106	王五006106	user006106@example.test	0900006106	城市C	2024-09-23
6107	趙六006107	user006107@example.test	0900006107	城市D	2024-09-24
6108	錢七006108	user006108@example.test	0900006108	城市E	2024-09-25
6109	孫八006109	user006109@example.test	0900006109	城市F	2024-09-26
6110	周九006110	user006110@example.test	0900006110	城市G	2024-09-27
6201	李四006201	user006201@example.test	0900006201	城市B	2024-12-27
6202	王五006202	user006202@example.test	0900006202	城市C	2024-12-28
6203	趙六006203	user006203@example.test	0900006203	城市D	2024-12-29
6204	錢七006204	user006204@example.test	0900006204	城市E	2024-12-30
6205	孫八006205	user006205@example.test	0900006205	城市F	2024-12-31
6206	周九006206	user006206@example.test	0900006206	城市G	2025-01-01
6207	吳十006207	user006207@example.test	0900006207	城市H	2025-01-02
6208	張三006208	user006208@example.test	0900006208	城市A	2025-01-03
6209	李四006209	user006209@example.test	0900006209	城市B	2025-01-04
6210	王五006210	user006210@example.test	0900006210	城市C	2025-01-05
6301	孫八006301	user006301@example.test	0900006301	城市F	2025-04-06
6302	周九006302	user006302@example.test	0900006302	城市G	2025-04-07
6303	吳十006303	user006303@example.test	0900006303	城市H	2025-04-08
6304	張三006304	user006304@example.test	0900006304	城市A	2025-04-09
6305	李四006305	user006305@example.test	0900006305	城市B	2025-04-10
6306	王五006306	user006306@example.test	0900006306	城市C	2025-04-11
6307	趙六006307	user006307@example.test	0900006307	城市D	2025-04-12
6308	錢七006308	user006308@example.test	0900006308	城市E	2025-04-13
6309	孫八006309	user006309@example.test	0900006309	城市F	2025-04-14
6310	周九006310	user006310@example.test	0900006310	城市G	2025-04-15
6401	李四006401	user006401@example.test	0900006401	城市B	2025-07-15
6402	王五006402	user006402@example.test	0900006402	城市C	2025-07-16
6403	趙六006403	user006403@example.test	0900006403	城市D	2025-07-17
6404	錢七006404	user006404@example.test	0900006404	城市E	2025-07-18
6405	孫八006405	user006405@example.test	0900006405	城市F	2025-07-19
6406	周九006406	user006406@example.test	0900006406	城市G	2025-07-20
6407	吳十006407	user006407@example.test	0900006407	城市H	2025-07-21
6408	張三006408	user006408@example.test	0900006408	城市A	2025-07-22
6409	李四006409	user006409@example.test	0900006409	城市B	2025-07-23
6410	王五006410	user006410@example.test	0900006410	城市C	2025-07-24
6501	孫八006501	user006501@example.test	0900006501	城市F	2025-10-23
6502	周九006502	user006502@example.test	0900006502	城市G	2025-10-24
6503	吳十006503	user006503@example.test	0900006503	城市H	2025-10-25
6504	張三006504	user006504@example.test	0900006504	城市A	2025-10-26
6505	李四006505	user006505@example.test	0900006505	城市B	2025-10-27
6506	王五006506	user006506@example.test	0900006506	城市C	2025-10-28
6507	趙六006507	user006507@example.test	0900006507	城市D	2025-10-29
6508	錢七006508	user006508@example.test	0900006508	城市E	2025-10-30
6509	孫八006509	user006509@example.test	0900006509	城市F	2025-10-31
6510	周九006510	user006510@example.test	0900006510	城市G	2025-11-01
6601	李四006601	user006601@example.test	0900006601	城市B	2023-02-01
6602	王五006602	user006602@example.test	0900006602	城市C	2023-02-02
6603	趙六006603	user006603@example.test	0900006603	城市D	2023-02-03
6604	錢七006604	user006604@example.test	0900006604	城市E	2023-02-04
6605	孫八006605	user006605@example.test	0900006605	城市F	2023-02-05
6606	周九006606	user006606@example.test	0900006606	城市G	2023-02-06
6607	吳十006607	user006607@example.test	0900006607	城市H	2023-02-07
6608	張三006608	user006608@example.test	0900006608	城市A	2023-02-08
6609	李四006609	user006609@example.test	0900006609	城市B	2023-02-09
6610	王五006610	user006610@example.test	0900006610	城市C	2023-02-10
6701	孫八006701	user006701@example.test	0900006701	城市F	2023-05-12
6702	周九006702	user006702@example.test	0900006702	城市G	2023-05-13
6703	吳十006703	user006703@example.test	0900006703	城市H	2023-05-14
6704	張三006704	user006704@example.test	0900006704	城市A	2023-05-15
6705	李四006705	user006705@example.test	0900006705	城市B	2023-05-16
6706	王五006706	user006706@example.test	0900006706	城市C	2023-05-17
6707	趙六006707	user006707@example.test	0900006707	城市D	2023-05-18
6708	錢七006708	user006708@example.test	0900006708	城市E	2023-05-19
6709	孫八006709	user006709@example.test	0900006709	城市F	2023-05-20
6710	周九006710	user006710@example.test	0900006710	城市G	2023-05-21
6801	李四006801	user006801@example.test	0900006801	城市B	2023-08-20
6802	王五006802	user006802@example.test	0900006802	城市C	2023-08-21
6803	趙六006803	user006803@example.test	0900006803	城市D	2023-08-22
6804	錢七006804	user006804@example.test	0900006804	城市E	2023-08-23
6805	孫八006805	user006805@example.test	0900006805	城市F	2023-08-24
6806	周九006806	user006806@example.test	0900006806	城市G	2023-08-25
6807	吳十006807	user006807@example.test	0900006807	城市H	2023-08-26
6808	張三006808	user006808@example.test	0900006808	城市A	2023-08-27
6809	李四006809	user006809@example.test	0900006809	城市B	2023-08-28
6810	王五006810	user006810@example.test	0900006810	城市C	2023-08-29
6901	孫八006901	user006901@example.test	0900006901	城市F	2023-11-28
6902	周九006902	user006902@example.test	0900006902	城市G	2023-11-29
6903	吳十006903	user006903@example.test	0900006903	城市H	2023-11-30
6904	張三006904	user006904@example.test	0900006904	城市A	2023-12-01
6905	李四006905	user006905@example.test	0900006905	城市B	2023-12-02
6906	王五006906	user006906@example.test	0900006906	城市C	2023-12-03
6907	趙六006907	user006907@example.test	0900006907	城市D	2023-12-04
6908	錢七006908	user006908@example.test	0900006908	城市E	2023-12-05
6909	孫八006909	user006909@example.test	0900006909	城市F	2023-12-06
6910	周九006910	user006910@example.test	0900006910	城市G	2023-12-07
7001	李四007001	user007001@example.test	0900007001	城市B	2024-03-07
7002	王五007002	user007002@example.test	0900007002	城市C	2024-03-08
7003	趙六007003	user007003@example.test	0900007003	城市D	2024-03-09
7004	錢七007004	user007004@example.test	0900007004	城市E	2024-03-10
7005	孫八007005	user007005@example.test	0900007005	城市F	2024-03-11
7006	周九007006	user007006@example.test	0900007006	城市G	2024-03-12
7007	吳十007007	user007007@example.test	0900007007	城市H	2024-03-13
7008	張三007008	user007008@example.test	0900007008	城市A	2024-03-14
7009	李四007009	user007009@example.test	0900007009	城市B	2024-03-15
7010	王五007010	user007010@example.test	0900007010	城市C	2024-03-16
7101	孫八007101	user007101@example.test	0900007101	城市F	2024-06-15
7102	周九007102	user007102@example.test	0900007102	城市G	2024-06-16
7103	吳十007103	user007103@example.test	0900007103	城市H	2024-06-17
7104	張三007104	user007104@example.test	0900007104	城市A	2024-06-18
7105	李四007105	user007105@example.test	0900007105	城市B	2024-06-19
7106	王五007106	user007106@example.test	0900007106	城市C	2024-06-20
7107	趙六007107	user007107@example.test	0900007107	城市D	2024-06-21
7108	錢七007108	user007108@example.test	0900007108	城市E	2024-06-22
7109	孫八007109	user007109@example.test	0900007109	城市F	2024-06-23
7110	周九007110	user007110@example.test	0900007110	城市G	2024-06-24
7201	李四007201	user007201@example.test	0900007201	城市B	2024-09-23
7202	王五007202	user007202@example.test	0900007202	城市C	2024-09-24
7203	趙六007203	user007203@example.test	0900007203	城市D	2024-09-25
7204	錢七007204	user007204@example.test	0900007204	城市E	2024-09-26
7205	孫八007205	user007205@example.test	0900007205	城市F	2024-09-27
7206	周九007206	user007206@example.test	0900007206	城市G	2024-09-28
7207	吳十007207	user007207@example.test	0900007207	城市H	2024-09-29
7208	張三007208	user007208@example.test	0900007208	城市A	2024-09-30
7209	李四007209	user007209@example.test	0900007209	城市B	2024-10-01
7210	王五007210	user007210@example.test	0900007210	城市C	2024-10-02
7301	孫八007301	user007301@example.test	0900007301	城市F	2025-01-01
7302	周九007302	user007302@example.test	0900007302	城市G	2025-01-02
7303	吳十007303	user007303@example.test	0900007303	城市H	2025-01-03
7304	張三007304	user007304@example.test	0900007304	城市A	2025-01-04
7305	李四007305	user007305@example.test	0900007305	城市B	2025-01-05
7306	王五007306	user007306@example.test	0900007306	城市C	2025-01-06
7307	趙六007307	user007307@example.test	0900007307	城市D	2025-01-07
7308	錢七007308	user007308@example.test	0900007308	城市E	2025-01-08
7309	孫八007309	user007309@example.test	0900007309	城市F	2025-01-09
7310	周九007310	user007310@example.test	0900007310	城市G	2025-01-10
7401	李四007401	user007401@example.test	0900007401	城市B	2025-04-11
7402	王五007402	user007402@example.test	0900007402	城市C	2025-04-12
7403	趙六007403	user007403@example.test	0900007403	城市D	2025-04-13
7404	錢七007404	user007404@example.test	0900007404	城市E	2025-04-14
7405	孫八007405	user007405@example.test	0900007405	城市F	2025-04-15
7406	周九007406	user007406@example.test	0900007406	城市G	2025-04-16
7407	吳十007407	user007407@example.test	0900007407	城市H	2025-04-17
7408	張三007408	user007408@example.test	0900007408	城市A	2025-04-18
7409	李四007409	user007409@example.test	0900007409	城市B	2025-04-19
7410	王五007410	user007410@example.test	0900007410	城市C	2025-04-20
7501	孫八007501	user007501@example.test	0900007501	城市F	2025-07-20
7502	周九007502	user007502@example.test	0900007502	城市G	2025-07-21
7503	吳十007503	user007503@example.test	0900007503	城市H	2025-07-22
7504	張三007504	user007504@example.test	0900007504	城市A	2025-07-23
7505	李四007505	user007505@example.test	0900007505	城市B	2025-07-24
7506	王五007506	user007506@example.test	0900007506	城市C	2025-07-25
7507	趙六007507	user007507@example.test	0900007507	城市D	2025-07-26
7508	錢七007508	user007508@example.test	0900007508	城市E	2025-07-27
7509	孫八007509	user007509@example.test	0900007509	城市F	2025-07-28
7510	周九007510	user007510@example.test	0900007510	城市G	2025-07-29
7601	李四007601	user007601@example.test	0900007601	城市B	2025-10-28
7602	王五007602	user007602@example.test	0900007602	城市C	2025-10-29
7603	趙六007603	user007603@example.test	0900007603	城市D	2025-10-30
7604	錢七007604	user007604@example.test	0900007604	城市E	2025-10-31
7605	孫八007605	user007605@example.test	0900007605	城市F	2025-11-01
7606	周九007606	user007606@example.test	0900007606	城市G	2025-11-02
7607	吳十007607	user007607@example.test	0900007607	城市H	2025-11-03
7608	張三007608	user007608@example.test	0900007608	城市A	2025-11-04
7609	李四007609	user007609@example.test	0900007609	城市B	2025-11-05
7610	王五007610	user007610@example.test	0900007610	城市C	2025-11-06
7701	孫八007701	user007701@example.test	0900007701	城市F	2023-02-06
7702	周九007702	user007702@example.test	0900007702	城市G	2023-02-07
7703	吳十007703	user007703@example.test	0900007703	城市H	2023-02-08
7704	張三007704	user007704@example.test	0900007704	城市A	2023-02-09
7705	李四007705	user007705@example.test	0900007705	城市B	2023-02-10
7706	王五007706	user007706@example.test	0900007706	城市C	2023-02-11
7707	趙六007707	user007707@example.test	0900007707	城市D	2023-02-12
7708	錢七007708	user007708@example.test	0900007708	城市E	2023-02-13
7709	孫八007709	user007709@example.test	0900007709	城市F	2023-02-14
7710	周九007710	user007710@example.test	0900007710	城市G	2023-02-15
7801	李四007801	user007801@example.test	0900007801	城市B	2023-05-17
7802	王五007802	user007802@example.test	0900007802	城市C	2023-05-18
7803	趙六007803	user007803@example.test	0900007803	城市D	2023-05-19
7804	錢七007804	user007804@example.test	0900007804	城市E	2023-05-20
7805	孫八007805	user007805@example.test	0900007805	城市F	2023-05-21
7806	周九007806	user007806@example.test	0900007806	城市G	2023-05-22
7807	吳十007807	user007807@example.test	0900007807	城市H	2023-05-23
7808	張三007808	user007808@example.test	0900007808	城市A	2023-05-24
7809	李四007809	user007809@example.test	0900007809	城市B	2023-05-25
7810	王五007810	user007810@example.test	0900007810	城市C	2023-05-26
7901	孫八007901	user007901@example.test	0900007901	城市F	2023-08-25
7902	周九007902	user007902@example.test	0900007902	城市G	2023-08-26
7903	吳十007903	user007903@example.test	0900007903	城市H	2023-08-27
7904	張三007904	user007904@example.test	0900007904	城市A	2023-08-28
7905	李四007905	user007905@example.test	0900007905	城市B	2023-08-29
7906	王五007906	user007906@example.test	0900007906	城市C	2023-08-30
7907	趙六007907	user007907@example.test	0900007907	城市D	2023-08-31
7908	錢七007908	user007908@example.test	0900007908	城市E	2023-09-01
7909	孫八007909	user007909@example.test	0900007909	城市F	2023-09-02
7910	周九007910	user007910@example.test	0900007910	城市G	2023-09-03
8001	李四008001	user008001@example.test	0900008001	城市B	2023-12-03
8002	王五008002	user008002@example.test	0900008002	城市C	2023-12-04
8003	趙六008003	user008003@example.test	0900008003	城市D	2023-12-05
8004	錢七008004	user008004@example.test	0900008004	城市E	2023-12-06
8005	孫八008005	user008005@example.test	0900008005	城市F	2023-12-07
8006	周九008006	user008006@example.test	0900008006	城市G	2023-12-08
8007	吳十008007	user008007@example.test	0900008007	城市H	2023-12-09
8008	張三008008	user008008@example.test	0900008008	城市A	2023-12-10
8009	李四008009	user008009@example.test	0900008009	城市B	2023-12-11
8010	王五008010	user008010@example.test	0900008010	城市C	2023-12-12
8101	孫八008101	user008101@example.test	0900008101	城市F	2024-03-12
8102	周九008102	user008102@example.test	0900008102	城市G	2024-03-13
8103	吳十008103	user008103@example.test	0900008103	城市H	2024-03-14
8104	張三008104	user008104@example.test	0900008104	城市A	2024-03-15
8105	李四008105	user008105@example.test	0900008105	城市B	2024-03-16
8106	王五008106	user008106@example.test	0900008106	城市C	2024-03-17
8107	趙六008107	user008107@example.test	0900008107	城市D	2024-03-18
8108	錢七008108	user008108@example.test	0900008108	城市E	2024-03-19
8109	孫八008109	user008109@example.test	0900008109	城市F	2024-03-20
8110	周九008110	user008110@example.test	0900008110	城市G	2024-03-21
8201	李四008201	user008201@example.test	0900008201	城市B	2024-06-20
8202	王五008202	user008202@example.test	0900008202	城市C	2024-06-21
8203	趙六008203	user008203@example.test	0900008203	城市D	2024-06-22
8204	錢七008204	user008204@example.test	0900008204	城市E	2024-06-23
8205	孫八008205	user008205@example.test	0900008205	城市F	2024-06-24
8206	周九008206	user008206@example.test	0900008206	城市G	2024-06-25
8207	吳十008207	user008207@example.test	0900008207	城市H	2024-06-26
8208	張三008208	user008208@example.test	0900008208	城市A	2024-06-27
8209	李四008209	user008209@example.test	0900008209	城市B	2024-06-28
8210	王五008210	user008210@example.test	0900008210	城市C	2024-06-29
8301	孫八008301	user008301@example.test	0900008301	城市F	2024-09-28
8302	周九008302	user008302@example.test	0900008302	城市G	2024-09-29
8303	吳十008303	user008303@example.test	0900008303	城市H	2024-09-30
8304	張三008304	user008304@example.test	0900008304	城市A	2024-10-01
8305	李四008305	user008305@example.test	0900008305	城市B	2024-10-02
8306	王五008306	user008306@example.test	0900008306	城市C	2024-10-03
8307	趙六008307	user008307@example.test	0900008307	城市D	2024-10-04
8308	錢七008308	user008308@example.test	0900008308	城市E	2024-10-05
8309	孫八008309	user008309@example.test	0900008309	城市F	2024-10-06
8310	周九008310	user008310@example.test	0900008310	城市G	2024-10-07
8401	李四008401	user008401@example.test	0900008401	城市B	2025-01-06
8402	王五008402	user008402@example.test	0900008402	城市C	2025-01-07
8403	趙六008403	user008403@example.test	0900008403	城市D	2025-01-08
8404	錢七008404	user008404@example.test	0900008404	城市E	2025-01-09
8405	孫八008405	user008405@example.test	0900008405	城市F	2025-01-10
8406	周九008406	user008406@example.test	0900008406	城市G	2025-01-11
8407	吳十008407	user008407@example.test	0900008407	城市H	2025-01-12
8408	張三008408	user008408@example.test	0900008408	城市A	2025-01-13
8409	李四008409	user008409@example.test	0900008409	城市B	2025-01-14
8410	王五008410	user008410@example.test	0900008410	城市C	2025-01-15
8501	孫八008501	user008501@example.test	0900008501	城市F	2025-04-16
8502	周九008502	user008502@example.test	0900008502	城市G	2025-04-17
8503	吳十008503	user008503@example.test	0900008503	城市H	2025-04-18
8504	張三008504	user008504@example.test	0900008504	城市A	2025-04-19
8505	李四008505	user008505@example.test	0900008505	城市B	2025-04-20
8506	王五008506	user008506@example.test	0900008506	城市C	2025-04-21
8507	趙六008507	user008507@example.test	0900008507	城市D	2025-04-22
8508	錢七008508	user008508@example.test	0900008508	城市E	2025-04-23
8509	孫八008509	user008509@example.test	0900008509	城市F	2025-04-24
8510	周九008510	user008510@example.test	0900008510	城市G	2025-04-25
8601	李四008601	user008601@example.test	0900008601	城市B	2025-07-25
8602	王五008602	user008602@example.test	0900008602	城市C	2025-07-26
8603	趙六008603	user008603@example.test	0900008603	城市D	2025-07-27
8604	錢七008604	user008604@example.test	0900008604	城市E	2025-07-28
8605	孫八008605	user008605@example.test	0900008605	城市F	2025-07-29
8606	周九008606	user008606@example.test	0900008606	城市G	2025-07-30
8607	吳十008607	user008607@example.test	0900008607	城市H	2025-07-31
8608	張三008608	user008608@example.test	0900008608	城市A	2025-08-01
8609	李四008609	user008609@example.test	0900008609	城市B	2025-08-02
8610	王五008610	user008610@example.test	0900008610	城市C	2025-08-03
8701	孫八008701	user008701@example.test	0900008701	城市F	2025-11-02
8702	周九008702	user008702@example.test	0900008702	城市G	2025-11-03
8703	吳十008703	user008703@example.test	0900008703	城市H	2025-11-04
8704	張三008704	user008704@example.test	0900008704	城市A	2025-11-05
8705	李四008705	user008705@example.test	0900008705	城市B	2025-11-06
8706	王五008706	user008706@example.test	0900008706	城市C	2025-11-07
8707	趙六008707	user008707@example.test	0900008707	城市D	2025-11-08
8708	錢七008708	user008708@example.test	0900008708	城市E	2025-11-09
8709	孫八008709	user008709@example.test	0900008709	城市F	2025-11-10
8710	周九008710	user008710@example.test	0900008710	城市G	2025-11-11
8801	李四008801	user008801@example.test	0900008801	城市B	2023-02-11
8802	王五008802	user008802@example.test	0900008802	城市C	2023-02-12
8803	趙六008803	user008803@example.test	0900008803	城市D	2023-02-13
8804	錢七008804	user008804@example.test	0900008804	城市E	2023-02-14
8805	孫八008805	user008805@example.test	0900008805	城市F	2023-02-15
8806	周九008806	user008806@example.test	0900008806	城市G	2023-02-16
8807	吳十008807	user008807@example.test	0900008807	城市H	2023-02-17
8808	張三008808	user008808@example.test	0900008808	城市A	2023-02-18
8809	李四008809	user008809@example.test	0900008809	城市B	2023-02-19
8810	王五008810	user008810@example.test	0900008810	城市C	2023-02-20
8901	孫八008901	user008901@example.test	0900008901	城市F	2023-05-22
8902	周九008902	user008902@example.test	0900008902	城市G	2023-05-23
8903	吳十008903	user008903@example.test	0900008903	城市H	2023-05-24
8904	張三008904	user008904@example.test	0900008904	城市A	2023-05-25
8905	李四008905	user008905@example.test	0900008905	城市B	2023-05-26
8906	王五008906	user008906@example.test	0900008906	城市C	2023-05-27
8907	趙六008907	user008907@example.test	0900008907	城市D	2023-05-28
8908	錢七008908	user008908@example.test	0900008908	城市E	2023-05-29
8909	孫八008909	user008909@example.test	0900008909	城市F	2023-05-30
8910	周九008910	user008910@example.test	0900008910	城市G	2023-05-31
9001	李四009001	user009001@example.test	0900009001	城市B	2023-08-30
9002	王五009002	user009002@example.test	0900009002	城市C	2023-08-31
9003	趙六009003	user009003@example.test	0900009003	城市D	2023-09-01
9004	錢七009004	user009004@example.test	0900009004	城市E	2023-09-02
9005	孫八009005	user009005@example.test	0900009005	城市F	2023-09-03
9006	周九009006	user009006@example.test	0900009006	城市G	2023-09-04
9007	吳十009007	user009007@example.test	0900009007	城市H	2023-09-05
9008	張三009008	user009008@example.test	0900009008	城市A	2023-09-06
9009	李四009009	user009009@example.test	0900009009	城市B	2023-09-07
9010	王五009010	user009010@example.test	0900009010	城市C	2023-09-08
9101	孫八009101	user009101@example.test	0900009101	城市F	2023-12-08
9102	周九009102	user009102@example.test	0900009102	城市G	2023-12-09
9103	吳十009103	user009103@example.test	0900009103	城市H	2023-12-10
9104	張三009104	user009104@example.test	0900009104	城市A	2023-12-11
9105	李四009105	user009105@example.test	0900009105	城市B	2023-12-12
9106	王五009106	user009106@example.test	0900009106	城市C	2023-12-13
9107	趙六009107	user009107@example.test	0900009107	城市D	2023-12-14
9108	錢七009108	user009108@example.test	0900009108	城市E	2023-12-15
9109	孫八009109	user009109@example.test	0900009109	城市F	2023-12-16
9110	周九009110	user009110@example.test	0900009110	城市G	2023-12-17
9201	李四009201	user009201@example.test	0900009201	城市B	2024-03-17
9202	王五009202	user009202@example.test	0900009202	城市C	2024-03-18
9203	趙六009203	user009203@example.test	0900009203	城市D	2024-03-19
9204	錢七009204	user009204@example.test	0900009204	城市E	2024-03-20
9205	孫八009205	user009205@example.test	0900009205	城市F	2024-03-21
9206	周九009206	user009206@example.test	0900009206	城市G	2024-03-22
9207	吳十009207	user009207@example.test	0900009207	城市H	2024-03-23
9208	張三009208	user009208@example.test	0900009208	城市A	2024-03-24
9209	李四009209	user009209@example.test	0900009209	城市B	2024-03-25
9210	王五009210	user009210@example.test	0900009210	城市C	2024-03-26
9301	孫八009301	user009301@example.test	0900009301	城市F	2024-06-25
9302	周九009302	user009302@example.test	0900009302	城市G	2024-06-26
9303	吳十009303	user009303@example.test	0900009303	城市H	2024-06-27
9304	張三009304	user009304@example.test	0900009304	城市A	2024-06-28
9305	李四009305	user009305@example.test	0900009305	城市B	2024-06-29
9306	王五009306	user009306@example.test	0900009306	城市C	2024-06-30
9307	趙六009307	user009307@example.test	0900009307	城市D	2024-07-01
9308	錢七009308	user009308@example.test	0900009308	城市E	2024-07-02
9309	孫八009309	user009309@example.test	0900009309	城市F	2024-07-03
9310	周九009310	user009310@example.test	0900009310	城市G	2024-07-04
9401	李四009401	user009401@example.test	0900009401	城市B	2024-10-03
9402	王五009402	user009402@example.test	0900009402	城市C	2024-10-04
9403	趙六009403	user009403@example.test	0900009403	城市D	2024-10-05
9404	錢七009404	user009404@example.test	0900009404	城市E	2024-10-06
9405	孫八009405	user009405@example.test	0900009405	城市F	2024-10-07
9406	周九009406	user009406@example.test	0900009406	城市G	2024-10-08
9407	吳十009407	user009407@example.test	0900009407	城市H	2024-10-09
9408	張三009408	user009408@example.test	0900009408	城市A	2024-10-10
9409	李四009409	user009409@example.test	0900009409	城市B	2024-10-11
9410	王五009410	user009410@example.test	0900009410	城市C	2024-10-12
9501	孫八009501	user009501@example.test	0900009501	城市F	2025-01-11
9502	周九009502	user009502@example.test	0900009502	城市G	2025-01-12
9503	吳十009503	user009503@example.test	0900009503	城市H	2025-01-13
9504	張三009504	user009504@example.test	0900009504	城市A	2025-01-14
9505	李四009505	user009505@example.test	0900009505	城市B	2025-01-15
9506	王五009506	user009506@example.test	0900009506	城市C	2025-01-16
9507	趙六009507	user009507@example.test	0900009507	城市D	2025-01-17
9508	錢七009508	user009508@example.test	0900009508	城市E	2025-01-18
9509	孫八009509	user009509@example.test	0900009509	城市F	2025-01-19
9510	周九009510	user009510@example.test	0900009510	城市G	2025-01-20
9601	李四009601	user009601@example.test	0900009601	城市B	2025-04-21
9602	王五009602	user009602@example.test	0900009602	城市C	2025-04-22
9603	趙六009603	user009603@example.test	0900009603	城市D	2025-04-23
9604	錢七009604	user009604@example.test	0900009604	城市E	2025-04-24
9605	孫八009605	user009605@example.test	0900009605	城市F	2025-04-25
9606	周九009606	user009606@example.test	0900009606	城市G	2025-04-26
9607	吳十009607	user009607@example.test	0900009607	城市H	2025-04-27
9608	張三009608	user009608@example.test	0900009608	城市A	2025-04-28
9609	李四009609	user009609@example.test	0900009609	城市B	2025-04-29
9610	王五009610	user009610@example.test	0900009610	城市C	2025-04-30
9701	孫八009701	user009701@example.test	0900009701	城市F	2025-07-30
9702	周九009702	user009702@example.test	0900009702	城市G	2025-07-31
9703	吳十009703	user009703@example.test	0900009703	城市H	2025-08-01
9704	張三009704	user009704@example.test	0900009704	城市A	2025-08-02
9705	李四009705	user009705@example.test	0900009705	城市B	2025-08-03
9706	王五009706	user009706@example.test	0900009706	城市C	2025-08-04
9707	趙六009707	user009707@example.test	0900009707	城市D	2025-08-05
9708	錢七009708	user009708@example.test	0900009708	城市E	2025-08-06
9709	孫八009709	user009709@example.test	0900009709	城市F	2025-08-07
9710	周九009710	user009710@example.test	0900009710	城市G	2025-08-08
9801	李四009801	user009801@example.test	0900009801	城市B	2025-11-07
9802	王五009802	user009802@example.test	0900009802	城市C	2025-11-08
9803	趙六009803	user009803@example.test	0900009803	城市D	2025-11-09
9804	錢七009804	user009804@example.test	0900009804	城市E	2025-11-10
9805	孫八009805	user009805@example.test	0900009805	城市F	2025-11-11
9806	周九009806	user009806@example.test	0900009806	城市G	2025-11-12
9807	吳十009807	user009807@example.test	0900009807	城市H	2025-11-13
9808	張三009808	user009808@example.test	0900009808	城市A	2025-11-14
9809	李四009809	user009809@example.test	0900009809	城市B	2025-11-15
9810	王五009810	user009810@example.test	0900009810	城市C	2025-11-16
9901	孫八009901	user009901@example.test	0900009901	城市F	2023-02-16
9902	周九009902	user009902@example.test	0900009902	城市G	2023-02-17
9903	吳十009903	user009903@example.test	0900009903	城市H	2023-02-18
9904	張三009904	user009904@example.test	0900009904	城市A	2023-02-19
9905	李四009905	user009905@example.test	0900009905	城市B	2023-02-20
9906	王五009906	user009906@example.test	0900009906	城市C	2023-02-21
9907	趙六009907	user009907@example.test	0900009907	城市D	2023-02-22
9908	錢七009908	user009908@example.test	0900009908	城市E	2023-02-23
9909	孫八009909	user009909@example.test	0900009909	城市F	2023-02-24
9910	周九009910	user009910@example.test	0900009910	城市G	2023-02-25
10001	李四010001	user010001@example.test	0900010001	城市B	2023-05-27
10002	王五010002	user010002@example.test	0900010002	城市C	2023-05-28
10003	趙六010003	user010003@example.test	0900010003	城市D	2023-05-29
10004	錢七010004	user010004@example.test	0900010004	城市E	2023-05-30
10005	孫八010005	user010005@example.test	0900010005	城市F	2023-05-31
10006	周九010006	user010006@example.test	0900010006	城市G	2023-06-01
10007	吳十010007	user010007@example.test	0900010007	城市H	2023-06-02
10008	張三010008	user010008@example.test	0900010008	城市A	2023-06-03
10009	李四010009	user010009@example.test	0900010009	城市B	2023-06-04
10010	王五010010	user010010@example.test	0900010010	城市C	2023-06-05
10101	孫八010101	user010101@example.test	0900010101	城市F	2023-09-04
10102	周九010102	user010102@example.test	0900010102	城市G	2023-09-05
10103	吳十010103	user010103@example.test	0900010103	城市H	2023-09-06
10104	張三010104	user010104@example.test	0900010104	城市A	2023-09-07
10105	李四010105	user010105@example.test	0900010105	城市B	2023-09-08
10106	王五010106	user010106@example.test	0900010106	城市C	2023-09-09
10107	趙六010107	user010107@example.test	0900010107	城市D	2023-09-10
10108	錢七010108	user010108@example.test	0900010108	城市E	2023-09-11
10109	孫八010109	user010109@example.test	0900010109	城市F	2023-09-12
10110	周九010110	user010110@example.test	0900010110	城市G	2023-09-13
10201	李四010201	user010201@example.test	0900010201	城市B	2023-12-13
10202	王五010202	user010202@example.test	0900010202	城市C	2023-12-14
10203	趙六010203	user010203@example.test	0900010203	城市D	2023-12-15
10204	錢七010204	user010204@example.test	0900010204	城市E	2023-12-16
10205	孫八010205	user010205@example.test	0900010205	城市F	2023-12-17
10206	周九010206	user010206@example.test	0900010206	城市G	2023-12-18
10207	吳十010207	user010207@example.test	0900010207	城市H	2023-12-19
10208	張三010208	user010208@example.test	0900010208	城市A	2023-12-20
10209	李四010209	user010209@example.test	0900010209	城市B	2023-12-21
10210	王五010210	user010210@example.test	0900010210	城市C	2023-12-22
10301	孫八010301	user010301@example.test	0900010301	城市F	2024-03-22
10302	周九010302	user010302@example.test	0900010302	城市G	2024-03-23
10303	吳十010303	user010303@example.test	0900010303	城市H	2024-03-24
10304	張三010304	user010304@example.test	0900010304	城市A	2024-03-25
10305	李四010305	user010305@example.test	0900010305	城市B	2024-03-26
10306	王五010306	user010306@example.test	0900010306	城市C	2024-03-27
10307	趙六010307	user010307@example.test	0900010307	城市D	2024-03-28
10308	錢七010308	user010308@example.test	0900010308	城市E	2024-03-29
10309	孫八010309	user010309@example.test	0900010309	城市F	2024-03-30
10310	周九010310	user010310@example.test	0900010310	城市G	2024-03-31
10401	李四010401	user010401@example.test	0900010401	城市B	2024-06-30
10402	王五010402	user010402@example.test	0900010402	城市C	2024-07-01
10403	趙六010403	user010403@example.test	0900010403	城市D	2024-07-02
10404	錢七010404	user010404@example.test	0900010404	城市E	2024-07-03
10405	孫八010405	user010405@example.test	0900010405	城市F	2024-07-04
10406	周九010406	user010406@example.test	0900010406	城市G	2024-07-05
10407	吳十010407	user010407@example.test	0900010407	城市H	2024-07-06
10408	張三010408	user010408@example.test	0900010408	城市A	2024-07-07
10409	李四010409	user010409@example.test	0900010409	城市B	2024-07-08
10410	王五010410	user010410@example.test	0900010410	城市C	2024-07-09
10501	孫八010501	user010501@example.test	0900010501	城市F	2024-10-08
10502	周九010502	user010502@example.test	0900010502	城市G	2024-10-09
10503	吳十010503	user010503@example.test	0900010503	城市H	2024-10-10
10504	張三010504	user010504@example.test	0900010504	城市A	2024-10-11
10505	李四010505	user010505@example.test	0900010505	城市B	2024-10-12
10506	王五010506	user010506@example.test	0900010506	城市C	2024-10-13
10507	趙六010507	user010507@example.test	0900010507	城市D	2024-10-14
10508	錢七010508	user010508@example.test	0900010508	城市E	2024-10-15
10509	孫八010509	user010509@example.test	0900010509	城市F	2024-10-16
10510	周九010510	user010510@example.test	0900010510	城市G	2024-10-17
10601	李四010601	user010601@example.test	0900010601	城市B	2025-01-16
10602	王五010602	user010602@example.test	0900010602	城市C	2025-01-17
10603	趙六010603	user010603@example.test	0900010603	城市D	2025-01-18
10604	錢七010604	user010604@example.test	0900010604	城市E	2025-01-19
10605	孫八010605	user010605@example.test	0900010605	城市F	2025-01-20
10606	周九010606	user010606@example.test	0900010606	城市G	2025-01-21
10607	吳十010607	user010607@example.test	0900010607	城市H	2025-01-22
10608	張三010608	user010608@example.test	0900010608	城市A	2025-01-23
10609	李四010609	user010609@example.test	0900010609	城市B	2025-01-24
10610	王五010610	user010610@example.test	0900010610	城市C	2025-01-25
10701	孫八010701	user010701@example.test	0900010701	城市F	2025-04-26
10702	周九010702	user010702@example.test	0900010702	城市G	2025-04-27
10703	吳十010703	user010703@example.test	0900010703	城市H	2025-04-28
10704	張三010704	user010704@example.test	0900010704	城市A	2025-04-29
10705	李四010705	user010705@example.test	0900010705	城市B	2025-04-30
10706	王五010706	user010706@example.test	0900010706	城市C	2025-05-01
10707	趙六010707	user010707@example.test	0900010707	城市D	2025-05-02
10708	錢七010708	user010708@example.test	0900010708	城市E	2025-05-03
10709	孫八010709	user010709@example.test	0900010709	城市F	2025-05-04
10710	周九010710	user010710@example.test	0900010710	城市G	2025-05-05
10801	李四010801	user010801@example.test	0900010801	城市B	2025-08-04
10802	王五010802	user010802@example.test	0900010802	城市C	2025-08-05
10803	趙六010803	user010803@example.test	0900010803	城市D	2025-08-06
10804	錢七010804	user010804@example.test	0900010804	城市E	2025-08-07
10805	孫八010805	user010805@example.test	0900010805	城市F	2025-08-08
10806	周九010806	user010806@example.test	0900010806	城市G	2025-08-09
10807	吳十010807	user010807@example.test	0900010807	城市H	2025-08-10
10808	張三010808	user010808@example.test	0900010808	城市A	2025-08-11
10809	李四010809	user010809@example.test	0900010809	城市B	2025-08-12
10810	王五010810	user010810@example.test	0900010810	城市C	2025-08-13
10901	孫八010901	user010901@example.test	0900010901	城市F	2025-11-12
10902	周九010902	user010902@example.test	0900010902	城市G	2025-11-13
10903	吳十010903	user010903@example.test	0900010903	城市H	2025-11-14
10904	張三010904	user010904@example.test	0900010904	城市A	2025-11-15
10905	李四010905	user010905@example.test	0900010905	城市B	2025-11-16
10906	王五010906	user010906@example.test	0900010906	城市C	2025-11-17
10907	趙六010907	user010907@example.test	0900010907	城市D	2025-11-18
10908	錢七010908	user010908@example.test	0900010908	城市E	2025-11-19
10909	孫八010909	user010909@example.test	0900010909	城市F	2025-11-20
10910	周九010910	user010910@example.test	0900010910	城市G	2025-11-21
11001	李四011001	user011001@example.test	0900011001	城市B	2023-02-21
11002	王五011002	user011002@example.test	0900011002	城市C	2023-02-22
11003	趙六011003	user011003@example.test	0900011003	城市D	2023-02-23
11004	錢七011004	user011004@example.test	0900011004	城市E	2023-02-24
11005	孫八011005	user011005@example.test	0900011005	城市F	2023-02-25
11006	周九011006	user011006@example.test	0900011006	城市G	2023-02-26
11007	吳十011007	user011007@example.test	0900011007	城市H	2023-02-27
11008	張三011008	user011008@example.test	0900011008	城市A	2023-02-28
11009	李四011009	user011009@example.test	0900011009	城市B	2023-03-01
11010	王五011010	user011010@example.test	0900011010	城市C	2023-03-02
11101	孫八011101	user011101@example.test	0900011101	城市F	2023-06-01
11102	周九011102	user011102@example.test	0900011102	城市G	2023-06-02
11103	吳十011103	user011103@example.test	0900011103	城市H	2023-06-03
11104	張三011104	user011104@example.test	0900011104	城市A	2023-06-04
11105	李四011105	user011105@example.test	0900011105	城市B	2023-06-05
11106	王五011106	user011106@example.test	0900011106	城市C	2023-06-06
11107	趙六011107	user011107@example.test	0900011107	城市D	2023-06-07
11108	錢七011108	user011108@example.test	0900011108	城市E	2023-06-08
11109	孫八011109	user011109@example.test	0900011109	城市F	2023-06-09
11110	周九011110	user011110@example.test	0900011110	城市G	2023-06-10
11201	李四011201	user011201@example.test	0900011201	城市B	2023-09-09
11202	王五011202	user011202@example.test	0900011202	城市C	2023-09-10
11203	趙六011203	user011203@example.test	0900011203	城市D	2023-09-11
11204	錢七011204	user011204@example.test	0900011204	城市E	2023-09-12
11205	孫八011205	user011205@example.test	0900011205	城市F	2023-09-13
11206	周九011206	user011206@example.test	0900011206	城市G	2023-09-14
11207	吳十011207	user011207@example.test	0900011207	城市H	2023-09-15
11208	張三011208	user011208@example.test	0900011208	城市A	2023-09-16
11209	李四011209	user011209@example.test	0900011209	城市B	2023-09-17
11210	王五011210	user011210@example.test	0900011210	城市C	2023-09-18
11301	孫八011301	user011301@example.test	0900011301	城市F	2023-12-18
11302	周九011302	user011302@example.test	0900011302	城市G	2023-12-19
11303	吳十011303	user011303@example.test	0900011303	城市H	2023-12-20
11304	張三011304	user011304@example.test	0900011304	城市A	2023-12-21
11305	李四011305	user011305@example.test	0900011305	城市B	2023-12-22
11306	王五011306	user011306@example.test	0900011306	城市C	2023-12-23
11307	趙六011307	user011307@example.test	0900011307	城市D	2023-12-24
11308	錢七011308	user011308@example.test	0900011308	城市E	2023-12-25
11309	孫八011309	user011309@example.test	0900011309	城市F	2023-12-26
11310	周九011310	user011310@example.test	0900011310	城市G	2023-12-27
11401	李四011401	user011401@example.test	0900011401	城市B	2024-03-27
11402	王五011402	user011402@example.test	0900011402	城市C	2024-03-28
11403	趙六011403	user011403@example.test	0900011403	城市D	2024-03-29
11404	錢七011404	user011404@example.test	0900011404	城市E	2024-03-30
11405	孫八011405	user011405@example.test	0900011405	城市F	2024-03-31
11406	周九011406	user011406@example.test	0900011406	城市G	2024-04-01
11407	吳十011407	user011407@example.test	0900011407	城市H	2024-04-02
11408	張三011408	user011408@example.test	0900011408	城市A	2024-04-03
11409	李四011409	user011409@example.test	0900011409	城市B	2024-04-04
11410	王五011410	user011410@example.test	0900011410	城市C	2024-04-05
11501	孫八011501	user011501@example.test	0900011501	城市F	2024-07-05
11502	周九011502	user011502@example.test	0900011502	城市G	2024-07-06
11503	吳十011503	user011503@example.test	0900011503	城市H	2024-07-07
11504	張三011504	user011504@example.test	0900011504	城市A	2024-07-08
11505	李四011505	user011505@example.test	0900011505	城市B	2024-07-09
11506	王五011506	user011506@example.test	0900011506	城市C	2024-07-10
11507	趙六011507	user011507@example.test	0900011507	城市D	2024-07-11
11508	錢七011508	user011508@example.test	0900011508	城市E	2024-07-12
11509	孫八011509	user011509@example.test	0900011509	城市F	2024-07-13
11510	周九011510	user011510@example.test	0900011510	城市G	2024-07-14
11601	李四011601	user011601@example.test	0900011601	城市B	2024-10-13
11602	王五011602	user011602@example.test	0900011602	城市C	2024-10-14
11603	趙六011603	user011603@example.test	0900011603	城市D	2024-10-15
11604	錢七011604	user011604@example.test	0900011604	城市E	2024-10-16
11605	孫八011605	user011605@example.test	0900011605	城市F	2024-10-17
11606	周九011606	user011606@example.test	0900011606	城市G	2024-10-18
11607	吳十011607	user011607@example.test	0900011607	城市H	2024-10-19
11608	張三011608	user011608@example.test	0900011608	城市A	2024-10-20
11609	李四011609	user011609@example.test	0900011609	城市B	2024-10-21
11610	王五011610	user011610@example.test	0900011610	城市C	2024-10-22
11701	孫八011701	user011701@example.test	0900011701	城市F	2025-01-21
11702	周九011702	user011702@example.test	0900011702	城市G	2025-01-22
11703	吳十011703	user011703@example.test	0900011703	城市H	2025-01-23
11704	張三011704	user011704@example.test	0900011704	城市A	2025-01-24
11705	李四011705	user011705@example.test	0900011705	城市B	2025-01-25
11706	王五011706	user011706@example.test	0900011706	城市C	2025-01-26
11707	趙六011707	user011707@example.test	0900011707	城市D	2025-01-27
11708	錢七011708	user011708@example.test	0900011708	城市E	2025-01-28
11709	孫八011709	user011709@example.test	0900011709	城市F	2025-01-29
11710	周九011710	user011710@example.test	0900011710	城市G	2025-01-30
11801	李四011801	user011801@example.test	0900011801	城市B	2025-05-01
11802	王五011802	user011802@example.test	0900011802	城市C	2025-05-02
11803	趙六011803	user011803@example.test	0900011803	城市D	2025-05-03
11804	錢七011804	user011804@example.test	0900011804	城市E	2025-05-04
11805	孫八011805	user011805@example.test	0900011805	城市F	2025-05-05
11806	周九011806	user011806@example.test	0900011806	城市G	2025-05-06
11807	吳十011807	user011807@example.test	0900011807	城市H	2025-05-07
11808	張三011808	user011808@example.test	0900011808	城市A	2025-05-08
11809	李四011809	user011809@example.test	0900011809	城市B	2025-05-09
11810	王五011810	user011810@example.test	0900011810	城市C	2025-05-10
11901	孫八011901	user011901@example.test	0900011901	城市F	2025-08-09
11902	周九011902	user011902@example.test	0900011902	城市G	2025-08-10
11903	吳十011903	user011903@example.test	0900011903	城市H	2025-08-11
11904	張三011904	user011904@example.test	0900011904	城市A	2025-08-12
11905	李四011905	user011905@example.test	0900011905	城市B	2025-08-13
11906	王五011906	user011906@example.test	0900011906	城市C	2025-08-14
11907	趙六011907	user011907@example.test	0900011907	城市D	2025-08-15
11908	錢七011908	user011908@example.test	0900011908	城市E	2025-08-16
11909	孫八011909	user011909@example.test	0900011909	城市F	2025-08-17
11910	周九011910	user011910@example.test	0900011910	城市G	2025-08-18
12001	李四012001	user012001@example.test	0900012001	城市B	2025-11-17
12002	王五012002	user012002@example.test	0900012002	城市C	2025-11-18
12003	趙六012003	user012003@example.test	0900012003	城市D	2025-11-19
12004	錢七012004	user012004@example.test	0900012004	城市E	2025-11-20
12005	孫八012005	user012005@example.test	0900012005	城市F	2025-11-21
12006	周九012006	user012006@example.test	0900012006	城市G	2025-11-22
12007	吳十012007	user012007@example.test	0900012007	城市H	2025-11-23
12008	張三012008	user012008@example.test	0900012008	城市A	2025-11-24
12009	李四012009	user012009@example.test	0900012009	城市B	2025-11-25
12010	王五012010	user012010@example.test	0900012010	城市C	2025-11-26
12101	孫八012101	user012101@example.test	0900012101	城市F	2023-02-26
12102	周九012102	user012102@example.test	0900012102	城市G	2023-02-27
12103	吳十012103	user012103@example.test	0900012103	城市H	2023-02-28
12104	張三012104	user012104@example.test	0900012104	城市A	2023-03-01
12105	李四012105	user012105@example.test	0900012105	城市B	2023-03-02
12106	王五012106	user012106@example.test	0900012106	城市C	2023-03-03
12107	趙六012107	user012107@example.test	0900012107	城市D	2023-03-04
12108	錢七012108	user012108@example.test	0900012108	城市E	2023-03-05
12109	孫八012109	user012109@example.test	0900012109	城市F	2023-03-06
12110	周九012110	user012110@example.test	0900012110	城市G	2023-03-07
12201	李四012201	user012201@example.test	0900012201	城市B	2023-06-06
12202	王五012202	user012202@example.test	0900012202	城市C	2023-06-07
12203	趙六012203	user012203@example.test	0900012203	城市D	2023-06-08
12204	錢七012204	user012204@example.test	0900012204	城市E	2023-06-09
12205	孫八012205	user012205@example.test	0900012205	城市F	2023-06-10
12206	周九012206	user012206@example.test	0900012206	城市G	2023-06-11
12207	吳十012207	user012207@example.test	0900012207	城市H	2023-06-12
12208	張三012208	user012208@example.test	0900012208	城市A	2023-06-13
12209	李四012209	user012209@example.test	0900012209	城市B	2023-06-14
12210	王五012210	user012210@example.test	0900012210	城市C	2023-06-15
12301	孫八012301	user012301@example.test	0900012301	城市F	2023-09-14
12302	周九012302	user012302@example.test	0900012302	城市G	2023-09-15
12303	吳十012303	user012303@example.test	0900012303	城市H	2023-09-16
12304	張三012304	user012304@example.test	0900012304	城市A	2023-09-17
12305	李四012305	user012305@example.test	0900012305	城市B	2023-09-18
12306	王五012306	user012306@example.test	0900012306	城市C	2023-09-19
12307	趙六012307	user012307@example.test	0900012307	城市D	2023-09-20
12308	錢七012308	user012308@example.test	0900012308	城市E	2023-09-21
12309	孫八012309	user012309@example.test	0900012309	城市F	2023-09-22
12310	周九012310	user012310@example.test	0900012310	城市G	2023-09-23
12401	李四012401	user012401@example.test	0900012401	城市B	2023-12-23
12402	王五012402	user012402@example.test	0900012402	城市C	2023-12-24
12403	趙六012403	user012403@example.test	0900012403	城市D	2023-12-25
12404	錢七012404	user012404@example.test	0900012404	城市E	2023-12-26
12405	孫八012405	user012405@example.test	0900012405	城市F	2023-12-27
12406	周九012406	user012406@example.test	0900012406	城市G	2023-12-28
12407	吳十012407	user012407@example.test	0900012407	城市H	2023-12-29
12408	張三012408	user012408@example.test	0900012408	城市A	2023-12-30
12409	李四012409	user012409@example.test	0900012409	城市B	2023-12-31
12410	王五012410	user012410@example.test	0900012410	城市C	2024-01-01
12501	孫八012501	user012501@example.test	0900012501	城市F	2024-04-01
12502	周九012502	user012502@example.test	0900012502	城市G	2024-04-02
12503	吳十012503	user012503@example.test	0900012503	城市H	2024-04-03
12504	張三012504	user012504@example.test	0900012504	城市A	2024-04-04
12505	李四012505	user012505@example.test	0900012505	城市B	2024-04-05
12506	王五012506	user012506@example.test	0900012506	城市C	2024-04-06
12507	趙六012507	user012507@example.test	0900012507	城市D	2024-04-07
12508	錢七012508	user012508@example.test	0900012508	城市E	2024-04-08
12509	孫八012509	user012509@example.test	0900012509	城市F	2024-04-09
12510	周九012510	user012510@example.test	0900012510	城市G	2024-04-10
12601	李四012601	user012601@example.test	0900012601	城市B	2024-07-10
12602	王五012602	user012602@example.test	0900012602	城市C	2024-07-11
12603	趙六012603	user012603@example.test	0900012603	城市D	2024-07-12
12604	錢七012604	user012604@example.test	0900012604	城市E	2024-07-13
12605	孫八012605	user012605@example.test	0900012605	城市F	2024-07-14
12606	周九012606	user012606@example.test	0900012606	城市G	2024-07-15
12607	吳十012607	user012607@example.test	0900012607	城市H	2024-07-16
12608	張三012608	user012608@example.test	0900012608	城市A	2024-07-17
12609	李四012609	user012609@example.test	0900012609	城市B	2024-07-18
12610	王五012610	user012610@example.test	0900012610	城市C	2024-07-19
12701	孫八012701	user012701@example.test	0900012701	城市F	2024-10-18
12702	周九012702	user012702@example.test	0900012702	城市G	2024-10-19
12703	吳十012703	user012703@example.test	0900012703	城市H	2024-10-20
12704	張三012704	user012704@example.test	0900012704	城市A	2024-10-21
12705	李四012705	user012705@example.test	0900012705	城市B	2024-10-22
12706	王五012706	user012706@example.test	0900012706	城市C	2024-10-23
12707	趙六012707	user012707@example.test	0900012707	城市D	2024-10-24
12708	錢七012708	user012708@example.test	0900012708	城市E	2024-10-25
12709	孫八012709	user012709@example.test	0900012709	城市F	2024-10-26
12710	周九012710	user012710@example.test	0900012710	城市G	2024-10-27
12801	李四012801	user012801@example.test	0900012801	城市B	2025-01-26
12802	王五012802	user012802@example.test	0900012802	城市C	2025-01-27
12803	趙六012803	user012803@example.test	0900012803	城市D	2025-01-28
12804	錢七012804	user012804@example.test	0900012804	城市E	2025-01-29
12805	孫八012805	user012805@example.test	0900012805	城市F	2025-01-30
12806	周九012806	user012806@example.test	0900012806	城市G	2025-01-31
12807	吳十012807	user012807@example.test	0900012807	城市H	2025-02-01
12808	張三012808	user012808@example.test	0900012808	城市A	2025-02-02
12809	李四012809	user012809@example.test	0900012809	城市B	2025-02-03
12810	王五012810	user012810@example.test	0900012810	城市C	2025-02-04
12901	孫八012901	user012901@example.test	0900012901	城市F	2025-05-06
12902	周九012902	user012902@example.test	0900012902	城市G	2025-05-07
12903	吳十012903	user012903@example.test	0900012903	城市H	2025-05-08
12904	張三012904	user012904@example.test	0900012904	城市A	2025-05-09
12905	李四012905	user012905@example.test	0900012905	城市B	2025-05-10
12906	王五012906	user012906@example.test	0900012906	城市C	2025-05-11
12907	趙六012907	user012907@example.test	0900012907	城市D	2025-05-12
12908	錢七012908	user012908@example.test	0900012908	城市E	2025-05-13
12909	孫八012909	user012909@example.test	0900012909	城市F	2025-05-14
12910	周九012910	user012910@example.test	0900012910	城市G	2025-05-15
13001	李四013001	user013001@example.test	0900013001	城市B	2025-08-14
13002	王五013002	user013002@example.test	0900013002	城市C	2025-08-15
13003	趙六013003	user013003@example.test	0900013003	城市D	2025-08-16
13004	錢七013004	user013004@example.test	0900013004	城市E	2025-08-17
13005	孫八013005	user013005@example.test	0900013005	城市F	2025-08-18
13006	周九013006	user013006@example.test	0900013006	城市G	2025-08-19
13007	吳十013007	user013007@example.test	0900013007	城市H	2025-08-20
13008	張三013008	user013008@example.test	0900013008	城市A	2025-08-21
13009	李四013009	user013009@example.test	0900013009	城市B	2025-08-22
13010	王五013010	user013010@example.test	0900013010	城市C	2025-08-23
13101	孫八013101	user013101@example.test	0900013101	城市F	2025-11-22
13102	周九013102	user013102@example.test	0900013102	城市G	2025-11-23
13103	吳十013103	user013103@example.test	0900013103	城市H	2025-11-24
13104	張三013104	user013104@example.test	0900013104	城市A	2025-11-25
13105	李四013105	user013105@example.test	0900013105	城市B	2025-11-26
13106	王五013106	user013106@example.test	0900013106	城市C	2025-11-27
13107	趙六013107	user013107@example.test	0900013107	城市D	2025-11-28
13108	錢七013108	user013108@example.test	0900013108	城市E	2025-11-29
13109	孫八013109	user013109@example.test	0900013109	城市F	2025-11-30
13110	周九013110	user013110@example.test	0900013110	城市G	2025-12-01
13201	李四013201	user013201@example.test	0900013201	城市B	2023-03-03
13202	王五013202	user013202@example.test	0900013202	城市C	2023-03-04
13203	趙六013203	user013203@example.test	0900013203	城市D	2023-03-05
13204	錢七013204	user013204@example.test	0900013204	城市E	2023-03-06
13205	孫八013205	user013205@example.test	0900013205	城市F	2023-03-07
13206	周九013206	user013206@example.test	0900013206	城市G	2023-03-08
13207	吳十013207	user013207@example.test	0900013207	城市H	2023-03-09
13208	張三013208	user013208@example.test	0900013208	城市A	2023-03-10
13209	李四013209	user013209@example.test	0900013209	城市B	2023-03-11
13210	王五013210	user013210@example.test	0900013210	城市C	2023-03-12
13301	孫八013301	user013301@example.test	0900013301	城市F	2023-06-11
13302	周九013302	user013302@example.test	0900013302	城市G	2023-06-12
13303	吳十013303	user013303@example.test	0900013303	城市H	2023-06-13
13304	張三013304	user013304@example.test	0900013304	城市A	2023-06-14
13305	李四013305	user013305@example.test	0900013305	城市B	2023-06-15
13306	王五013306	user013306@example.test	0900013306	城市C	2023-06-16
13307	趙六013307	user013307@example.test	0900013307	城市D	2023-06-17
13308	錢七013308	user013308@example.test	0900013308	城市E	2023-06-18
13309	孫八013309	user013309@example.test	0900013309	城市F	2023-06-19
13310	周九013310	user013310@example.test	0900013310	城市G	2023-06-20
13401	李四013401	user013401@example.test	0900013401	城市B	2023-09-19
13402	王五013402	user013402@example.test	0900013402	城市C	2023-09-20
13403	趙六013403	user013403@example.test	0900013403	城市D	2023-09-21
13404	錢七013404	user013404@example.test	0900013404	城市E	2023-09-22
13405	孫八013405	user013405@example.test	0900013405	城市F	2023-09-23
13406	周九013406	user013406@example.test	0900013406	城市G	2023-09-24
13407	吳十013407	user013407@example.test	0900013407	城市H	2023-09-25
13408	張三013408	user013408@example.test	0900013408	城市A	2023-09-26
13409	李四013409	user013409@example.test	0900013409	城市B	2023-09-27
13410	王五013410	user013410@example.test	0900013410	城市C	2023-09-28
13501	孫八013501	user013501@example.test	0900013501	城市F	2023-12-28
13502	周九013502	user013502@example.test	0900013502	城市G	2023-12-29
13503	吳十013503	user013503@example.test	0900013503	城市H	2023-12-30
13504	張三013504	user013504@example.test	0900013504	城市A	2023-12-31
13505	李四013505	user013505@example.test	0900013505	城市B	2024-01-01
13506	王五013506	user013506@example.test	0900013506	城市C	2024-01-02
13507	趙六013507	user013507@example.test	0900013507	城市D	2024-01-03
13508	錢七013508	user013508@example.test	0900013508	城市E	2024-01-04
13509	孫八013509	user013509@example.test	0900013509	城市F	2024-01-05
13510	周九013510	user013510@example.test	0900013510	城市G	2024-01-06
13601	李四013601	user013601@example.test	0900013601	城市B	2024-04-06
13602	王五013602	user013602@example.test	0900013602	城市C	2024-04-07
13603	趙六013603	user013603@example.test	0900013603	城市D	2024-04-08
13604	錢七013604	user013604@example.test	0900013604	城市E	2024-04-09
13605	孫八013605	user013605@example.test	0900013605	城市F	2024-04-10
13606	周九013606	user013606@example.test	0900013606	城市G	2024-04-11
13607	吳十013607	user013607@example.test	0900013607	城市H	2024-04-12
13608	張三013608	user013608@example.test	0900013608	城市A	2024-04-13
13609	李四013609	user013609@example.test	0900013609	城市B	2024-04-14
13610	王五013610	user013610@example.test	0900013610	城市C	2024-04-15
13701	孫八013701	user013701@example.test	0900013701	城市F	2024-07-15
13702	周九013702	user013702@example.test	0900013702	城市G	2024-07-16
13703	吳十013703	user013703@example.test	0900013703	城市H	2024-07-17
13704	張三013704	user013704@example.test	0900013704	城市A	2024-07-18
13705	李四013705	user013705@example.test	0900013705	城市B	2024-07-19
13706	王五013706	user013706@example.test	0900013706	城市C	2024-07-20
13707	趙六013707	user013707@example.test	0900013707	城市D	2024-07-21
13708	錢七013708	user013708@example.test	0900013708	城市E	2024-07-22
13709	孫八013709	user013709@example.test	0900013709	城市F	2024-07-23
13710	周九013710	user013710@example.test	0900013710	城市G	2024-07-24
13801	李四013801	user013801@example.test	0900013801	城市B	2024-10-23
13802	王五013802	user013802@example.test	0900013802	城市C	2024-10-24
13803	趙六013803	user013803@example.test	0900013803	城市D	2024-10-25
13804	錢七013804	user013804@example.test	0900013804	城市E	2024-10-26
13805	孫八013805	user013805@example.test	0900013805	城市F	2024-10-27
13806	周九013806	user013806@example.test	0900013806	城市G	2024-10-28
13807	吳十013807	user013807@example.test	0900013807	城市H	2024-10-29
13808	張三013808	user013808@example.test	0900013808	城市A	2024-10-30
13809	李四013809	user013809@example.test	0900013809	城市B	2024-10-31
13810	王五013810	user013810@example.test	0900013810	城市C	2024-11-01
13901	孫八013901	user013901@example.test	0900013901	城市F	2025-01-31
13902	周九013902	user013902@example.test	0900013902	城市G	2025-02-01
13903	吳十013903	user013903@example.test	0900013903	城市H	2025-02-02
13904	張三013904	user013904@example.test	0900013904	城市A	2025-02-03
13905	李四013905	user013905@example.test	0900013905	城市B	2025-02-04
13906	王五013906	user013906@example.test	0900013906	城市C	2025-02-05
13907	趙六013907	user013907@example.test	0900013907	城市D	2025-02-06
13908	錢七013908	user013908@example.test	0900013908	城市E	2025-02-07
13909	孫八013909	user013909@example.test	0900013909	城市F	2025-02-08
13910	周九013910	user013910@example.test	0900013910	城市G	2025-02-09
14001	李四014001	user014001@example.test	0900014001	城市B	2025-05-11
14002	王五014002	user014002@example.test	0900014002	城市C	2025-05-12
14003	趙六014003	user014003@example.test	0900014003	城市D	2025-05-13
14004	錢七014004	user014004@example.test	0900014004	城市E	2025-05-14
14005	孫八014005	user014005@example.test	0900014005	城市F	2025-05-15
14006	周九014006	user014006@example.test	0900014006	城市G	2025-05-16
14007	吳十014007	user014007@example.test	0900014007	城市H	2025-05-17
14008	張三014008	user014008@example.test	0900014008	城市A	2025-05-18
14009	李四014009	user014009@example.test	0900014009	城市B	2025-05-19
14010	王五014010	user014010@example.test	0900014010	城市C	2025-05-20
14101	孫八014101	user014101@example.test	0900014101	城市F	2025-08-19
14102	周九014102	user014102@example.test	0900014102	城市G	2025-08-20
14103	吳十014103	user014103@example.test	0900014103	城市H	2025-08-21
14104	張三014104	user014104@example.test	0900014104	城市A	2025-08-22
14105	李四014105	user014105@example.test	0900014105	城市B	2025-08-23
14106	王五014106	user014106@example.test	0900014106	城市C	2025-08-24
14107	趙六014107	user014107@example.test	0900014107	城市D	2025-08-25
14108	錢七014108	user014108@example.test	0900014108	城市E	2025-08-26
14109	孫八014109	user014109@example.test	0900014109	城市F	2025-08-27
14110	周九014110	user014110@example.test	0900014110	城市G	2025-08-28
14201	李四014201	user014201@example.test	0900014201	城市B	2025-11-27
14202	王五014202	user014202@example.test	0900014202	城市C	2025-11-28
14203	趙六014203	user014203@example.test	0900014203	城市D	2025-11-29
14204	錢七014204	user014204@example.test	0900014204	城市E	2025-11-30
14205	孫八014205	user014205@example.test	0900014205	城市F	2025-12-01
14206	周九014206	user014206@example.test	0900014206	城市G	2025-12-02
14207	吳十014207	user014207@example.test	0900014207	城市H	2025-12-03
14208	張三014208	user014208@example.test	0900014208	城市A	2025-12-04
14209	李四014209	user014209@example.test	0900014209	城市B	2025-12-05
14210	王五014210	user014210@example.test	0900014210	城市C	2025-12-06
14301	孫八014301	user014301@example.test	0900014301	城市F	2023-03-08
14302	周九014302	user014302@example.test	0900014302	城市G	2023-03-09
14303	吳十014303	user014303@example.test	0900014303	城市H	2023-03-10
14304	張三014304	user014304@example.test	0900014304	城市A	2023-03-11
14305	李四014305	user014305@example.test	0900014305	城市B	2023-03-12
14306	王五014306	user014306@example.test	0900014306	城市C	2023-03-13
14307	趙六014307	user014307@example.test	0900014307	城市D	2023-03-14
14308	錢七014308	user014308@example.test	0900014308	城市E	2023-03-15
14309	孫八014309	user014309@example.test	0900014309	城市F	2023-03-16
14310	周九014310	user014310@example.test	0900014310	城市G	2023-03-17
14401	李四014401	user014401@example.test	0900014401	城市B	2023-06-16
14402	王五014402	user014402@example.test	0900014402	城市C	2023-06-17
14403	趙六014403	user014403@example.test	0900014403	城市D	2023-06-18
14404	錢七014404	user014404@example.test	0900014404	城市E	2023-06-19
14405	孫八014405	user014405@example.test	0900014405	城市F	2023-06-20
14406	周九014406	user014406@example.test	0900014406	城市G	2023-06-21
14407	吳十014407	user014407@example.test	0900014407	城市H	2023-06-22
14408	張三014408	user014408@example.test	0900014408	城市A	2023-06-23
14409	李四014409	user014409@example.test	0900014409	城市B	2023-06-24
14410	王五014410	user014410@example.test	0900014410	城市C	2023-06-25
14501	孫八014501	user014501@example.test	0900014501	城市F	2023-09-24
14502	周九014502	user014502@example.test	0900014502	城市G	2023-09-25
14503	吳十014503	user014503@example.test	0900014503	城市H	2023-09-26
14504	張三014504	user014504@example.test	0900014504	城市A	2023-09-27
14505	李四014505	user014505@example.test	0900014505	城市B	2023-09-28
14506	王五014506	user014506@example.test	0900014506	城市C	2023-09-29
14507	趙六014507	user014507@example.test	0900014507	城市D	2023-09-30
14508	錢七014508	user014508@example.test	0900014508	城市E	2023-10-01
14509	孫八014509	user014509@example.test	0900014509	城市F	2023-10-02
14510	周九014510	user014510@example.test	0900014510	城市G	2023-10-03
14601	李四014601	user014601@example.test	0900014601	城市B	2024-01-02
14602	王五014602	user014602@example.test	0900014602	城市C	2024-01-03
14603	趙六014603	user014603@example.test	0900014603	城市D	2024-01-04
14604	錢七014604	user014604@example.test	0900014604	城市E	2024-01-05
14605	孫八014605	user014605@example.test	0900014605	城市F	2024-01-06
14606	周九014606	user014606@example.test	0900014606	城市G	2024-01-07
14607	吳十014607	user014607@example.test	0900014607	城市H	2024-01-08
14608	張三014608	user014608@example.test	0900014608	城市A	2024-01-09
14609	李四014609	user014609@example.test	0900014609	城市B	2024-01-10
14610	王五014610	user014610@example.test	0900014610	城市C	2024-01-11
14701	孫八014701	user014701@example.test	0900014701	城市F	2024-04-11
14702	周九014702	user014702@example.test	0900014702	城市G	2024-04-12
14703	吳十014703	user014703@example.test	0900014703	城市H	2024-04-13
14704	張三014704	user014704@example.test	0900014704	城市A	2024-04-14
14705	李四014705	user014705@example.test	0900014705	城市B	2024-04-15
14706	王五014706	user014706@example.test	0900014706	城市C	2024-04-16
14707	趙六014707	user014707@example.test	0900014707	城市D	2024-04-17
14708	錢七014708	user014708@example.test	0900014708	城市E	2024-04-18
14709	孫八014709	user014709@example.test	0900014709	城市F	2024-04-19
14710	周九014710	user014710@example.test	0900014710	城市G	2024-04-20
14801	李四014801	user014801@example.test	0900014801	城市B	2024-07-20
14802	王五014802	user014802@example.test	0900014802	城市C	2024-07-21
14803	趙六014803	user014803@example.test	0900014803	城市D	2024-07-22
14804	錢七014804	user014804@example.test	0900014804	城市E	2024-07-23
14805	孫八014805	user014805@example.test	0900014805	城市F	2024-07-24
14806	周九014806	user014806@example.test	0900014806	城市G	2024-07-25
14807	吳十014807	user014807@example.test	0900014807	城市H	2024-07-26
14808	張三014808	user014808@example.test	0900014808	城市A	2024-07-27
14809	李四014809	user014809@example.test	0900014809	城市B	2024-07-28
14810	王五014810	user014810@example.test	0900014810	城市C	2024-07-29
14901	孫八014901	user014901@example.test	0900014901	城市F	2024-10-28
14902	周九014902	user014902@example.test	0900014902	城市G	2024-10-29
14903	吳十014903	user014903@example.test	0900014903	城市H	2024-10-30
14904	張三014904	user014904@example.test	0900014904	城市A	2024-10-31
14905	李四014905	user014905@example.test	0900014905	城市B	2024-11-01
14906	王五014906	user014906@example.test	0900014906	城市C	2024-11-02
14907	趙六014907	user014907@example.test	0900014907	城市D	2024-11-03
14908	錢七014908	user014908@example.test	0900014908	城市E	2024-11-04
14909	孫八014909	user014909@example.test	0900014909	城市F	2024-11-05
14910	周九014910	user014910@example.test	0900014910	城市G	2024-11-06
15001	李四015001	user015001@example.test	0900015001	城市B	2025-02-05
15002	王五015002	user015002@example.test	0900015002	城市C	2025-02-06
15003	趙六015003	user015003@example.test	0900015003	城市D	2025-02-07
15004	錢七015004	user015004@example.test	0900015004	城市E	2025-02-08
15005	孫八015005	user015005@example.test	0900015005	城市F	2025-02-09
15006	周九015006	user015006@example.test	0900015006	城市G	2025-02-10
15007	吳十015007	user015007@example.test	0900015007	城市H	2025-02-11
15008	張三015008	user015008@example.test	0900015008	城市A	2025-02-12
15009	李四015009	user015009@example.test	0900015009	城市B	2025-02-13
15010	王五015010	user015010@example.test	0900015010	城市C	2025-02-14
15101	孫八015101	user015101@example.test	0900015101	城市F	2025-05-16
15102	周九015102	user015102@example.test	0900015102	城市G	2025-05-17
15103	吳十015103	user015103@example.test	0900015103	城市H	2025-05-18
15104	張三015104	user015104@example.test	0900015104	城市A	2025-05-19
15105	李四015105	user015105@example.test	0900015105	城市B	2025-05-20
15106	王五015106	user015106@example.test	0900015106	城市C	2025-05-21
15107	趙六015107	user015107@example.test	0900015107	城市D	2025-05-22
15108	錢七015108	user015108@example.test	0900015108	城市E	2025-05-23
15109	孫八015109	user015109@example.test	0900015109	城市F	2025-05-24
15110	周九015110	user015110@example.test	0900015110	城市G	2025-05-25
15201	李四015201	user015201@example.test	0900015201	城市B	2025-08-24
15202	王五015202	user015202@example.test	0900015202	城市C	2025-08-25
15203	趙六015203	user015203@example.test	0900015203	城市D	2025-08-26
15204	錢七015204	user015204@example.test	0900015204	城市E	2025-08-27
15205	孫八015205	user015205@example.test	0900015205	城市F	2025-08-28
15206	周九015206	user015206@example.test	0900015206	城市G	2025-08-29
15207	吳十015207	user015207@example.test	0900015207	城市H	2025-08-30
15208	張三015208	user015208@example.test	0900015208	城市A	2025-08-31
15209	李四015209	user015209@example.test	0900015209	城市B	2025-09-01
15210	王五015210	user015210@example.test	0900015210	城市C	2025-09-02
15301	孫八015301	user015301@example.test	0900015301	城市F	2025-12-02
15302	周九015302	user015302@example.test	0900015302	城市G	2025-12-03
15303	吳十015303	user015303@example.test	0900015303	城市H	2025-12-04
15304	張三015304	user015304@example.test	0900015304	城市A	2025-12-05
15305	李四015305	user015305@example.test	0900015305	城市B	2025-12-06
15306	王五015306	user015306@example.test	0900015306	城市C	2025-12-07
15307	趙六015307	user015307@example.test	0900015307	城市D	2025-12-08
15308	錢七015308	user015308@example.test	0900015308	城市E	2025-12-09
15309	孫八015309	user015309@example.test	0900015309	城市F	2025-12-10
15310	周九015310	user015310@example.test	0900015310	城市G	2025-12-11
15401	李四015401	user015401@example.test	0900015401	城市B	2023-03-13
15402	王五015402	user015402@example.test	0900015402	城市C	2023-03-14
15403	趙六015403	user015403@example.test	0900015403	城市D	2023-03-15
15404	錢七015404	user015404@example.test	0900015404	城市E	2023-03-16
15405	孫八015405	user015405@example.test	0900015405	城市F	2023-03-17
15406	周九015406	user015406@example.test	0900015406	城市G	2023-03-18
15407	吳十015407	user015407@example.test	0900015407	城市H	2023-03-19
15408	張三015408	user015408@example.test	0900015408	城市A	2023-03-20
15409	李四015409	user015409@example.test	0900015409	城市B	2023-03-21
15410	王五015410	user015410@example.test	0900015410	城市C	2023-03-22
15501	孫八015501	user015501@example.test	0900015501	城市F	2023-06-21
15502	周九015502	user015502@example.test	0900015502	城市G	2023-06-22
15503	吳十015503	user015503@example.test	0900015503	城市H	2023-06-23
15504	張三015504	user015504@example.test	0900015504	城市A	2023-06-24
15505	李四015505	user015505@example.test	0900015505	城市B	2023-06-25
15506	王五015506	user015506@example.test	0900015506	城市C	2023-06-26
15507	趙六015507	user015507@example.test	0900015507	城市D	2023-06-27
15508	錢七015508	user015508@example.test	0900015508	城市E	2023-06-28
15509	孫八015509	user015509@example.test	0900015509	城市F	2023-06-29
15510	周九015510	user015510@example.test	0900015510	城市G	2023-06-30
15601	李四015601	user015601@example.test	0900015601	城市B	2023-09-29
15602	王五015602	user015602@example.test	0900015602	城市C	2023-09-30
15603	趙六015603	user015603@example.test	0900015603	城市D	2023-10-01
15604	錢七015604	user015604@example.test	0900015604	城市E	2023-10-02
15605	孫八015605	user015605@example.test	0900015605	城市F	2023-10-03
15606	周九015606	user015606@example.test	0900015606	城市G	2023-10-04
15607	吳十015607	user015607@example.test	0900015607	城市H	2023-10-05
15608	張三015608	user015608@example.test	0900015608	城市A	2023-10-06
15609	李四015609	user015609@example.test	0900015609	城市B	2023-10-07
15610	王五015610	user015610@example.test	0900015610	城市C	2023-10-08
15701	孫八015701	user015701@example.test	0900015701	城市F	2024-01-07
15702	周九015702	user015702@example.test	0900015702	城市G	2024-01-08
15703	吳十015703	user015703@example.test	0900015703	城市H	2024-01-09
15704	張三015704	user015704@example.test	0900015704	城市A	2024-01-10
15705	李四015705	user015705@example.test	0900015705	城市B	2024-01-11
15706	王五015706	user015706@example.test	0900015706	城市C	2024-01-12
15707	趙六015707	user015707@example.test	0900015707	城市D	2024-01-13
15708	錢七015708	user015708@example.test	0900015708	城市E	2024-01-14
15709	孫八015709	user015709@example.test	0900015709	城市F	2024-01-15
15710	周九015710	user015710@example.test	0900015710	城市G	2024-01-16
15801	李四015801	user015801@example.test	0900015801	城市B	2024-04-16
15802	王五015802	user015802@example.test	0900015802	城市C	2024-04-17
15803	趙六015803	user015803@example.test	0900015803	城市D	2024-04-18
15804	錢七015804	user015804@example.test	0900015804	城市E	2024-04-19
15805	孫八015805	user015805@example.test	0900015805	城市F	2024-04-20
15806	周九015806	user015806@example.test	0900015806	城市G	2024-04-21
15807	吳十015807	user015807@example.test	0900015807	城市H	2024-04-22
15808	張三015808	user015808@example.test	0900015808	城市A	2024-04-23
15809	李四015809	user015809@example.test	0900015809	城市B	2024-04-24
15810	王五015810	user015810@example.test	0900015810	城市C	2024-04-25
15901	孫八015901	user015901@example.test	0900015901	城市F	2024-07-25
15902	周九015902	user015902@example.test	0900015902	城市G	2024-07-26
15903	吳十015903	user015903@example.test	0900015903	城市H	2024-07-27
15904	張三015904	user015904@example.test	0900015904	城市A	2024-07-28
15905	李四015905	user015905@example.test	0900015905	城市B	2024-07-29
15906	王五015906	user015906@example.test	0900015906	城市C	2024-07-30
15907	趙六015907	user015907@example.test	0900015907	城市D	2024-07-31
15908	錢七015908	user015908@example.test	0900015908	城市E	2024-08-01
15909	孫八015909	user015909@example.test	0900015909	城市F	2024-08-02
15910	周九015910	user015910@example.test	0900015910	城市G	2024-08-03
16001	李四016001	user016001@example.test	0900016001	城市B	2024-11-02
16002	王五016002	user016002@example.test	0900016002	城市C	2024-11-03
16003	趙六016003	user016003@example.test	0900016003	城市D	2024-11-04
16004	錢七016004	user016004@example.test	0900016004	城市E	2024-11-05
16005	孫八016005	user016005@example.test	0900016005	城市F	2024-11-06
16006	周九016006	user016006@example.test	0900016006	城市G	2024-11-07
16007	吳十016007	user016007@example.test	0900016007	城市H	2024-11-08
16008	張三016008	user016008@example.test	0900016008	城市A	2024-11-09
16009	李四016009	user016009@example.test	0900016009	城市B	2024-11-10
16010	王五016010	user016010@example.test	0900016010	城市C	2024-11-11
16101	孫八016101	user016101@example.test	0900016101	城市F	2025-02-10
16102	周九016102	user016102@example.test	0900016102	城市G	2025-02-11
16103	吳十016103	user016103@example.test	0900016103	城市H	2025-02-12
16104	張三016104	user016104@example.test	0900016104	城市A	2025-02-13
16105	李四016105	user016105@example.test	0900016105	城市B	2025-02-14
16106	王五016106	user016106@example.test	0900016106	城市C	2025-02-15
16107	趙六016107	user016107@example.test	0900016107	城市D	2025-02-16
16108	錢七016108	user016108@example.test	0900016108	城市E	2025-02-17
16109	孫八016109	user016109@example.test	0900016109	城市F	2025-02-18
16110	周九016110	user016110@example.test	0900016110	城市G	2025-02-19
16201	李四016201	user016201@example.test	0900016201	城市B	2025-05-21
16202	王五016202	user016202@example.test	0900016202	城市C	2025-05-22
16203	趙六016203	user016203@example.test	0900016203	城市D	2025-05-23
16204	錢七016204	user016204@example.test	0900016204	城市E	2025-05-24
16205	孫八016205	user016205@example.test	0900016205	城市F	2025-05-25
16206	周九016206	user016206@example.test	0900016206	城市G	2025-05-26
16207	吳十016207	user016207@example.test	0900016207	城市H	2025-05-27
16208	張三016208	user016208@example.test	0900016208	城市A	2025-05-28
16209	李四016209	user016209@example.test	0900016209	城市B	2025-05-29
16210	王五016210	user016210@example.test	0900016210	城市C	2025-05-30
16301	孫八016301	user016301@example.test	0900016301	城市F	2025-08-29
16302	周九016302	user016302@example.test	0900016302	城市G	2025-08-30
16303	吳十016303	user016303@example.test	0900016303	城市H	2025-08-31
16304	張三016304	user016304@example.test	0900016304	城市A	2025-09-01
16305	李四016305	user016305@example.test	0900016305	城市B	2025-09-02
16306	王五016306	user016306@example.test	0900016306	城市C	2025-09-03
16307	趙六016307	user016307@example.test	0900016307	城市D	2025-09-04
16308	錢七016308	user016308@example.test	0900016308	城市E	2025-09-05
16309	孫八016309	user016309@example.test	0900016309	城市F	2025-09-06
16310	周九016310	user016310@example.test	0900016310	城市G	2025-09-07
16401	李四016401	user016401@example.test	0900016401	城市B	2025-12-07
16402	王五016402	user016402@example.test	0900016402	城市C	2025-12-08
16403	趙六016403	user016403@example.test	0900016403	城市D	2025-12-09
16404	錢七016404	user016404@example.test	0900016404	城市E	2025-12-10
16405	孫八016405	user016405@example.test	0900016405	城市F	2025-12-11
16406	周九016406	user016406@example.test	0900016406	城市G	2025-12-12
16407	吳十016407	user016407@example.test	0900016407	城市H	2025-12-13
16408	張三016408	user016408@example.test	0900016408	城市A	2025-12-14
16409	李四016409	user016409@example.test	0900016409	城市B	2025-12-15
16410	王五016410	user016410@example.test	0900016410	城市C	2025-12-16
16501	孫八016501	user016501@example.test	0900016501	城市F	2023-03-18
16502	周九016502	user016502@example.test	0900016502	城市G	2023-03-19
16503	吳十016503	user016503@example.test	0900016503	城市H	2023-03-20
16504	張三016504	user016504@example.test	0900016504	城市A	2023-03-21
16505	李四016505	user016505@example.test	0900016505	城市B	2023-03-22
16506	王五016506	user016506@example.test	0900016506	城市C	2023-03-23
16507	趙六016507	user016507@example.test	0900016507	城市D	2023-03-24
16508	錢七016508	user016508@example.test	0900016508	城市E	2023-03-25
16509	孫八016509	user016509@example.test	0900016509	城市F	2023-03-26
16510	周九016510	user016510@example.test	0900016510	城市G	2023-03-27
16601	李四016601	user016601@example.test	0900016601	城市B	2023-06-26
16602	王五016602	user016602@example.test	0900016602	城市C	2023-06-27
16603	趙六016603	user016603@example.test	0900016603	城市D	2023-06-28
16604	錢七016604	user016604@example.test	0900016604	城市E	2023-06-29
16605	孫八016605	user016605@example.test	0900016605	城市F	2023-06-30
16606	周九016606	user016606@example.test	0900016606	城市G	2023-07-01
16607	吳十016607	user016607@example.test	0900016607	城市H	2023-07-02
16608	張三016608	user016608@example.test	0900016608	城市A	2023-07-03
16609	李四016609	user016609@example.test	0900016609	城市B	2023-07-04
16610	王五016610	user016610@example.test	0900016610	城市C	2023-07-05
16701	孫八016701	user016701@example.test	0900016701	城市F	2023-10-04
16702	周九016702	user016702@example.test	0900016702	城市G	2023-10-05
16703	吳十016703	user016703@example.test	0900016703	城市H	2023-10-06
16704	張三016704	user016704@example.test	0900016704	城市A	2023-10-07
16705	李四016705	user016705@example.test	0900016705	城市B	2023-10-08
16706	王五016706	user016706@example.test	0900016706	城市C	2023-10-09
16707	趙六016707	user016707@example.test	0900016707	城市D	2023-10-10
16708	錢七016708	user016708@example.test	0900016708	城市E	2023-10-11
16709	孫八016709	user016709@example.test	0900016709	城市F	2023-10-12
16710	周九016710	user016710@example.test	0900016710	城市G	2023-10-13
16801	李四016801	user016801@example.test	0900016801	城市B	2024-01-12
16802	王五016802	user016802@example.test	0900016802	城市C	2024-01-13
16803	趙六016803	user016803@example.test	0900016803	城市D	2024-01-14
16804	錢七016804	user016804@example.test	0900016804	城市E	2024-01-15
16805	孫八016805	user016805@example.test	0900016805	城市F	2024-01-16
16806	周九016806	user016806@example.test	0900016806	城市G	2024-01-17
16807	吳十016807	user016807@example.test	0900016807	城市H	2024-01-18
16808	張三016808	user016808@example.test	0900016808	城市A	2024-01-19
16809	李四016809	user016809@example.test	0900016809	城市B	2024-01-20
16810	王五016810	user016810@example.test	0900016810	城市C	2024-01-21
16901	孫八016901	user016901@example.test	0900016901	城市F	2024-04-21
16902	周九016902	user016902@example.test	0900016902	城市G	2024-04-22
16903	吳十016903	user016903@example.test	0900016903	城市H	2024-04-23
16904	張三016904	user016904@example.test	0900016904	城市A	2024-04-24
16905	李四016905	user016905@example.test	0900016905	城市B	2024-04-25
16906	王五016906	user016906@example.test	0900016906	城市C	2024-04-26
16907	趙六016907	user016907@example.test	0900016907	城市D	2024-04-27
16908	錢七016908	user016908@example.test	0900016908	城市E	2024-04-28
16909	孫八016909	user016909@example.test	0900016909	城市F	2024-04-29
16910	周九016910	user016910@example.test	0900016910	城市G	2024-04-30
17001	李四017001	user017001@example.test	0900017001	城市B	2024-07-30
17002	王五017002	user017002@example.test	0900017002	城市C	2024-07-31
17003	趙六017003	user017003@example.test	0900017003	城市D	2024-08-01
17004	錢七017004	user017004@example.test	0900017004	城市E	2024-08-02
17005	孫八017005	user017005@example.test	0900017005	城市F	2024-08-03
17006	周九017006	user017006@example.test	0900017006	城市G	2024-08-04
17007	吳十017007	user017007@example.test	0900017007	城市H	2024-08-05
17008	張三017008	user017008@example.test	0900017008	城市A	2024-08-06
17009	李四017009	user017009@example.test	0900017009	城市B	2024-08-07
17010	王五017010	user017010@example.test	0900017010	城市C	2024-08-08
17101	孫八017101	user017101@example.test	0900017101	城市F	2024-11-07
17102	周九017102	user017102@example.test	0900017102	城市G	2024-11-08
17103	吳十017103	user017103@example.test	0900017103	城市H	2024-11-09
17104	張三017104	user017104@example.test	0900017104	城市A	2024-11-10
17105	李四017105	user017105@example.test	0900017105	城市B	2024-11-11
17106	王五017106	user017106@example.test	0900017106	城市C	2024-11-12
17107	趙六017107	user017107@example.test	0900017107	城市D	2024-11-13
17108	錢七017108	user017108@example.test	0900017108	城市E	2024-11-14
17109	孫八017109	user017109@example.test	0900017109	城市F	2024-11-15
17110	周九017110	user017110@example.test	0900017110	城市G	2024-11-16
17201	李四017201	user017201@example.test	0900017201	城市B	2025-02-15
17202	王五017202	user017202@example.test	0900017202	城市C	2025-02-16
17203	趙六017203	user017203@example.test	0900017203	城市D	2025-02-17
17204	錢七017204	user017204@example.test	0900017204	城市E	2025-02-18
17205	孫八017205	user017205@example.test	0900017205	城市F	2025-02-19
17206	周九017206	user017206@example.test	0900017206	城市G	2025-02-20
17207	吳十017207	user017207@example.test	0900017207	城市H	2025-02-21
17208	張三017208	user017208@example.test	0900017208	城市A	2025-02-22
17209	李四017209	user017209@example.test	0900017209	城市B	2025-02-23
17210	王五017210	user017210@example.test	0900017210	城市C	2025-02-24
17301	孫八017301	user017301@example.test	0900017301	城市F	2025-05-26
17302	周九017302	user017302@example.test	0900017302	城市G	2025-05-27
17303	吳十017303	user017303@example.test	0900017303	城市H	2025-05-28
17304	張三017304	user017304@example.test	0900017304	城市A	2025-05-29
17305	李四017305	user017305@example.test	0900017305	城市B	2025-05-30
17306	王五017306	user017306@example.test	0900017306	城市C	2025-05-31
17307	趙六017307	user017307@example.test	0900017307	城市D	2025-06-01
17308	錢七017308	user017308@example.test	0900017308	城市E	2025-06-02
17309	孫八017309	user017309@example.test	0900017309	城市F	2025-06-03
17310	周九017310	user017310@example.test	0900017310	城市G	2025-06-04
17401	李四017401	user017401@example.test	0900017401	城市B	2025-09-03
17402	王五017402	user017402@example.test	0900017402	城市C	2025-09-04
17403	趙六017403	user017403@example.test	0900017403	城市D	2025-09-05
17404	錢七017404	user017404@example.test	0900017404	城市E	2025-09-06
17405	孫八017405	user017405@example.test	0900017405	城市F	2025-09-07
17406	周九017406	user017406@example.test	0900017406	城市G	2025-09-08
17407	吳十017407	user017407@example.test	0900017407	城市H	2025-09-09
17408	張三017408	user017408@example.test	0900017408	城市A	2025-09-10
17409	李四017409	user017409@example.test	0900017409	城市B	2025-09-11
17410	王五017410	user017410@example.test	0900017410	城市C	2025-09-12
17501	孫八017501	user017501@example.test	0900017501	城市F	2025-12-12
17502	周九017502	user017502@example.test	0900017502	城市G	2025-12-13
17503	吳十017503	user017503@example.test	0900017503	城市H	2025-12-14
17504	張三017504	user017504@example.test	0900017504	城市A	2025-12-15
17505	李四017505	user017505@example.test	0900017505	城市B	2025-12-16
17506	王五017506	user017506@example.test	0900017506	城市C	2025-12-17
17507	趙六017507	user017507@example.test	0900017507	城市D	2025-12-18
17508	錢七017508	user017508@example.test	0900017508	城市E	2025-12-19
17509	孫八017509	user017509@example.test	0900017509	城市F	2025-12-20
17510	周九017510	user017510@example.test	0900017510	城市G	2025-12-21
17601	李四017601	user017601@example.test	0900017601	城市B	2023-03-23
17602	王五017602	user017602@example.test	0900017602	城市C	2023-03-24
17603	趙六017603	user017603@example.test	0900017603	城市D	2023-03-25
17604	錢七017604	user017604@example.test	0900017604	城市E	2023-03-26
17605	孫八017605	user017605@example.test	0900017605	城市F	2023-03-27
17606	周九017606	user017606@example.test	0900017606	城市G	2023-03-28
17607	吳十017607	user017607@example.test	0900017607	城市H	2023-03-29
17608	張三017608	user017608@example.test	0900017608	城市A	2023-03-30
17609	李四017609	user017609@example.test	0900017609	城市B	2023-03-31
17610	王五017610	user017610@example.test	0900017610	城市C	2023-04-01
17701	孫八017701	user017701@example.test	0900017701	城市F	2023-07-01
17702	周九017702	user017702@example.test	0900017702	城市G	2023-07-02
17703	吳十017703	user017703@example.test	0900017703	城市H	2023-07-03
17704	張三017704	user017704@example.test	0900017704	城市A	2023-07-04
17705	李四017705	user017705@example.test	0900017705	城市B	2023-07-05
17706	王五017706	user017706@example.test	0900017706	城市C	2023-07-06
17707	趙六017707	user017707@example.test	0900017707	城市D	2023-07-07
17708	錢七017708	user017708@example.test	0900017708	城市E	2023-07-08
17709	孫八017709	user017709@example.test	0900017709	城市F	2023-07-09
17710	周九017710	user017710@example.test	0900017710	城市G	2023-07-10
17801	李四017801	user017801@example.test	0900017801	城市B	2023-10-09
17802	王五017802	user017802@example.test	0900017802	城市C	2023-10-10
17803	趙六017803	user017803@example.test	0900017803	城市D	2023-10-11
17804	錢七017804	user017804@example.test	0900017804	城市E	2023-10-12
17805	孫八017805	user017805@example.test	0900017805	城市F	2023-10-13
17806	周九017806	user017806@example.test	0900017806	城市G	2023-10-14
17807	吳十017807	user017807@example.test	0900017807	城市H	2023-10-15
17808	張三017808	user017808@example.test	0900017808	城市A	2023-10-16
17809	李四017809	user017809@example.test	0900017809	城市B	2023-10-17
17810	王五017810	user017810@example.test	0900017810	城市C	2023-10-18
17901	孫八017901	user017901@example.test	0900017901	城市F	2024-01-17
17902	周九017902	user017902@example.test	0900017902	城市G	2024-01-18
17903	吳十017903	user017903@example.test	0900017903	城市H	2024-01-19
17904	張三017904	user017904@example.test	0900017904	城市A	2024-01-20
17905	李四017905	user017905@example.test	0900017905	城市B	2024-01-21
17906	王五017906	user017906@example.test	0900017906	城市C	2024-01-22
17907	趙六017907	user017907@example.test	0900017907	城市D	2024-01-23
17908	錢七017908	user017908@example.test	0900017908	城市E	2024-01-24
17909	孫八017909	user017909@example.test	0900017909	城市F	2024-01-25
17910	周九017910	user017910@example.test	0900017910	城市G	2024-01-26
18001	李四018001	user018001@example.test	0900018001	城市B	2024-04-26
18002	王五018002	user018002@example.test	0900018002	城市C	2024-04-27
18003	趙六018003	user018003@example.test	0900018003	城市D	2024-04-28
18004	錢七018004	user018004@example.test	0900018004	城市E	2024-04-29
18005	孫八018005	user018005@example.test	0900018005	城市F	2024-04-30
18006	周九018006	user018006@example.test	0900018006	城市G	2024-05-01
18007	吳十018007	user018007@example.test	0900018007	城市H	2024-05-02
18008	張三018008	user018008@example.test	0900018008	城市A	2024-05-03
18009	李四018009	user018009@example.test	0900018009	城市B	2024-05-04
18010	王五018010	user018010@example.test	0900018010	城市C	2024-05-05
18101	孫八018101	user018101@example.test	0900018101	城市F	2024-08-04
18102	周九018102	user018102@example.test	0900018102	城市G	2024-08-05
18103	吳十018103	user018103@example.test	0900018103	城市H	2024-08-06
18104	張三018104	user018104@example.test	0900018104	城市A	2024-08-07
18105	李四018105	user018105@example.test	0900018105	城市B	2024-08-08
18106	王五018106	user018106@example.test	0900018106	城市C	2024-08-09
18107	趙六018107	user018107@example.test	0900018107	城市D	2024-08-10
18108	錢七018108	user018108@example.test	0900018108	城市E	2024-08-11
18109	孫八018109	user018109@example.test	0900018109	城市F	2024-08-12
18110	周九018110	user018110@example.test	0900018110	城市G	2024-08-13
18201	李四018201	user018201@example.test	0900018201	城市B	2024-11-12
18202	王五018202	user018202@example.test	0900018202	城市C	2024-11-13
18203	趙六018203	user018203@example.test	0900018203	城市D	2024-11-14
18204	錢七018204	user018204@example.test	0900018204	城市E	2024-11-15
18205	孫八018205	user018205@example.test	0900018205	城市F	2024-11-16
18206	周九018206	user018206@example.test	0900018206	城市G	2024-11-17
18207	吳十018207	user018207@example.test	0900018207	城市H	2024-11-18
18208	張三018208	user018208@example.test	0900018208	城市A	2024-11-19
18209	李四018209	user018209@example.test	0900018209	城市B	2024-11-20
18210	王五018210	user018210@example.test	0900018210	城市C	2024-11-21
18301	孫八018301	user018301@example.test	0900018301	城市F	2025-02-20
18302	周九018302	user018302@example.test	0900018302	城市G	2025-02-21
18303	吳十018303	user018303@example.test	0900018303	城市H	2025-02-22
18304	張三018304	user018304@example.test	0900018304	城市A	2025-02-23
18305	李四018305	user018305@example.test	0900018305	城市B	2025-02-24
18306	王五018306	user018306@example.test	0900018306	城市C	2025-02-25
18307	趙六018307	user018307@example.test	0900018307	城市D	2025-02-26
18308	錢七018308	user018308@example.test	0900018308	城市E	2025-02-27
18309	孫八018309	user018309@example.test	0900018309	城市F	2025-02-28
18310	周九018310	user018310@example.test	0900018310	城市G	2025-03-01
18401	李四018401	user018401@example.test	0900018401	城市B	2025-05-31
18402	王五018402	user018402@example.test	0900018402	城市C	2025-06-01
18403	趙六018403	user018403@example.test	0900018403	城市D	2025-06-02
18404	錢七018404	user018404@example.test	0900018404	城市E	2025-06-03
18405	孫八018405	user018405@example.test	0900018405	城市F	2025-06-04
18406	周九018406	user018406@example.test	0900018406	城市G	2025-06-05
18407	吳十018407	user018407@example.test	0900018407	城市H	2025-06-06
18408	張三018408	user018408@example.test	0900018408	城市A	2025-06-07
18409	李四018409	user018409@example.test	0900018409	城市B	2025-06-08
18410	王五018410	user018410@example.test	0900018410	城市C	2025-06-09
18501	孫八018501	user018501@example.test	0900018501	城市F	2025-09-08
18502	周九018502	user018502@example.test	0900018502	城市G	2025-09-09
18503	吳十018503	user018503@example.test	0900018503	城市H	2025-09-10
18504	張三018504	user018504@example.test	0900018504	城市A	2025-09-11
18505	李四018505	user018505@example.test	0900018505	城市B	2025-09-12
18506	王五018506	user018506@example.test	0900018506	城市C	2025-09-13
18507	趙六018507	user018507@example.test	0900018507	城市D	2025-09-14
18508	錢七018508	user018508@example.test	0900018508	城市E	2025-09-15
18509	孫八018509	user018509@example.test	0900018509	城市F	2025-09-16
18510	周九018510	user018510@example.test	0900018510	城市G	2025-09-17
18601	李四018601	user018601@example.test	0900018601	城市B	2025-12-17
18602	王五018602	user018602@example.test	0900018602	城市C	2025-12-18
18603	趙六018603	user018603@example.test	0900018603	城市D	2025-12-19
18604	錢七018604	user018604@example.test	0900018604	城市E	2025-12-20
18605	孫八018605	user018605@example.test	0900018605	城市F	2025-12-21
18606	周九018606	user018606@example.test	0900018606	城市G	2025-12-22
18607	吳十018607	user018607@example.test	0900018607	城市H	2025-12-23
18608	張三018608	user018608@example.test	0900018608	城市A	2025-12-24
18609	李四018609	user018609@example.test	0900018609	城市B	2025-12-25
18610	王五018610	user018610@example.test	0900018610	城市C	2025-12-26
18701	孫八018701	user018701@example.test	0900018701	城市F	2023-03-28
18702	周九018702	user018702@example.test	0900018702	城市G	2023-03-29
18703	吳十018703	user018703@example.test	0900018703	城市H	2023-03-30
18704	張三018704	user018704@example.test	0900018704	城市A	2023-03-31
18705	李四018705	user018705@example.test	0900018705	城市B	2023-04-01
18706	王五018706	user018706@example.test	0900018706	城市C	2023-04-02
18707	趙六018707	user018707@example.test	0900018707	城市D	2023-04-03
18708	錢七018708	user018708@example.test	0900018708	城市E	2023-04-04
18709	孫八018709	user018709@example.test	0900018709	城市F	2023-04-05
18710	周九018710	user018710@example.test	0900018710	城市G	2023-04-06
18801	李四018801	user018801@example.test	0900018801	城市B	2023-07-06
18802	王五018802	user018802@example.test	0900018802	城市C	2023-07-07
18803	趙六018803	user018803@example.test	0900018803	城市D	2023-07-08
18804	錢七018804	user018804@example.test	0900018804	城市E	2023-07-09
18805	孫八018805	user018805@example.test	0900018805	城市F	2023-07-10
18806	周九018806	user018806@example.test	0900018806	城市G	2023-07-11
18807	吳十018807	user018807@example.test	0900018807	城市H	2023-07-12
18808	張三018808	user018808@example.test	0900018808	城市A	2023-07-13
18809	李四018809	user018809@example.test	0900018809	城市B	2023-07-14
18810	王五018810	user018810@example.test	0900018810	城市C	2023-07-15
18901	孫八018901	user018901@example.test	0900018901	城市F	2023-10-14
18902	周九018902	user018902@example.test	0900018902	城市G	2023-10-15
18903	吳十018903	user018903@example.test	0900018903	城市H	2023-10-16
18904	張三018904	user018904@example.test	0900018904	城市A	2023-10-17
18905	李四018905	user018905@example.test	0900018905	城市B	2023-10-18
18906	王五018906	user018906@example.test	0900018906	城市C	2023-10-19
18907	趙六018907	user018907@example.test	0900018907	城市D	2023-10-20
18908	錢七018908	user018908@example.test	0900018908	城市E	2023-10-21
18909	孫八018909	user018909@example.test	0900018909	城市F	2023-10-22
18910	周九018910	user018910@example.test	0900018910	城市G	2023-10-23
19001	李四019001	user019001@example.test	0900019001	城市B	2024-01-22
19002	王五019002	user019002@example.test	0900019002	城市C	2024-01-23
19003	趙六019003	user019003@example.test	0900019003	城市D	2024-01-24
19004	錢七019004	user019004@example.test	0900019004	城市E	2024-01-25
19005	孫八019005	user019005@example.test	0900019005	城市F	2024-01-26
19006	周九019006	user019006@example.test	0900019006	城市G	2024-01-27
19007	吳十019007	user019007@example.test	0900019007	城市H	2024-01-28
19008	張三019008	user019008@example.test	0900019008	城市A	2024-01-29
19009	李四019009	user019009@example.test	0900019009	城市B	2024-01-30
19010	王五019010	user019010@example.test	0900019010	城市C	2024-01-31
19101	孫八019101	user019101@example.test	0900019101	城市F	2024-05-01
19102	周九019102	user019102@example.test	0900019102	城市G	2024-05-02
19103	吳十019103	user019103@example.test	0900019103	城市H	2024-05-03
19104	張三019104	user019104@example.test	0900019104	城市A	2024-05-04
19105	李四019105	user019105@example.test	0900019105	城市B	2024-05-05
19106	王五019106	user019106@example.test	0900019106	城市C	2024-05-06
19107	趙六019107	user019107@example.test	0900019107	城市D	2024-05-07
19108	錢七019108	user019108@example.test	0900019108	城市E	2024-05-08
19109	孫八019109	user019109@example.test	0900019109	城市F	2024-05-09
19110	周九019110	user019110@example.test	0900019110	城市G	2024-05-10
19201	李四019201	user019201@example.test	0900019201	城市B	2024-08-09
19202	王五019202	user019202@example.test	0900019202	城市C	2024-08-10
19203	趙六019203	user019203@example.test	0900019203	城市D	2024-08-11
19204	錢七019204	user019204@example.test	0900019204	城市E	2024-08-12
19205	孫八019205	user019205@example.test	0900019205	城市F	2024-08-13
19206	周九019206	user019206@example.test	0900019206	城市G	2024-08-14
19207	吳十019207	user019207@example.test	0900019207	城市H	2024-08-15
19208	張三019208	user019208@example.test	0900019208	城市A	2024-08-16
19209	李四019209	user019209@example.test	0900019209	城市B	2024-08-17
19210	王五019210	user019210@example.test	0900019210	城市C	2024-08-18
19301	孫八019301	user019301@example.test	0900019301	城市F	2024-11-17
19302	周九019302	user019302@example.test	0900019302	城市G	2024-11-18
19303	吳十019303	user019303@example.test	0900019303	城市H	2024-11-19
19304	張三019304	user019304@example.test	0900019304	城市A	2024-11-20
19305	李四019305	user019305@example.test	0900019305	城市B	2024-11-21
19306	王五019306	user019306@example.test	0900019306	城市C	2024-11-22
19307	趙六019307	user019307@example.test	0900019307	城市D	2024-11-23
19308	錢七019308	user019308@example.test	0900019308	城市E	2024-11-24
19309	孫八019309	user019309@example.test	0900019309	城市F	2024-11-25
19310	周九019310	user019310@example.test	0900019310	城市G	2024-11-26
19401	李四019401	user019401@example.test	0900019401	城市B	2025-02-25
19402	王五019402	user019402@example.test	0900019402	城市C	2025-02-26
19403	趙六019403	user019403@example.test	0900019403	城市D	2025-02-27
19404	錢七019404	user019404@example.test	0900019404	城市E	2025-02-28
19405	孫八019405	user019405@example.test	0900019405	城市F	2025-03-01
19406	周九019406	user019406@example.test	0900019406	城市G	2025-03-02
19407	吳十019407	user019407@example.test	0900019407	城市H	2025-03-03
19408	張三019408	user019408@example.test	0900019408	城市A	2025-03-04
19409	李四019409	user019409@example.test	0900019409	城市B	2025-03-05
19410	王五019410	user019410@example.test	0900019410	城市C	2025-03-06
19501	孫八019501	user019501@example.test	0900019501	城市F	2025-06-05
19502	周九019502	user019502@example.test	0900019502	城市G	2025-06-06
19503	吳十019503	user019503@example.test	0900019503	城市H	2025-06-07
19504	張三019504	user019504@example.test	0900019504	城市A	2025-06-08
19505	李四019505	user019505@example.test	0900019505	城市B	2025-06-09
19506	王五019506	user019506@example.test	0900019506	城市C	2025-06-10
19507	趙六019507	user019507@example.test	0900019507	城市D	2025-06-11
19508	錢七019508	user019508@example.test	0900019508	城市E	2025-06-12
19509	孫八019509	user019509@example.test	0900019509	城市F	2025-06-13
19510	周九019510	user019510@example.test	0900019510	城市G	2025-06-14
19601	李四019601	user019601@example.test	0900019601	城市B	2025-09-13
19602	王五019602	user019602@example.test	0900019602	城市C	2025-09-14
19603	趙六019603	user019603@example.test	0900019603	城市D	2025-09-15
19604	錢七019604	user019604@example.test	0900019604	城市E	2025-09-16
19605	孫八019605	user019605@example.test	0900019605	城市F	2025-09-17
19606	周九019606	user019606@example.test	0900019606	城市G	2025-09-18
19607	吳十019607	user019607@example.test	0900019607	城市H	2025-09-19
19608	張三019608	user019608@example.test	0900019608	城市A	2025-09-20
19609	李四019609	user019609@example.test	0900019609	城市B	2025-09-21
19610	王五019610	user019610@example.test	0900019610	城市C	2025-09-22
19701	孫八019701	user019701@example.test	0900019701	城市F	2025-12-22
19702	周九019702	user019702@example.test	0900019702	城市G	2025-12-23
19703	吳十019703	user019703@example.test	0900019703	城市H	2025-12-24
19704	張三019704	user019704@example.test	0900019704	城市A	2025-12-25
19705	李四019705	user019705@example.test	0900019705	城市B	2025-12-26
19706	王五019706	user019706@example.test	0900019706	城市C	2025-12-27
19707	趙六019707	user019707@example.test	0900019707	城市D	2025-12-28
19708	錢七019708	user019708@example.test	0900019708	城市E	2025-12-29
19709	孫八019709	user019709@example.test	0900019709	城市F	2025-12-30
19710	周九019710	user019710@example.test	0900019710	城市G	2023-01-01
19801	李四019801	user019801@example.test	0900019801	城市B	2023-04-02
19802	王五019802	user019802@example.test	0900019802	城市C	2023-04-03
19803	趙六019803	user019803@example.test	0900019803	城市D	2023-04-04
19804	錢七019804	user019804@example.test	0900019804	城市E	2023-04-05
19805	孫八019805	user019805@example.test	0900019805	城市F	2023-04-06
19806	周九019806	user019806@example.test	0900019806	城市G	2023-04-07
19807	吳十019807	user019807@example.test	0900019807	城市H	2023-04-08
19808	張三019808	user019808@example.test	0900019808	城市A	2023-04-09
19809	李四019809	user019809@example.test	0900019809	城市B	2023-04-10
19810	王五019810	user019810@example.test	0900019810	城市C	2023-04-11
19901	孫八019901	user019901@example.test	0900019901	城市F	2023-07-11
19902	周九019902	user019902@example.test	0900019902	城市G	2023-07-12
19903	吳十019903	user019903@example.test	0900019903	城市H	2023-07-13
19904	張三019904	user019904@example.test	0900019904	城市A	2023-07-14
19905	李四019905	user019905@example.test	0900019905	城市B	2023-07-15
19906	王五019906	user019906@example.test	0900019906	城市C	2023-07-16
19907	趙六019907	user019907@example.test	0900019907	城市D	2023-07-17
19908	錢七019908	user019908@example.test	0900019908	城市E	2023-07-18
19909	孫八019909	user019909@example.test	0900019909	城市F	2023-07-19
19910	周九019910	user019910@example.test	0900019910	城市G	2023-07-20
20001	李四020001	user020001@example.test	0900020001	城市B	2023-10-19
20002	王五020002	user020002@example.test	0900020002	城市C	2023-10-20
20003	趙六020003	user020003@example.test	0900020003	城市D	2023-10-21
20004	錢七020004	user020004@example.test	0900020004	城市E	2023-10-22
20005	孫八020005	user020005@example.test	0900020005	城市F	2023-10-23
20006	周九020006	user020006@example.test	0900020006	城市G	2023-10-24
20007	吳十020007	user020007@example.test	0900020007	城市H	2023-10-25
20008	張三020008	user020008@example.test	0900020008	城市A	2023-10-26
20009	李四020009	user020009@example.test	0900020009	城市B	2023-10-27
20010	王五020010	user020010@example.test	0900020010	城市C	2023-10-28
20101	孫八020101	user020101@example.test	0900020101	城市F	2024-01-27
20102	周九020102	user020102@example.test	0900020102	城市G	2024-01-28
20103	吳十020103	user020103@example.test	0900020103	城市H	2024-01-29
20104	張三020104	user020104@example.test	0900020104	城市A	2024-01-30
20105	李四020105	user020105@example.test	0900020105	城市B	2024-01-31
20106	王五020106	user020106@example.test	0900020106	城市C	2024-02-01
20107	趙六020107	user020107@example.test	0900020107	城市D	2024-02-02
20108	錢七020108	user020108@example.test	0900020108	城市E	2024-02-03
20109	孫八020109	user020109@example.test	0900020109	城市F	2024-02-04
20110	周九020110	user020110@example.test	0900020110	城市G	2024-02-05
20201	李四020201	user020201@example.test	0900020201	城市B	2024-05-06
20202	王五020202	user020202@example.test	0900020202	城市C	2024-05-07
20203	趙六020203	user020203@example.test	0900020203	城市D	2024-05-08
20204	錢七020204	user020204@example.test	0900020204	城市E	2024-05-09
20205	孫八020205	user020205@example.test	0900020205	城市F	2024-05-10
20206	周九020206	user020206@example.test	0900020206	城市G	2024-05-11
20207	吳十020207	user020207@example.test	0900020207	城市H	2024-05-12
20208	張三020208	user020208@example.test	0900020208	城市A	2024-05-13
20209	李四020209	user020209@example.test	0900020209	城市B	2024-05-14
20210	王五020210	user020210@example.test	0900020210	城市C	2024-05-15
20301	孫八020301	user020301@example.test	0900020301	城市F	2024-08-14
20302	周九020302	user020302@example.test	0900020302	城市G	2024-08-15
20303	吳十020303	user020303@example.test	0900020303	城市H	2024-08-16
20304	張三020304	user020304@example.test	0900020304	城市A	2024-08-17
20305	李四020305	user020305@example.test	0900020305	城市B	2024-08-18
20306	王五020306	user020306@example.test	0900020306	城市C	2024-08-19
20307	趙六020307	user020307@example.test	0900020307	城市D	2024-08-20
20308	錢七020308	user020308@example.test	0900020308	城市E	2024-08-21
20309	孫八020309	user020309@example.test	0900020309	城市F	2024-08-22
20310	周九020310	user020310@example.test	0900020310	城市G	2024-08-23
20401	李四020401	user020401@example.test	0900020401	城市B	2024-11-22
20402	王五020402	user020402@example.test	0900020402	城市C	2024-11-23
20403	趙六020403	user020403@example.test	0900020403	城市D	2024-11-24
20404	錢七020404	user020404@example.test	0900020404	城市E	2024-11-25
20405	孫八020405	user020405@example.test	0900020405	城市F	2024-11-26
20406	周九020406	user020406@example.test	0900020406	城市G	2024-11-27
20407	吳十020407	user020407@example.test	0900020407	城市H	2024-11-28
20408	張三020408	user020408@example.test	0900020408	城市A	2024-11-29
20409	李四020409	user020409@example.test	0900020409	城市B	2024-11-30
20410	王五020410	user020410@example.test	0900020410	城市C	2024-12-01
20501	孫八020501	user020501@example.test	0900020501	城市F	2025-03-02
20502	周九020502	user020502@example.test	0900020502	城市G	2025-03-03
20503	吳十020503	user020503@example.test	0900020503	城市H	2025-03-04
20504	張三020504	user020504@example.test	0900020504	城市A	2025-03-05
20505	李四020505	user020505@example.test	0900020505	城市B	2025-03-06
20506	王五020506	user020506@example.test	0900020506	城市C	2025-03-07
20507	趙六020507	user020507@example.test	0900020507	城市D	2025-03-08
20508	錢七020508	user020508@example.test	0900020508	城市E	2025-03-09
20509	孫八020509	user020509@example.test	0900020509	城市F	2025-03-10
20510	周九020510	user020510@example.test	0900020510	城市G	2025-03-11
20601	李四020601	user020601@example.test	0900020601	城市B	2025-06-10
20602	王五020602	user020602@example.test	0900020602	城市C	2025-06-11
20603	趙六020603	user020603@example.test	0900020603	城市D	2025-06-12
20604	錢七020604	user020604@example.test	0900020604	城市E	2025-06-13
20605	孫八020605	user020605@example.test	0900020605	城市F	2025-06-14
20606	周九020606	user020606@example.test	0900020606	城市G	2025-06-15
20607	吳十020607	user020607@example.test	0900020607	城市H	2025-06-16
20608	張三020608	user020608@example.test	0900020608	城市A	2025-06-17
20609	李四020609	user020609@example.test	0900020609	城市B	2025-06-18
20610	王五020610	user020610@example.test	0900020610	城市C	2025-06-19
20701	孫八020701	user020701@example.test	0900020701	城市F	2025-09-18
20702	周九020702	user020702@example.test	0900020702	城市G	2025-09-19
20703	吳十020703	user020703@example.test	0900020703	城市H	2025-09-20
20704	張三020704	user020704@example.test	0900020704	城市A	2025-09-21
20705	李四020705	user020705@example.test	0900020705	城市B	2025-09-22
20706	王五020706	user020706@example.test	0900020706	城市C	2025-09-23
20707	趙六020707	user020707@example.test	0900020707	城市D	2025-09-24
20708	錢七020708	user020708@example.test	0900020708	城市E	2025-09-25
20709	孫八020709	user020709@example.test	0900020709	城市F	2025-09-26
20710	周九020710	user020710@example.test	0900020710	城市G	2025-09-27
20801	李四020801	user020801@example.test	0900020801	城市B	2025-12-27
20802	王五020802	user020802@example.test	0900020802	城市C	2025-12-28
20803	趙六020803	user020803@example.test	0900020803	城市D	2025-12-29
20804	錢七020804	user020804@example.test	0900020804	城市E	2025-12-30
20805	孫八020805	user020805@example.test	0900020805	城市F	2023-01-01
20806	周九020806	user020806@example.test	0900020806	城市G	2023-01-02
20807	吳十020807	user020807@example.test	0900020807	城市H	2023-01-03
20808	張三020808	user020808@example.test	0900020808	城市A	2023-01-04
20809	李四020809	user020809@example.test	0900020809	城市B	2023-01-05
20810	王五020810	user020810@example.test	0900020810	城市C	2023-01-06
20901	孫八020901	user020901@example.test	0900020901	城市F	2023-04-07
20902	周九020902	user020902@example.test	0900020902	城市G	2023-04-08
20903	吳十020903	user020903@example.test	0900020903	城市H	2023-04-09
20904	張三020904	user020904@example.test	0900020904	城市A	2023-04-10
20905	李四020905	user020905@example.test	0900020905	城市B	2023-04-11
20906	王五020906	user020906@example.test	0900020906	城市C	2023-04-12
20907	趙六020907	user020907@example.test	0900020907	城市D	2023-04-13
20908	錢七020908	user020908@example.test	0900020908	城市E	2023-04-14
20909	孫八020909	user020909@example.test	0900020909	城市F	2023-04-15
20910	周九020910	user020910@example.test	0900020910	城市G	2023-04-16
21001	李四021001	user021001@example.test	0900021001	城市B	2023-07-16
21002	王五021002	user021002@example.test	0900021002	城市C	2023-07-17
21003	趙六021003	user021003@example.test	0900021003	城市D	2023-07-18
21004	錢七021004	user021004@example.test	0900021004	城市E	2023-07-19
21005	孫八021005	user021005@example.test	0900021005	城市F	2023-07-20
21006	周九021006	user021006@example.test	0900021006	城市G	2023-07-21
21007	吳十021007	user021007@example.test	0900021007	城市H	2023-07-22
21008	張三021008	user021008@example.test	0900021008	城市A	2023-07-23
21009	李四021009	user021009@example.test	0900021009	城市B	2023-07-24
21010	王五021010	user021010@example.test	0900021010	城市C	2023-07-25
21101	孫八021101	user021101@example.test	0900021101	城市F	2023-10-24
21102	周九021102	user021102@example.test	0900021102	城市G	2023-10-25
21103	吳十021103	user021103@example.test	0900021103	城市H	2023-10-26
21104	張三021104	user021104@example.test	0900021104	城市A	2023-10-27
21105	李四021105	user021105@example.test	0900021105	城市B	2023-10-28
21106	王五021106	user021106@example.test	0900021106	城市C	2023-10-29
21107	趙六021107	user021107@example.test	0900021107	城市D	2023-10-30
21108	錢七021108	user021108@example.test	0900021108	城市E	2023-10-31
21109	孫八021109	user021109@example.test	0900021109	城市F	2023-11-01
21110	周九021110	user021110@example.test	0900021110	城市G	2023-11-02
21201	李四021201	user021201@example.test	0900021201	城市B	2024-02-01
21202	王五021202	user021202@example.test	0900021202	城市C	2024-02-02
21203	趙六021203	user021203@example.test	0900021203	城市D	2024-02-03
21204	錢七021204	user021204@example.test	0900021204	城市E	2024-02-04
21205	孫八021205	user021205@example.test	0900021205	城市F	2024-02-05
21206	周九021206	user021206@example.test	0900021206	城市G	2024-02-06
21207	吳十021207	user021207@example.test	0900021207	城市H	2024-02-07
21208	張三021208	user021208@example.test	0900021208	城市A	2024-02-08
21209	李四021209	user021209@example.test	0900021209	城市B	2024-02-09
21210	王五021210	user021210@example.test	0900021210	城市C	2024-02-10
21301	孫八021301	user021301@example.test	0900021301	城市F	2024-05-11
21302	周九021302	user021302@example.test	0900021302	城市G	2024-05-12
21303	吳十021303	user021303@example.test	0900021303	城市H	2024-05-13
21304	張三021304	user021304@example.test	0900021304	城市A	2024-05-14
21305	李四021305	user021305@example.test	0900021305	城市B	2024-05-15
21306	王五021306	user021306@example.test	0900021306	城市C	2024-05-16
21307	趙六021307	user021307@example.test	0900021307	城市D	2024-05-17
21308	錢七021308	user021308@example.test	0900021308	城市E	2024-05-18
21309	孫八021309	user021309@example.test	0900021309	城市F	2024-05-19
21310	周九021310	user021310@example.test	0900021310	城市G	2024-05-20
21401	李四021401	user021401@example.test	0900021401	城市B	2024-08-19
21402	王五021402	user021402@example.test	0900021402	城市C	2024-08-20
21403	趙六021403	user021403@example.test	0900021403	城市D	2024-08-21
21404	錢七021404	user021404@example.test	0900021404	城市E	2024-08-22
21405	孫八021405	user021405@example.test	0900021405	城市F	2024-08-23
21406	周九021406	user021406@example.test	0900021406	城市G	2024-08-24
21407	吳十021407	user021407@example.test	0900021407	城市H	2024-08-25
21408	張三021408	user021408@example.test	0900021408	城市A	2024-08-26
21409	李四021409	user021409@example.test	0900021409	城市B	2024-08-27
21410	王五021410	user021410@example.test	0900021410	城市C	2024-08-28
21501	孫八021501	user021501@example.test	0900021501	城市F	2024-11-27
21502	周九021502	user021502@example.test	0900021502	城市G	2024-11-28
21503	吳十021503	user021503@example.test	0900021503	城市H	2024-11-29
21504	張三021504	user021504@example.test	0900021504	城市A	2024-11-30
21505	李四021505	user021505@example.test	0900021505	城市B	2024-12-01
21506	王五021506	user021506@example.test	0900021506	城市C	2024-12-02
21507	趙六021507	user021507@example.test	0900021507	城市D	2024-12-03
21508	錢七021508	user021508@example.test	0900021508	城市E	2024-12-04
21509	孫八021509	user021509@example.test	0900021509	城市F	2024-12-05
21510	周九021510	user021510@example.test	0900021510	城市G	2024-12-06
21601	李四021601	user021601@example.test	0900021601	城市B	2025-03-07
21602	王五021602	user021602@example.test	0900021602	城市C	2025-03-08
21603	趙六021603	user021603@example.test	0900021603	城市D	2025-03-09
21604	錢七021604	user021604@example.test	0900021604	城市E	2025-03-10
21605	孫八021605	user021605@example.test	0900021605	城市F	2025-03-11
21606	周九021606	user021606@example.test	0900021606	城市G	2025-03-12
21607	吳十021607	user021607@example.test	0900021607	城市H	2025-03-13
21608	張三021608	user021608@example.test	0900021608	城市A	2025-03-14
21609	李四021609	user021609@example.test	0900021609	城市B	2025-03-15
21610	王五021610	user021610@example.test	0900021610	城市C	2025-03-16
21701	孫八021701	user021701@example.test	0900021701	城市F	2025-06-15
21702	周九021702	user021702@example.test	0900021702	城市G	2025-06-16
21703	吳十021703	user021703@example.test	0900021703	城市H	2025-06-17
21704	張三021704	user021704@example.test	0900021704	城市A	2025-06-18
21705	李四021705	user021705@example.test	0900021705	城市B	2025-06-19
21706	王五021706	user021706@example.test	0900021706	城市C	2025-06-20
21707	趙六021707	user021707@example.test	0900021707	城市D	2025-06-21
21708	錢七021708	user021708@example.test	0900021708	城市E	2025-06-22
21709	孫八021709	user021709@example.test	0900021709	城市F	2025-06-23
21710	周九021710	user021710@example.test	0900021710	城市G	2025-06-24
21801	李四021801	user021801@example.test	0900021801	城市B	2025-09-23
21802	王五021802	user021802@example.test	0900021802	城市C	2025-09-24
21803	趙六021803	user021803@example.test	0900021803	城市D	2025-09-25
21804	錢七021804	user021804@example.test	0900021804	城市E	2025-09-26
21805	孫八021805	user021805@example.test	0900021805	城市F	2025-09-27
21806	周九021806	user021806@example.test	0900021806	城市G	2025-09-28
21807	吳十021807	user021807@example.test	0900021807	城市H	2025-09-29
21808	張三021808	user021808@example.test	0900021808	城市A	2025-09-30
21809	李四021809	user021809@example.test	0900021809	城市B	2025-10-01
21810	王五021810	user021810@example.test	0900021810	城市C	2025-10-02
21901	孫八021901	user021901@example.test	0900021901	城市F	2023-01-02
21902	周九021902	user021902@example.test	0900021902	城市G	2023-01-03
21903	吳十021903	user021903@example.test	0900021903	城市H	2023-01-04
21904	張三021904	user021904@example.test	0900021904	城市A	2023-01-05
21905	李四021905	user021905@example.test	0900021905	城市B	2023-01-06
21906	王五021906	user021906@example.test	0900021906	城市C	2023-01-07
21907	趙六021907	user021907@example.test	0900021907	城市D	2023-01-08
21908	錢七021908	user021908@example.test	0900021908	城市E	2023-01-09
21909	孫八021909	user021909@example.test	0900021909	城市F	2023-01-10
21910	周九021910	user021910@example.test	0900021910	城市G	2023-01-11
22001	李四022001	user022001@example.test	0900022001	城市B	2023-04-12
22002	王五022002	user022002@example.test	0900022002	城市C	2023-04-13
22003	趙六022003	user022003@example.test	0900022003	城市D	2023-04-14
22004	錢七022004	user022004@example.test	0900022004	城市E	2023-04-15
22005	孫八022005	user022005@example.test	0900022005	城市F	2023-04-16
22006	周九022006	user022006@example.test	0900022006	城市G	2023-04-17
22007	吳十022007	user022007@example.test	0900022007	城市H	2023-04-18
22008	張三022008	user022008@example.test	0900022008	城市A	2023-04-19
22009	李四022009	user022009@example.test	0900022009	城市B	2023-04-20
22010	王五022010	user022010@example.test	0900022010	城市C	2023-04-21
22101	孫八022101	user022101@example.test	0900022101	城市F	2023-07-21
22102	周九022102	user022102@example.test	0900022102	城市G	2023-07-22
22103	吳十022103	user022103@example.test	0900022103	城市H	2023-07-23
22104	張三022104	user022104@example.test	0900022104	城市A	2023-07-24
22105	李四022105	user022105@example.test	0900022105	城市B	2023-07-25
22106	王五022106	user022106@example.test	0900022106	城市C	2023-07-26
22107	趙六022107	user022107@example.test	0900022107	城市D	2023-07-27
22108	錢七022108	user022108@example.test	0900022108	城市E	2023-07-28
22109	孫八022109	user022109@example.test	0900022109	城市F	2023-07-29
22110	周九022110	user022110@example.test	0900022110	城市G	2023-07-30
22201	李四022201	user022201@example.test	0900022201	城市B	2023-10-29
22202	王五022202	user022202@example.test	0900022202	城市C	2023-10-30
22203	趙六022203	user022203@example.test	0900022203	城市D	2023-10-31
22204	錢七022204	user022204@example.test	0900022204	城市E	2023-11-01
22205	孫八022205	user022205@example.test	0900022205	城市F	2023-11-02
22206	周九022206	user022206@example.test	0900022206	城市G	2023-11-03
22207	吳十022207	user022207@example.test	0900022207	城市H	2023-11-04
22208	張三022208	user022208@example.test	0900022208	城市A	2023-11-05
22209	李四022209	user022209@example.test	0900022209	城市B	2023-11-06
22210	王五022210	user022210@example.test	0900022210	城市C	2023-11-07
22301	孫八022301	user022301@example.test	0900022301	城市F	2024-02-06
22302	周九022302	user022302@example.test	0900022302	城市G	2024-02-07
22303	吳十022303	user022303@example.test	0900022303	城市H	2024-02-08
22304	張三022304	user022304@example.test	0900022304	城市A	2024-02-09
22305	李四022305	user022305@example.test	0900022305	城市B	2024-02-10
22306	王五022306	user022306@example.test	0900022306	城市C	2024-02-11
22307	趙六022307	user022307@example.test	0900022307	城市D	2024-02-12
22308	錢七022308	user022308@example.test	0900022308	城市E	2024-02-13
22309	孫八022309	user022309@example.test	0900022309	城市F	2024-02-14
22310	周九022310	user022310@example.test	0900022310	城市G	2024-02-15
22401	李四022401	user022401@example.test	0900022401	城市B	2024-05-16
22402	王五022402	user022402@example.test	0900022402	城市C	2024-05-17
22403	趙六022403	user022403@example.test	0900022403	城市D	2024-05-18
22404	錢七022404	user022404@example.test	0900022404	城市E	2024-05-19
22405	孫八022405	user022405@example.test	0900022405	城市F	2024-05-20
22406	周九022406	user022406@example.test	0900022406	城市G	2024-05-21
22407	吳十022407	user022407@example.test	0900022407	城市H	2024-05-22
22408	張三022408	user022408@example.test	0900022408	城市A	2024-05-23
22409	李四022409	user022409@example.test	0900022409	城市B	2024-05-24
22410	王五022410	user022410@example.test	0900022410	城市C	2024-05-25
22501	孫八022501	user022501@example.test	0900022501	城市F	2024-08-24
22502	周九022502	user022502@example.test	0900022502	城市G	2024-08-25
22503	吳十022503	user022503@example.test	0900022503	城市H	2024-08-26
22504	張三022504	user022504@example.test	0900022504	城市A	2024-08-27
22505	李四022505	user022505@example.test	0900022505	城市B	2024-08-28
22506	王五022506	user022506@example.test	0900022506	城市C	2024-08-29
22507	趙六022507	user022507@example.test	0900022507	城市D	2024-08-30
22508	錢七022508	user022508@example.test	0900022508	城市E	2024-08-31
22509	孫八022509	user022509@example.test	0900022509	城市F	2024-09-01
22510	周九022510	user022510@example.test	0900022510	城市G	2024-09-02
22601	李四022601	user022601@example.test	0900022601	城市B	2024-12-02
22602	王五022602	user022602@example.test	0900022602	城市C	2024-12-03
22603	趙六022603	user022603@example.test	0900022603	城市D	2024-12-04
22604	錢七022604	user022604@example.test	0900022604	城市E	2024-12-05
22605	孫八022605	user022605@example.test	0900022605	城市F	2024-12-06
22606	周九022606	user022606@example.test	0900022606	城市G	2024-12-07
22607	吳十022607	user022607@example.test	0900022607	城市H	2024-12-08
22608	張三022608	user022608@example.test	0900022608	城市A	2024-12-09
22609	李四022609	user022609@example.test	0900022609	城市B	2024-12-10
22610	王五022610	user022610@example.test	0900022610	城市C	2024-12-11
22701	孫八022701	user022701@example.test	0900022701	城市F	2025-03-12
22702	周九022702	user022702@example.test	0900022702	城市G	2025-03-13
22703	吳十022703	user022703@example.test	0900022703	城市H	2025-03-14
22704	張三022704	user022704@example.test	0900022704	城市A	2025-03-15
22705	李四022705	user022705@example.test	0900022705	城市B	2025-03-16
22706	王五022706	user022706@example.test	0900022706	城市C	2025-03-17
22707	趙六022707	user022707@example.test	0900022707	城市D	2025-03-18
22708	錢七022708	user022708@example.test	0900022708	城市E	2025-03-19
22709	孫八022709	user022709@example.test	0900022709	城市F	2025-03-20
22710	周九022710	user022710@example.test	0900022710	城市G	2025-03-21
22801	李四022801	user022801@example.test	0900022801	城市B	2025-06-20
22802	王五022802	user022802@example.test	0900022802	城市C	2025-06-21
22803	趙六022803	user022803@example.test	0900022803	城市D	2025-06-22
22804	錢七022804	user022804@example.test	0900022804	城市E	2025-06-23
22805	孫八022805	user022805@example.test	0900022805	城市F	2025-06-24
22806	周九022806	user022806@example.test	0900022806	城市G	2025-06-25
22807	吳十022807	user022807@example.test	0900022807	城市H	2025-06-26
22808	張三022808	user022808@example.test	0900022808	城市A	2025-06-27
22809	李四022809	user022809@example.test	0900022809	城市B	2025-06-28
22810	王五022810	user022810@example.test	0900022810	城市C	2025-06-29
22901	孫八022901	user022901@example.test	0900022901	城市F	2025-09-28
22902	周九022902	user022902@example.test	0900022902	城市G	2025-09-29
22903	吳十022903	user022903@example.test	0900022903	城市H	2025-09-30
22904	張三022904	user022904@example.test	0900022904	城市A	2025-10-01
22905	李四022905	user022905@example.test	0900022905	城市B	2025-10-02
22906	王五022906	user022906@example.test	0900022906	城市C	2025-10-03
22907	趙六022907	user022907@example.test	0900022907	城市D	2025-10-04
22908	錢七022908	user022908@example.test	0900022908	城市E	2025-10-05
22909	孫八022909	user022909@example.test	0900022909	城市F	2025-10-06
22910	周九022910	user022910@example.test	0900022910	城市G	2025-10-07
23001	李四023001	user023001@example.test	0900023001	城市B	2023-01-07
23002	王五023002	user023002@example.test	0900023002	城市C	2023-01-08
23003	趙六023003	user023003@example.test	0900023003	城市D	2023-01-09
23004	錢七023004	user023004@example.test	0900023004	城市E	2023-01-10
23005	孫八023005	user023005@example.test	0900023005	城市F	2023-01-11
23006	周九023006	user023006@example.test	0900023006	城市G	2023-01-12
23007	吳十023007	user023007@example.test	0900023007	城市H	2023-01-13
23008	張三023008	user023008@example.test	0900023008	城市A	2023-01-14
23009	李四023009	user023009@example.test	0900023009	城市B	2023-01-15
23010	王五023010	user023010@example.test	0900023010	城市C	2023-01-16
23101	孫八023101	user023101@example.test	0900023101	城市F	2023-04-17
23102	周九023102	user023102@example.test	0900023102	城市G	2023-04-18
23103	吳十023103	user023103@example.test	0900023103	城市H	2023-04-19
23104	張三023104	user023104@example.test	0900023104	城市A	2023-04-20
23105	李四023105	user023105@example.test	0900023105	城市B	2023-04-21
23106	王五023106	user023106@example.test	0900023106	城市C	2023-04-22
23107	趙六023107	user023107@example.test	0900023107	城市D	2023-04-23
23108	錢七023108	user023108@example.test	0900023108	城市E	2023-04-24
23109	孫八023109	user023109@example.test	0900023109	城市F	2023-04-25
23110	周九023110	user023110@example.test	0900023110	城市G	2023-04-26
23201	李四023201	user023201@example.test	0900023201	城市B	2023-07-26
23202	王五023202	user023202@example.test	0900023202	城市C	2023-07-27
23203	趙六023203	user023203@example.test	0900023203	城市D	2023-07-28
23204	錢七023204	user023204@example.test	0900023204	城市E	2023-07-29
23205	孫八023205	user023205@example.test	0900023205	城市F	2023-07-30
23206	周九023206	user023206@example.test	0900023206	城市G	2023-07-31
23207	吳十023207	user023207@example.test	0900023207	城市H	2023-08-01
23208	張三023208	user023208@example.test	0900023208	城市A	2023-08-02
23209	李四023209	user023209@example.test	0900023209	城市B	2023-08-03
23210	王五023210	user023210@example.test	0900023210	城市C	2023-08-04
23301	孫八023301	user023301@example.test	0900023301	城市F	2023-11-03
23302	周九023302	user023302@example.test	0900023302	城市G	2023-11-04
23303	吳十023303	user023303@example.test	0900023303	城市H	2023-11-05
23304	張三023304	user023304@example.test	0900023304	城市A	2023-11-06
23305	李四023305	user023305@example.test	0900023305	城市B	2023-11-07
23306	王五023306	user023306@example.test	0900023306	城市C	2023-11-08
23307	趙六023307	user023307@example.test	0900023307	城市D	2023-11-09
23308	錢七023308	user023308@example.test	0900023308	城市E	2023-11-10
23309	孫八023309	user023309@example.test	0900023309	城市F	2023-11-11
23310	周九023310	user023310@example.test	0900023310	城市G	2023-11-12
23401	李四023401	user023401@example.test	0900023401	城市B	2024-02-11
23402	王五023402	user023402@example.test	0900023402	城市C	2024-02-12
23403	趙六023403	user023403@example.test	0900023403	城市D	2024-02-13
23404	錢七023404	user023404@example.test	0900023404	城市E	2024-02-14
23405	孫八023405	user023405@example.test	0900023405	城市F	2024-02-15
23406	周九023406	user023406@example.test	0900023406	城市G	2024-02-16
23407	吳十023407	user023407@example.test	0900023407	城市H	2024-02-17
23408	張三023408	user023408@example.test	0900023408	城市A	2024-02-18
23409	李四023409	user023409@example.test	0900023409	城市B	2024-02-19
23410	王五023410	user023410@example.test	0900023410	城市C	2024-02-20
23501	孫八023501	user023501@example.test	0900023501	城市F	2024-05-21
23502	周九023502	user023502@example.test	0900023502	城市G	2024-05-22
23503	吳十023503	user023503@example.test	0900023503	城市H	2024-05-23
23504	張三023504	user023504@example.test	0900023504	城市A	2024-05-24
23505	李四023505	user023505@example.test	0900023505	城市B	2024-05-25
23506	王五023506	user023506@example.test	0900023506	城市C	2024-05-26
23507	趙六023507	user023507@example.test	0900023507	城市D	2024-05-27
23508	錢七023508	user023508@example.test	0900023508	城市E	2024-05-28
23509	孫八023509	user023509@example.test	0900023509	城市F	2024-05-29
23510	周九023510	user023510@example.test	0900023510	城市G	2024-05-30
23601	李四023601	user023601@example.test	0900023601	城市B	2024-08-29
23602	王五023602	user023602@example.test	0900023602	城市C	2024-08-30
23603	趙六023603	user023603@example.test	0900023603	城市D	2024-08-31
23604	錢七023604	user023604@example.test	0900023604	城市E	2024-09-01
23605	孫八023605	user023605@example.test	0900023605	城市F	2024-09-02
23606	周九023606	user023606@example.test	0900023606	城市G	2024-09-03
23607	吳十023607	user023607@example.test	0900023607	城市H	2024-09-04
23608	張三023608	user023608@example.test	0900023608	城市A	2024-09-05
23609	李四023609	user023609@example.test	0900023609	城市B	2024-09-06
23610	王五023610	user023610@example.test	0900023610	城市C	2024-09-07
23701	孫八023701	user023701@example.test	0900023701	城市F	2024-12-07
23702	周九023702	user023702@example.test	0900023702	城市G	2024-12-08
23703	吳十023703	user023703@example.test	0900023703	城市H	2024-12-09
23704	張三023704	user023704@example.test	0900023704	城市A	2024-12-10
23705	李四023705	user023705@example.test	0900023705	城市B	2024-12-11
23706	王五023706	user023706@example.test	0900023706	城市C	2024-12-12
23707	趙六023707	user023707@example.test	0900023707	城市D	2024-12-13
23708	錢七023708	user023708@example.test	0900023708	城市E	2024-12-14
23709	孫八023709	user023709@example.test	0900023709	城市F	2024-12-15
23710	周九023710	user023710@example.test	0900023710	城市G	2024-12-16
23801	李四023801	user023801@example.test	0900023801	城市B	2025-03-17
23802	王五023802	user023802@example.test	0900023802	城市C	2025-03-18
23803	趙六023803	user023803@example.test	0900023803	城市D	2025-03-19
23804	錢七023804	user023804@example.test	0900023804	城市E	2025-03-20
23805	孫八023805	user023805@example.test	0900023805	城市F	2025-03-21
23806	周九023806	user023806@example.test	0900023806	城市G	2025-03-22
23807	吳十023807	user023807@example.test	0900023807	城市H	2025-03-23
23808	張三023808	user023808@example.test	0900023808	城市A	2025-03-24
23809	李四023809	user023809@example.test	0900023809	城市B	2025-03-25
23810	王五023810	user023810@example.test	0900023810	城市C	2025-03-26
23901	孫八023901	user023901@example.test	0900023901	城市F	2025-06-25
23902	周九023902	user023902@example.test	0900023902	城市G	2025-06-26
23903	吳十023903	user023903@example.test	0900023903	城市H	2025-06-27
23904	張三023904	user023904@example.test	0900023904	城市A	2025-06-28
23905	李四023905	user023905@example.test	0900023905	城市B	2025-06-29
23906	王五023906	user023906@example.test	0900023906	城市C	2025-06-30
23907	趙六023907	user023907@example.test	0900023907	城市D	2025-07-01
23908	錢七023908	user023908@example.test	0900023908	城市E	2025-07-02
23909	孫八023909	user023909@example.test	0900023909	城市F	2025-07-03
23910	周九023910	user023910@example.test	0900023910	城市G	2025-07-04
24001	李四024001	user024001@example.test	0900024001	城市B	2025-10-03
24002	王五024002	user024002@example.test	0900024002	城市C	2025-10-04
24003	趙六024003	user024003@example.test	0900024003	城市D	2025-10-05
24004	錢七024004	user024004@example.test	0900024004	城市E	2025-10-06
24005	孫八024005	user024005@example.test	0900024005	城市F	2025-10-07
24006	周九024006	user024006@example.test	0900024006	城市G	2025-10-08
24007	吳十024007	user024007@example.test	0900024007	城市H	2025-10-09
24008	張三024008	user024008@example.test	0900024008	城市A	2025-10-10
24009	李四024009	user024009@example.test	0900024009	城市B	2025-10-11
24010	王五024010	user024010@example.test	0900024010	城市C	2025-10-12
24101	孫八024101	user024101@example.test	0900024101	城市F	2023-01-12
24102	周九024102	user024102@example.test	0900024102	城市G	2023-01-13
24103	吳十024103	user024103@example.test	0900024103	城市H	2023-01-14
24104	張三024104	user024104@example.test	0900024104	城市A	2023-01-15
24105	李四024105	user024105@example.test	0900024105	城市B	2023-01-16
24106	王五024106	user024106@example.test	0900024106	城市C	2023-01-17
24107	趙六024107	user024107@example.test	0900024107	城市D	2023-01-18
24108	錢七024108	user024108@example.test	0900024108	城市E	2023-01-19
24109	孫八024109	user024109@example.test	0900024109	城市F	2023-01-20
24110	周九024110	user024110@example.test	0900024110	城市G	2023-01-21
24201	李四024201	user024201@example.test	0900024201	城市B	2023-04-22
24202	王五024202	user024202@example.test	0900024202	城市C	2023-04-23
24203	趙六024203	user024203@example.test	0900024203	城市D	2023-04-24
24204	錢七024204	user024204@example.test	0900024204	城市E	2023-04-25
24205	孫八024205	user024205@example.test	0900024205	城市F	2023-04-26
24206	周九024206	user024206@example.test	0900024206	城市G	2023-04-27
24207	吳十024207	user024207@example.test	0900024207	城市H	2023-04-28
24208	張三024208	user024208@example.test	0900024208	城市A	2023-04-29
24209	李四024209	user024209@example.test	0900024209	城市B	2023-04-30
24210	王五024210	user024210@example.test	0900024210	城市C	2023-05-01
24301	孫八024301	user024301@example.test	0900024301	城市F	2023-07-31
24302	周九024302	user024302@example.test	0900024302	城市G	2023-08-01
24303	吳十024303	user024303@example.test	0900024303	城市H	2023-08-02
24304	張三024304	user024304@example.test	0900024304	城市A	2023-08-03
24305	李四024305	user024305@example.test	0900024305	城市B	2023-08-04
24306	王五024306	user024306@example.test	0900024306	城市C	2023-08-05
24307	趙六024307	user024307@example.test	0900024307	城市D	2023-08-06
24308	錢七024308	user024308@example.test	0900024308	城市E	2023-08-07
24309	孫八024309	user024309@example.test	0900024309	城市F	2023-08-08
24310	周九024310	user024310@example.test	0900024310	城市G	2023-08-09
24401	李四024401	user024401@example.test	0900024401	城市B	2023-11-08
24402	王五024402	user024402@example.test	0900024402	城市C	2023-11-09
24403	趙六024403	user024403@example.test	0900024403	城市D	2023-11-10
24404	錢七024404	user024404@example.test	0900024404	城市E	2023-11-11
24405	孫八024405	user024405@example.test	0900024405	城市F	2023-11-12
24406	周九024406	user024406@example.test	0900024406	城市G	2023-11-13
24407	吳十024407	user024407@example.test	0900024407	城市H	2023-11-14
24408	張三024408	user024408@example.test	0900024408	城市A	2023-11-15
24409	李四024409	user024409@example.test	0900024409	城市B	2023-11-16
24410	王五024410	user024410@example.test	0900024410	城市C	2023-11-17
24501	孫八024501	user024501@example.test	0900024501	城市F	2024-02-16
24502	周九024502	user024502@example.test	0900024502	城市G	2024-02-17
24503	吳十024503	user024503@example.test	0900024503	城市H	2024-02-18
24504	張三024504	user024504@example.test	0900024504	城市A	2024-02-19
24505	李四024505	user024505@example.test	0900024505	城市B	2024-02-20
24506	王五024506	user024506@example.test	0900024506	城市C	2024-02-21
24507	趙六024507	user024507@example.test	0900024507	城市D	2024-02-22
24508	錢七024508	user024508@example.test	0900024508	城市E	2024-02-23
24509	孫八024509	user024509@example.test	0900024509	城市F	2024-02-24
24510	周九024510	user024510@example.test	0900024510	城市G	2024-02-25
24601	李四024601	user024601@example.test	0900024601	城市B	2024-05-26
24602	王五024602	user024602@example.test	0900024602	城市C	2024-05-27
24603	趙六024603	user024603@example.test	0900024603	城市D	2024-05-28
24604	錢七024604	user024604@example.test	0900024604	城市E	2024-05-29
24605	孫八024605	user024605@example.test	0900024605	城市F	2024-05-30
24606	周九024606	user024606@example.test	0900024606	城市G	2024-05-31
24607	吳十024607	user024607@example.test	0900024607	城市H	2024-06-01
24608	張三024608	user024608@example.test	0900024608	城市A	2024-06-02
24609	李四024609	user024609@example.test	0900024609	城市B	2024-06-03
24610	王五024610	user024610@example.test	0900024610	城市C	2024-06-04
24701	孫八024701	user024701@example.test	0900024701	城市F	2024-09-03
24702	周九024702	user024702@example.test	0900024702	城市G	2024-09-04
24703	吳十024703	user024703@example.test	0900024703	城市H	2024-09-05
24704	張三024704	user024704@example.test	0900024704	城市A	2024-09-06
24705	李四024705	user024705@example.test	0900024705	城市B	2024-09-07
24706	王五024706	user024706@example.test	0900024706	城市C	2024-09-08
24707	趙六024707	user024707@example.test	0900024707	城市D	2024-09-09
24708	錢七024708	user024708@example.test	0900024708	城市E	2024-09-10
24709	孫八024709	user024709@example.test	0900024709	城市F	2024-09-11
24710	周九024710	user024710@example.test	0900024710	城市G	2024-09-12
24801	李四024801	user024801@example.test	0900024801	城市B	2024-12-12
24802	王五024802	user024802@example.test	0900024802	城市C	2024-12-13
24803	趙六024803	user024803@example.test	0900024803	城市D	2024-12-14
24804	錢七024804	user024804@example.test	0900024804	城市E	2024-12-15
24805	孫八024805	user024805@example.test	0900024805	城市F	2024-12-16
24806	周九024806	user024806@example.test	0900024806	城市G	2024-12-17
24807	吳十024807	user024807@example.test	0900024807	城市H	2024-12-18
24808	張三024808	user024808@example.test	0900024808	城市A	2024-12-19
24809	李四024809	user024809@example.test	0900024809	城市B	2024-12-20
24810	王五024810	user024810@example.test	0900024810	城市C	2024-12-21
24901	孫八024901	user024901@example.test	0900024901	城市F	2025-03-22
24902	周九024902	user024902@example.test	0900024902	城市G	2025-03-23
24903	吳十024903	user024903@example.test	0900024903	城市H	2025-03-24
24904	張三024904	user024904@example.test	0900024904	城市A	2025-03-25
24905	李四024905	user024905@example.test	0900024905	城市B	2025-03-26
24906	王五024906	user024906@example.test	0900024906	城市C	2025-03-27
24907	趙六024907	user024907@example.test	0900024907	城市D	2025-03-28
24908	錢七024908	user024908@example.test	0900024908	城市E	2025-03-29
24909	孫八024909	user024909@example.test	0900024909	城市F	2025-03-30
24910	周九024910	user024910@example.test	0900024910	城市G	2025-03-31
25001	李四025001	user025001@example.test	0900025001	城市B	2025-06-30
25002	王五025002	user025002@example.test	0900025002	城市C	2025-07-01
25003	趙六025003	user025003@example.test	0900025003	城市D	2025-07-02
25004	錢七025004	user025004@example.test	0900025004	城市E	2025-07-03
25005	孫八025005	user025005@example.test	0900025005	城市F	2025-07-04
25006	周九025006	user025006@example.test	0900025006	城市G	2025-07-05
25007	吳十025007	user025007@example.test	0900025007	城市H	2025-07-06
25008	張三025008	user025008@example.test	0900025008	城市A	2025-07-07
25009	李四025009	user025009@example.test	0900025009	城市B	2025-07-08
25010	王五025010	user025010@example.test	0900025010	城市C	2025-07-09
25101	孫八025101	user025101@example.test	0900025101	城市F	2025-10-08
25102	周九025102	user025102@example.test	0900025102	城市G	2025-10-09
25103	吳十025103	user025103@example.test	0900025103	城市H	2025-10-10
25104	張三025104	user025104@example.test	0900025104	城市A	2025-10-11
25105	李四025105	user025105@example.test	0900025105	城市B	2025-10-12
25106	王五025106	user025106@example.test	0900025106	城市C	2025-10-13
25107	趙六025107	user025107@example.test	0900025107	城市D	2025-10-14
25108	錢七025108	user025108@example.test	0900025108	城市E	2025-10-15
25109	孫八025109	user025109@example.test	0900025109	城市F	2025-10-16
25110	周九025110	user025110@example.test	0900025110	城市G	2025-10-17
25201	李四025201	user025201@example.test	0900025201	城市B	2023-01-17
25202	王五025202	user025202@example.test	0900025202	城市C	2023-01-18
25203	趙六025203	user025203@example.test	0900025203	城市D	2023-01-19
25204	錢七025204	user025204@example.test	0900025204	城市E	2023-01-20
25205	孫八025205	user025205@example.test	0900025205	城市F	2023-01-21
25206	周九025206	user025206@example.test	0900025206	城市G	2023-01-22
25207	吳十025207	user025207@example.test	0900025207	城市H	2023-01-23
25208	張三025208	user025208@example.test	0900025208	城市A	2023-01-24
25209	李四025209	user025209@example.test	0900025209	城市B	2023-01-25
25210	王五025210	user025210@example.test	0900025210	城市C	2023-01-26
25301	孫八025301	user025301@example.test	0900025301	城市F	2023-04-27
25302	周九025302	user025302@example.test	0900025302	城市G	2023-04-28
25303	吳十025303	user025303@example.test	0900025303	城市H	2023-04-29
25304	張三025304	user025304@example.test	0900025304	城市A	2023-04-30
25305	李四025305	user025305@example.test	0900025305	城市B	2023-05-01
25306	王五025306	user025306@example.test	0900025306	城市C	2023-05-02
25307	趙六025307	user025307@example.test	0900025307	城市D	2023-05-03
25308	錢七025308	user025308@example.test	0900025308	城市E	2023-05-04
25309	孫八025309	user025309@example.test	0900025309	城市F	2023-05-05
25310	周九025310	user025310@example.test	0900025310	城市G	2023-05-06
25401	李四025401	user025401@example.test	0900025401	城市B	2023-08-05
25402	王五025402	user025402@example.test	0900025402	城市C	2023-08-06
25403	趙六025403	user025403@example.test	0900025403	城市D	2023-08-07
25404	錢七025404	user025404@example.test	0900025404	城市E	2023-08-08
25405	孫八025405	user025405@example.test	0900025405	城市F	2023-08-09
25406	周九025406	user025406@example.test	0900025406	城市G	2023-08-10
25407	吳十025407	user025407@example.test	0900025407	城市H	2023-08-11
25408	張三025408	user025408@example.test	0900025408	城市A	2023-08-12
25409	李四025409	user025409@example.test	0900025409	城市B	2023-08-13
25410	王五025410	user025410@example.test	0900025410	城市C	2023-08-14
25501	孫八025501	user025501@example.test	0900025501	城市F	2023-11-13
25502	周九025502	user025502@example.test	0900025502	城市G	2023-11-14
25503	吳十025503	user025503@example.test	0900025503	城市H	2023-11-15
25504	張三025504	user025504@example.test	0900025504	城市A	2023-11-16
25505	李四025505	user025505@example.test	0900025505	城市B	2023-11-17
25506	王五025506	user025506@example.test	0900025506	城市C	2023-11-18
25507	趙六025507	user025507@example.test	0900025507	城市D	2023-11-19
25508	錢七025508	user025508@example.test	0900025508	城市E	2023-11-20
25509	孫八025509	user025509@example.test	0900025509	城市F	2023-11-21
25510	周九025510	user025510@example.test	0900025510	城市G	2023-11-22
25601	李四025601	user025601@example.test	0900025601	城市B	2024-02-21
25602	王五025602	user025602@example.test	0900025602	城市C	2024-02-22
25603	趙六025603	user025603@example.test	0900025603	城市D	2024-02-23
25604	錢七025604	user025604@example.test	0900025604	城市E	2024-02-24
25605	孫八025605	user025605@example.test	0900025605	城市F	2024-02-25
25606	周九025606	user025606@example.test	0900025606	城市G	2024-02-26
25607	吳十025607	user025607@example.test	0900025607	城市H	2024-02-27
25608	張三025608	user025608@example.test	0900025608	城市A	2024-02-28
25609	李四025609	user025609@example.test	0900025609	城市B	2024-02-29
25610	王五025610	user025610@example.test	0900025610	城市C	2024-03-01
25701	孫八025701	user025701@example.test	0900025701	城市F	2024-05-31
25702	周九025702	user025702@example.test	0900025702	城市G	2024-06-01
25703	吳十025703	user025703@example.test	0900025703	城市H	2024-06-02
25704	張三025704	user025704@example.test	0900025704	城市A	2024-06-03
25705	李四025705	user025705@example.test	0900025705	城市B	2024-06-04
25706	王五025706	user025706@example.test	0900025706	城市C	2024-06-05
25707	趙六025707	user025707@example.test	0900025707	城市D	2024-06-06
25708	錢七025708	user025708@example.test	0900025708	城市E	2024-06-07
25709	孫八025709	user025709@example.test	0900025709	城市F	2024-06-08
25710	周九025710	user025710@example.test	0900025710	城市G	2024-06-09
25801	李四025801	user025801@example.test	0900025801	城市B	2024-09-08
25802	王五025802	user025802@example.test	0900025802	城市C	2024-09-09
25803	趙六025803	user025803@example.test	0900025803	城市D	2024-09-10
25804	錢七025804	user025804@example.test	0900025804	城市E	2024-09-11
25805	孫八025805	user025805@example.test	0900025805	城市F	2024-09-12
25806	周九025806	user025806@example.test	0900025806	城市G	2024-09-13
25807	吳十025807	user025807@example.test	0900025807	城市H	2024-09-14
25808	張三025808	user025808@example.test	0900025808	城市A	2024-09-15
25809	李四025809	user025809@example.test	0900025809	城市B	2024-09-16
25810	王五025810	user025810@example.test	0900025810	城市C	2024-09-17
25901	孫八025901	user025901@example.test	0900025901	城市F	2024-12-17
25902	周九025902	user025902@example.test	0900025902	城市G	2024-12-18
25903	吳十025903	user025903@example.test	0900025903	城市H	2024-12-19
25904	張三025904	user025904@example.test	0900025904	城市A	2024-12-20
25905	李四025905	user025905@example.test	0900025905	城市B	2024-12-21
25906	王五025906	user025906@example.test	0900025906	城市C	2024-12-22
25907	趙六025907	user025907@example.test	0900025907	城市D	2024-12-23
25908	錢七025908	user025908@example.test	0900025908	城市E	2024-12-24
25909	孫八025909	user025909@example.test	0900025909	城市F	2024-12-25
25910	周九025910	user025910@example.test	0900025910	城市G	2024-12-26
26001	李四026001	user026001@example.test	0900026001	城市B	2025-03-27
26002	王五026002	user026002@example.test	0900026002	城市C	2025-03-28
26003	趙六026003	user026003@example.test	0900026003	城市D	2025-03-29
26004	錢七026004	user026004@example.test	0900026004	城市E	2025-03-30
26005	孫八026005	user026005@example.test	0900026005	城市F	2025-03-31
26006	周九026006	user026006@example.test	0900026006	城市G	2025-04-01
26007	吳十026007	user026007@example.test	0900026007	城市H	2025-04-02
26008	張三026008	user026008@example.test	0900026008	城市A	2025-04-03
26009	李四026009	user026009@example.test	0900026009	城市B	2025-04-04
26010	王五026010	user026010@example.test	0900026010	城市C	2025-04-05
26101	孫八026101	user026101@example.test	0900026101	城市F	2025-07-05
26102	周九026102	user026102@example.test	0900026102	城市G	2025-07-06
26103	吳十026103	user026103@example.test	0900026103	城市H	2025-07-07
26104	張三026104	user026104@example.test	0900026104	城市A	2025-07-08
26105	李四026105	user026105@example.test	0900026105	城市B	2025-07-09
26106	王五026106	user026106@example.test	0900026106	城市C	2025-07-10
26107	趙六026107	user026107@example.test	0900026107	城市D	2025-07-11
26108	錢七026108	user026108@example.test	0900026108	城市E	2025-07-12
26109	孫八026109	user026109@example.test	0900026109	城市F	2025-07-13
26110	周九026110	user026110@example.test	0900026110	城市G	2025-07-14
26201	李四026201	user026201@example.test	0900026201	城市B	2025-10-13
26202	王五026202	user026202@example.test	0900026202	城市C	2025-10-14
26203	趙六026203	user026203@example.test	0900026203	城市D	2025-10-15
26204	錢七026204	user026204@example.test	0900026204	城市E	2025-10-16
26205	孫八026205	user026205@example.test	0900026205	城市F	2025-10-17
26206	周九026206	user026206@example.test	0900026206	城市G	2025-10-18
26207	吳十026207	user026207@example.test	0900026207	城市H	2025-10-19
26208	張三026208	user026208@example.test	0900026208	城市A	2025-10-20
26209	李四026209	user026209@example.test	0900026209	城市B	2025-10-21
26210	王五026210	user026210@example.test	0900026210	城市C	2025-10-22
26301	孫八026301	user026301@example.test	0900026301	城市F	2023-01-22
26302	周九026302	user026302@example.test	0900026302	城市G	2023-01-23
26303	吳十026303	user026303@example.test	0900026303	城市H	2023-01-24
26304	張三026304	user026304@example.test	0900026304	城市A	2023-01-25
26305	李四026305	user026305@example.test	0900026305	城市B	2023-01-26
26306	王五026306	user026306@example.test	0900026306	城市C	2023-01-27
26307	趙六026307	user026307@example.test	0900026307	城市D	2023-01-28
26308	錢七026308	user026308@example.test	0900026308	城市E	2023-01-29
26309	孫八026309	user026309@example.test	0900026309	城市F	2023-01-30
26310	周九026310	user026310@example.test	0900026310	城市G	2023-01-31
26401	李四026401	user026401@example.test	0900026401	城市B	2023-05-02
26402	王五026402	user026402@example.test	0900026402	城市C	2023-05-03
26403	趙六026403	user026403@example.test	0900026403	城市D	2023-05-04
26404	錢七026404	user026404@example.test	0900026404	城市E	2023-05-05
26405	孫八026405	user026405@example.test	0900026405	城市F	2023-05-06
26406	周九026406	user026406@example.test	0900026406	城市G	2023-05-07
26407	吳十026407	user026407@example.test	0900026407	城市H	2023-05-08
26408	張三026408	user026408@example.test	0900026408	城市A	2023-05-09
26409	李四026409	user026409@example.test	0900026409	城市B	2023-05-10
26410	王五026410	user026410@example.test	0900026410	城市C	2023-05-11
26501	孫八026501	user026501@example.test	0900026501	城市F	2023-08-10
26502	周九026502	user026502@example.test	0900026502	城市G	2023-08-11
26503	吳十026503	user026503@example.test	0900026503	城市H	2023-08-12
26504	張三026504	user026504@example.test	0900026504	城市A	2023-08-13
26505	李四026505	user026505@example.test	0900026505	城市B	2023-08-14
26506	王五026506	user026506@example.test	0900026506	城市C	2023-08-15
26507	趙六026507	user026507@example.test	0900026507	城市D	2023-08-16
26508	錢七026508	user026508@example.test	0900026508	城市E	2023-08-17
26509	孫八026509	user026509@example.test	0900026509	城市F	2023-08-18
26510	周九026510	user026510@example.test	0900026510	城市G	2023-08-19
26601	李四026601	user026601@example.test	0900026601	城市B	2023-11-18
26602	王五026602	user026602@example.test	0900026602	城市C	2023-11-19
26603	趙六026603	user026603@example.test	0900026603	城市D	2023-11-20
26604	錢七026604	user026604@example.test	0900026604	城市E	2023-11-21
26605	孫八026605	user026605@example.test	0900026605	城市F	2023-11-22
26606	周九026606	user026606@example.test	0900026606	城市G	2023-11-23
26607	吳十026607	user026607@example.test	0900026607	城市H	2023-11-24
26608	張三026608	user026608@example.test	0900026608	城市A	2023-11-25
26609	李四026609	user026609@example.test	0900026609	城市B	2023-11-26
26610	王五026610	user026610@example.test	0900026610	城市C	2023-11-27
26701	孫八026701	user026701@example.test	0900026701	城市F	2024-02-26
26702	周九026702	user026702@example.test	0900026702	城市G	2024-02-27
26703	吳十026703	user026703@example.test	0900026703	城市H	2024-02-28
26704	張三026704	user026704@example.test	0900026704	城市A	2024-02-29
26705	李四026705	user026705@example.test	0900026705	城市B	2024-03-01
26706	王五026706	user026706@example.test	0900026706	城市C	2024-03-02
26707	趙六026707	user026707@example.test	0900026707	城市D	2024-03-03
26708	錢七026708	user026708@example.test	0900026708	城市E	2024-03-04
26709	孫八026709	user026709@example.test	0900026709	城市F	2024-03-05
26710	周九026710	user026710@example.test	0900026710	城市G	2024-03-06
26801	李四026801	user026801@example.test	0900026801	城市B	2024-06-05
26802	王五026802	user026802@example.test	0900026802	城市C	2024-06-06
26803	趙六026803	user026803@example.test	0900026803	城市D	2024-06-07
26804	錢七026804	user026804@example.test	0900026804	城市E	2024-06-08
26805	孫八026805	user026805@example.test	0900026805	城市F	2024-06-09
26806	周九026806	user026806@example.test	0900026806	城市G	2024-06-10
26807	吳十026807	user026807@example.test	0900026807	城市H	2024-06-11
26808	張三026808	user026808@example.test	0900026808	城市A	2024-06-12
26809	李四026809	user026809@example.test	0900026809	城市B	2024-06-13
26810	王五026810	user026810@example.test	0900026810	城市C	2024-06-14
26901	孫八026901	user026901@example.test	0900026901	城市F	2024-09-13
26902	周九026902	user026902@example.test	0900026902	城市G	2024-09-14
26903	吳十026903	user026903@example.test	0900026903	城市H	2024-09-15
26904	張三026904	user026904@example.test	0900026904	城市A	2024-09-16
26905	李四026905	user026905@example.test	0900026905	城市B	2024-09-17
26906	王五026906	user026906@example.test	0900026906	城市C	2024-09-18
26907	趙六026907	user026907@example.test	0900026907	城市D	2024-09-19
26908	錢七026908	user026908@example.test	0900026908	城市E	2024-09-20
26909	孫八026909	user026909@example.test	0900026909	城市F	2024-09-21
26910	周九026910	user026910@example.test	0900026910	城市G	2024-09-22
27001	李四027001	user027001@example.test	0900027001	城市B	2024-12-22
27002	王五027002	user027002@example.test	0900027002	城市C	2024-12-23
27003	趙六027003	user027003@example.test	0900027003	城市D	2024-12-24
27004	錢七027004	user027004@example.test	0900027004	城市E	2024-12-25
27005	孫八027005	user027005@example.test	0900027005	城市F	2024-12-26
27006	周九027006	user027006@example.test	0900027006	城市G	2024-12-27
27007	吳十027007	user027007@example.test	0900027007	城市H	2024-12-28
27008	張三027008	user027008@example.test	0900027008	城市A	2024-12-29
27009	李四027009	user027009@example.test	0900027009	城市B	2024-12-30
27010	王五027010	user027010@example.test	0900027010	城市C	2024-12-31
27101	孫八027101	user027101@example.test	0900027101	城市F	2025-04-01
27102	周九027102	user027102@example.test	0900027102	城市G	2025-04-02
27103	吳十027103	user027103@example.test	0900027103	城市H	2025-04-03
27104	張三027104	user027104@example.test	0900027104	城市A	2025-04-04
27105	李四027105	user027105@example.test	0900027105	城市B	2025-04-05
27106	王五027106	user027106@example.test	0900027106	城市C	2025-04-06
27107	趙六027107	user027107@example.test	0900027107	城市D	2025-04-07
27108	錢七027108	user027108@example.test	0900027108	城市E	2025-04-08
27109	孫八027109	user027109@example.test	0900027109	城市F	2025-04-09
27110	周九027110	user027110@example.test	0900027110	城市G	2025-04-10
27201	李四027201	user027201@example.test	0900027201	城市B	2025-07-10
27202	王五027202	user027202@example.test	0900027202	城市C	2025-07-11
27203	趙六027203	user027203@example.test	0900027203	城市D	2025-07-12
27204	錢七027204	user027204@example.test	0900027204	城市E	2025-07-13
27205	孫八027205	user027205@example.test	0900027205	城市F	2025-07-14
27206	周九027206	user027206@example.test	0900027206	城市G	2025-07-15
27207	吳十027207	user027207@example.test	0900027207	城市H	2025-07-16
27208	張三027208	user027208@example.test	0900027208	城市A	2025-07-17
27209	李四027209	user027209@example.test	0900027209	城市B	2025-07-18
27210	王五027210	user027210@example.test	0900027210	城市C	2025-07-19
27301	孫八027301	user027301@example.test	0900027301	城市F	2025-10-18
27302	周九027302	user027302@example.test	0900027302	城市G	2025-10-19
27303	吳十027303	user027303@example.test	0900027303	城市H	2025-10-20
27304	張三027304	user027304@example.test	0900027304	城市A	2025-10-21
27305	李四027305	user027305@example.test	0900027305	城市B	2025-10-22
27306	王五027306	user027306@example.test	0900027306	城市C	2025-10-23
27307	趙六027307	user027307@example.test	0900027307	城市D	2025-10-24
27308	錢七027308	user027308@example.test	0900027308	城市E	2025-10-25
27309	孫八027309	user027309@example.test	0900027309	城市F	2025-10-26
27310	周九027310	user027310@example.test	0900027310	城市G	2025-10-27
27401	李四027401	user027401@example.test	0900027401	城市B	2023-01-27
27402	王五027402	user027402@example.test	0900027402	城市C	2023-01-28
27403	趙六027403	user027403@example.test	0900027403	城市D	2023-01-29
27404	錢七027404	user027404@example.test	0900027404	城市E	2023-01-30
27405	孫八027405	user027405@example.test	0900027405	城市F	2023-01-31
27406	周九027406	user027406@example.test	0900027406	城市G	2023-02-01
27407	吳十027407	user027407@example.test	0900027407	城市H	2023-02-02
27408	張三027408	user027408@example.test	0900027408	城市A	2023-02-03
27409	李四027409	user027409@example.test	0900027409	城市B	2023-02-04
27410	王五027410	user027410@example.test	0900027410	城市C	2023-02-05
27501	孫八027501	user027501@example.test	0900027501	城市F	2023-05-07
27502	周九027502	user027502@example.test	0900027502	城市G	2023-05-08
27503	吳十027503	user027503@example.test	0900027503	城市H	2023-05-09
27504	張三027504	user027504@example.test	0900027504	城市A	2023-05-10
27505	李四027505	user027505@example.test	0900027505	城市B	2023-05-11
27506	王五027506	user027506@example.test	0900027506	城市C	2023-05-12
27507	趙六027507	user027507@example.test	0900027507	城市D	2023-05-13
27508	錢七027508	user027508@example.test	0900027508	城市E	2023-05-14
27509	孫八027509	user027509@example.test	0900027509	城市F	2023-05-15
27510	周九027510	user027510@example.test	0900027510	城市G	2023-05-16
27601	李四027601	user027601@example.test	0900027601	城市B	2023-08-15
27602	王五027602	user027602@example.test	0900027602	城市C	2023-08-16
27603	趙六027603	user027603@example.test	0900027603	城市D	2023-08-17
27604	錢七027604	user027604@example.test	0900027604	城市E	2023-08-18
27605	孫八027605	user027605@example.test	0900027605	城市F	2023-08-19
27606	周九027606	user027606@example.test	0900027606	城市G	2023-08-20
27607	吳十027607	user027607@example.test	0900027607	城市H	2023-08-21
27608	張三027608	user027608@example.test	0900027608	城市A	2023-08-22
27609	李四027609	user027609@example.test	0900027609	城市B	2023-08-23
27610	王五027610	user027610@example.test	0900027610	城市C	2023-08-24
27701	孫八027701	user027701@example.test	0900027701	城市F	2023-11-23
27702	周九027702	user027702@example.test	0900027702	城市G	2023-11-24
27703	吳十027703	user027703@example.test	0900027703	城市H	2023-11-25
27704	張三027704	user027704@example.test	0900027704	城市A	2023-11-26
27705	李四027705	user027705@example.test	0900027705	城市B	2023-11-27
27706	王五027706	user027706@example.test	0900027706	城市C	2023-11-28
27707	趙六027707	user027707@example.test	0900027707	城市D	2023-11-29
27708	錢七027708	user027708@example.test	0900027708	城市E	2023-11-30
27709	孫八027709	user027709@example.test	0900027709	城市F	2023-12-01
27710	周九027710	user027710@example.test	0900027710	城市G	2023-12-02
27801	李四027801	user027801@example.test	0900027801	城市B	2024-03-02
27802	王五027802	user027802@example.test	0900027802	城市C	2024-03-03
27803	趙六027803	user027803@example.test	0900027803	城市D	2024-03-04
27804	錢七027804	user027804@example.test	0900027804	城市E	2024-03-05
27805	孫八027805	user027805@example.test	0900027805	城市F	2024-03-06
27806	周九027806	user027806@example.test	0900027806	城市G	2024-03-07
27807	吳十027807	user027807@example.test	0900027807	城市H	2024-03-08
27808	張三027808	user027808@example.test	0900027808	城市A	2024-03-09
27809	李四027809	user027809@example.test	0900027809	城市B	2024-03-10
27810	王五027810	user027810@example.test	0900027810	城市C	2024-03-11
27901	孫八027901	user027901@example.test	0900027901	城市F	2024-06-10
27902	周九027902	user027902@example.test	0900027902	城市G	2024-06-11
27903	吳十027903	user027903@example.test	0900027903	城市H	2024-06-12
27904	張三027904	user027904@example.test	0900027904	城市A	2024-06-13
27905	李四027905	user027905@example.test	0900027905	城市B	2024-06-14
27906	王五027906	user027906@example.test	0900027906	城市C	2024-06-15
27907	趙六027907	user027907@example.test	0900027907	城市D	2024-06-16
27908	錢七027908	user027908@example.test	0900027908	城市E	2024-06-17
27909	孫八027909	user027909@example.test	0900027909	城市F	2024-06-18
27910	周九027910	user027910@example.test	0900027910	城市G	2024-06-19
28001	李四028001	user028001@example.test	0900028001	城市B	2024-09-18
28002	王五028002	user028002@example.test	0900028002	城市C	2024-09-19
28003	趙六028003	user028003@example.test	0900028003	城市D	2024-09-20
28004	錢七028004	user028004@example.test	0900028004	城市E	2024-09-21
28005	孫八028005	user028005@example.test	0900028005	城市F	2024-09-22
28006	周九028006	user028006@example.test	0900028006	城市G	2024-09-23
28007	吳十028007	user028007@example.test	0900028007	城市H	2024-09-24
28008	張三028008	user028008@example.test	0900028008	城市A	2024-09-25
28009	李四028009	user028009@example.test	0900028009	城市B	2024-09-26
28010	王五028010	user028010@example.test	0900028010	城市C	2024-09-27
28101	孫八028101	user028101@example.test	0900028101	城市F	2024-12-27
28102	周九028102	user028102@example.test	0900028102	城市G	2024-12-28
28103	吳十028103	user028103@example.test	0900028103	城市H	2024-12-29
28104	張三028104	user028104@example.test	0900028104	城市A	2024-12-30
28105	李四028105	user028105@example.test	0900028105	城市B	2024-12-31
28106	王五028106	user028106@example.test	0900028106	城市C	2025-01-01
28107	趙六028107	user028107@example.test	0900028107	城市D	2025-01-02
28108	錢七028108	user028108@example.test	0900028108	城市E	2025-01-03
28109	孫八028109	user028109@example.test	0900028109	城市F	2025-01-04
28110	周九028110	user028110@example.test	0900028110	城市G	2025-01-05
28201	李四028201	user028201@example.test	0900028201	城市B	2025-04-06
28202	王五028202	user028202@example.test	0900028202	城市C	2025-04-07
28203	趙六028203	user028203@example.test	0900028203	城市D	2025-04-08
28204	錢七028204	user028204@example.test	0900028204	城市E	2025-04-09
28205	孫八028205	user028205@example.test	0900028205	城市F	2025-04-10
28206	周九028206	user028206@example.test	0900028206	城市G	2025-04-11
28207	吳十028207	user028207@example.test	0900028207	城市H	2025-04-12
28208	張三028208	user028208@example.test	0900028208	城市A	2025-04-13
28209	李四028209	user028209@example.test	0900028209	城市B	2025-04-14
28210	王五028210	user028210@example.test	0900028210	城市C	2025-04-15
28301	孫八028301	user028301@example.test	0900028301	城市F	2025-07-15
28302	周九028302	user028302@example.test	0900028302	城市G	2025-07-16
28303	吳十028303	user028303@example.test	0900028303	城市H	2025-07-17
28304	張三028304	user028304@example.test	0900028304	城市A	2025-07-18
28305	李四028305	user028305@example.test	0900028305	城市B	2025-07-19
28306	王五028306	user028306@example.test	0900028306	城市C	2025-07-20
28307	趙六028307	user028307@example.test	0900028307	城市D	2025-07-21
28308	錢七028308	user028308@example.test	0900028308	城市E	2025-07-22
28309	孫八028309	user028309@example.test	0900028309	城市F	2025-07-23
28310	周九028310	user028310@example.test	0900028310	城市G	2025-07-24
28401	李四028401	user028401@example.test	0900028401	城市B	2025-10-23
28402	王五028402	user028402@example.test	0900028402	城市C	2025-10-24
28403	趙六028403	user028403@example.test	0900028403	城市D	2025-10-25
28404	錢七028404	user028404@example.test	0900028404	城市E	2025-10-26
28405	孫八028405	user028405@example.test	0900028405	城市F	2025-10-27
28406	周九028406	user028406@example.test	0900028406	城市G	2025-10-28
28407	吳十028407	user028407@example.test	0900028407	城市H	2025-10-29
28408	張三028408	user028408@example.test	0900028408	城市A	2025-10-30
28409	李四028409	user028409@example.test	0900028409	城市B	2025-10-31
28410	王五028410	user028410@example.test	0900028410	城市C	2025-11-01
28501	孫八028501	user028501@example.test	0900028501	城市F	2023-02-01
28502	周九028502	user028502@example.test	0900028502	城市G	2023-02-02
28503	吳十028503	user028503@example.test	0900028503	城市H	2023-02-03
28504	張三028504	user028504@example.test	0900028504	城市A	2023-02-04
28505	李四028505	user028505@example.test	0900028505	城市B	2023-02-05
28506	王五028506	user028506@example.test	0900028506	城市C	2023-02-06
28507	趙六028507	user028507@example.test	0900028507	城市D	2023-02-07
28508	錢七028508	user028508@example.test	0900028508	城市E	2023-02-08
28509	孫八028509	user028509@example.test	0900028509	城市F	2023-02-09
28510	周九028510	user028510@example.test	0900028510	城市G	2023-02-10
28601	李四028601	user028601@example.test	0900028601	城市B	2023-05-12
28602	王五028602	user028602@example.test	0900028602	城市C	2023-05-13
28603	趙六028603	user028603@example.test	0900028603	城市D	2023-05-14
28604	錢七028604	user028604@example.test	0900028604	城市E	2023-05-15
28605	孫八028605	user028605@example.test	0900028605	城市F	2023-05-16
28606	周九028606	user028606@example.test	0900028606	城市G	2023-05-17
28607	吳十028607	user028607@example.test	0900028607	城市H	2023-05-18
28608	張三028608	user028608@example.test	0900028608	城市A	2023-05-19
28609	李四028609	user028609@example.test	0900028609	城市B	2023-05-20
28610	王五028610	user028610@example.test	0900028610	城市C	2023-05-21
28701	孫八028701	user028701@example.test	0900028701	城市F	2023-08-20
28702	周九028702	user028702@example.test	0900028702	城市G	2023-08-21
28703	吳十028703	user028703@example.test	0900028703	城市H	2023-08-22
28704	張三028704	user028704@example.test	0900028704	城市A	2023-08-23
28705	李四028705	user028705@example.test	0900028705	城市B	2023-08-24
28706	王五028706	user028706@example.test	0900028706	城市C	2023-08-25
28707	趙六028707	user028707@example.test	0900028707	城市D	2023-08-26
28708	錢七028708	user028708@example.test	0900028708	城市E	2023-08-27
28709	孫八028709	user028709@example.test	0900028709	城市F	2023-08-28
28710	周九028710	user028710@example.test	0900028710	城市G	2023-08-29
28801	李四028801	user028801@example.test	0900028801	城市B	2023-11-28
28802	王五028802	user028802@example.test	0900028802	城市C	2023-11-29
28803	趙六028803	user028803@example.test	0900028803	城市D	2023-11-30
28804	錢七028804	user028804@example.test	0900028804	城市E	2023-12-01
28805	孫八028805	user028805@example.test	0900028805	城市F	2023-12-02
28806	周九028806	user028806@example.test	0900028806	城市G	2023-12-03
28807	吳十028807	user028807@example.test	0900028807	城市H	2023-12-04
28808	張三028808	user028808@example.test	0900028808	城市A	2023-12-05
28809	李四028809	user028809@example.test	0900028809	城市B	2023-12-06
28810	王五028810	user028810@example.test	0900028810	城市C	2023-12-07
28901	孫八028901	user028901@example.test	0900028901	城市F	2024-03-07
28902	周九028902	user028902@example.test	0900028902	城市G	2024-03-08
28903	吳十028903	user028903@example.test	0900028903	城市H	2024-03-09
28904	張三028904	user028904@example.test	0900028904	城市A	2024-03-10
28905	李四028905	user028905@example.test	0900028905	城市B	2024-03-11
28906	王五028906	user028906@example.test	0900028906	城市C	2024-03-12
28907	趙六028907	user028907@example.test	0900028907	城市D	2024-03-13
28908	錢七028908	user028908@example.test	0900028908	城市E	2024-03-14
28909	孫八028909	user028909@example.test	0900028909	城市F	2024-03-15
28910	周九028910	user028910@example.test	0900028910	城市G	2024-03-16
29001	李四029001	user029001@example.test	0900029001	城市B	2024-06-15
29002	王五029002	user029002@example.test	0900029002	城市C	2024-06-16
29003	趙六029003	user029003@example.test	0900029003	城市D	2024-06-17
29004	錢七029004	user029004@example.test	0900029004	城市E	2024-06-18
29005	孫八029005	user029005@example.test	0900029005	城市F	2024-06-19
29006	周九029006	user029006@example.test	0900029006	城市G	2024-06-20
29007	吳十029007	user029007@example.test	0900029007	城市H	2024-06-21
29008	張三029008	user029008@example.test	0900029008	城市A	2024-06-22
29009	李四029009	user029009@example.test	0900029009	城市B	2024-06-23
29010	王五029010	user029010@example.test	0900029010	城市C	2024-06-24
29101	孫八029101	user029101@example.test	0900029101	城市F	2024-09-23
29102	周九029102	user029102@example.test	0900029102	城市G	2024-09-24
29103	吳十029103	user029103@example.test	0900029103	城市H	2024-09-25
29104	張三029104	user029104@example.test	0900029104	城市A	2024-09-26
29105	李四029105	user029105@example.test	0900029105	城市B	2024-09-27
29106	王五029106	user029106@example.test	0900029106	城市C	2024-09-28
29107	趙六029107	user029107@example.test	0900029107	城市D	2024-09-29
29108	錢七029108	user029108@example.test	0900029108	城市E	2024-09-30
29109	孫八029109	user029109@example.test	0900029109	城市F	2024-10-01
29110	周九029110	user029110@example.test	0900029110	城市G	2024-10-02
29201	李四029201	user029201@example.test	0900029201	城市B	2025-01-01
29202	王五029202	user029202@example.test	0900029202	城市C	2025-01-02
29203	趙六029203	user029203@example.test	0900029203	城市D	2025-01-03
29204	錢七029204	user029204@example.test	0900029204	城市E	2025-01-04
29205	孫八029205	user029205@example.test	0900029205	城市F	2025-01-05
29206	周九029206	user029206@example.test	0900029206	城市G	2025-01-06
29207	吳十029207	user029207@example.test	0900029207	城市H	2025-01-07
29208	張三029208	user029208@example.test	0900029208	城市A	2025-01-08
29209	李四029209	user029209@example.test	0900029209	城市B	2025-01-09
29210	王五029210	user029210@example.test	0900029210	城市C	2025-01-10
29301	孫八029301	user029301@example.test	0900029301	城市F	2025-04-11
29302	周九029302	user029302@example.test	0900029302	城市G	2025-04-12
29303	吳十029303	user029303@example.test	0900029303	城市H	2025-04-13
29304	張三029304	user029304@example.test	0900029304	城市A	2025-04-14
29305	李四029305	user029305@example.test	0900029305	城市B	2025-04-15
29306	王五029306	user029306@example.test	0900029306	城市C	2025-04-16
29307	趙六029307	user029307@example.test	0900029307	城市D	2025-04-17
29308	錢七029308	user029308@example.test	0900029308	城市E	2025-04-18
29309	孫八029309	user029309@example.test	0900029309	城市F	2025-04-19
29310	周九029310	user029310@example.test	0900029310	城市G	2025-04-20
29401	李四029401	user029401@example.test	0900029401	城市B	2025-07-20
29402	王五029402	user029402@example.test	0900029402	城市C	2025-07-21
29403	趙六029403	user029403@example.test	0900029403	城市D	2025-07-22
29404	錢七029404	user029404@example.test	0900029404	城市E	2025-07-23
29405	孫八029405	user029405@example.test	0900029405	城市F	2025-07-24
29406	周九029406	user029406@example.test	0900029406	城市G	2025-07-25
29407	吳十029407	user029407@example.test	0900029407	城市H	2025-07-26
29408	張三029408	user029408@example.test	0900029408	城市A	2025-07-27
29409	李四029409	user029409@example.test	0900029409	城市B	2025-07-28
29410	王五029410	user029410@example.test	0900029410	城市C	2025-07-29
29501	孫八029501	user029501@example.test	0900029501	城市F	2025-10-28
29502	周九029502	user029502@example.test	0900029502	城市G	2025-10-29
29503	吳十029503	user029503@example.test	0900029503	城市H	2025-10-30
29504	張三029504	user029504@example.test	0900029504	城市A	2025-10-31
29505	李四029505	user029505@example.test	0900029505	城市B	2025-11-01
29506	王五029506	user029506@example.test	0900029506	城市C	2025-11-02
29507	趙六029507	user029507@example.test	0900029507	城市D	2025-11-03
29508	錢七029508	user029508@example.test	0900029508	城市E	2025-11-04
29509	孫八029509	user029509@example.test	0900029509	城市F	2025-11-05
29510	周九029510	user029510@example.test	0900029510	城市G	2025-11-06
29601	李四029601	user029601@example.test	0900029601	城市B	2023-02-06
29602	王五029602	user029602@example.test	0900029602	城市C	2023-02-07
29603	趙六029603	user029603@example.test	0900029603	城市D	2023-02-08
29604	錢七029604	user029604@example.test	0900029604	城市E	2023-02-09
29605	孫八029605	user029605@example.test	0900029605	城市F	2023-02-10
29606	周九029606	user029606@example.test	0900029606	城市G	2023-02-11
29607	吳十029607	user029607@example.test	0900029607	城市H	2023-02-12
29608	張三029608	user029608@example.test	0900029608	城市A	2023-02-13
29609	李四029609	user029609@example.test	0900029609	城市B	2023-02-14
29610	王五029610	user029610@example.test	0900029610	城市C	2023-02-15
29701	孫八029701	user029701@example.test	0900029701	城市F	2023-05-17
29702	周九029702	user029702@example.test	0900029702	城市G	2023-05-18
29703	吳十029703	user029703@example.test	0900029703	城市H	2023-05-19
29704	張三029704	user029704@example.test	0900029704	城市A	2023-05-20
29705	李四029705	user029705@example.test	0900029705	城市B	2023-05-21
29706	王五029706	user029706@example.test	0900029706	城市C	2023-05-22
29707	趙六029707	user029707@example.test	0900029707	城市D	2023-05-23
29708	錢七029708	user029708@example.test	0900029708	城市E	2023-05-24
29709	孫八029709	user029709@example.test	0900029709	城市F	2023-05-25
29710	周九029710	user029710@example.test	0900029710	城市G	2023-05-26
29801	李四029801	user029801@example.test	0900029801	城市B	2023-08-25
29802	王五029802	user029802@example.test	0900029802	城市C	2023-08-26
29803	趙六029803	user029803@example.test	0900029803	城市D	2023-08-27
29804	錢七029804	user029804@example.test	0900029804	城市E	2023-08-28
29805	孫八029805	user029805@example.test	0900029805	城市F	2023-08-29
29806	周九029806	user029806@example.test	0900029806	城市G	2023-08-30
29807	吳十029807	user029807@example.test	0900029807	城市H	2023-08-31
29808	張三029808	user029808@example.test	0900029808	城市A	2023-09-01
29809	李四029809	user029809@example.test	0900029809	城市B	2023-09-02
29810	王五029810	user029810@example.test	0900029810	城市C	2023-09-03
29901	孫八029901	user029901@example.test	0900029901	城市F	2023-12-03
29902	周九029902	user029902@example.test	0900029902	城市G	2023-12-04
29903	吳十029903	user029903@example.test	0900029903	城市H	2023-12-05
29904	張三029904	user029904@example.test	0900029904	城市A	2023-12-06
29905	李四029905	user029905@example.test	0900029905	城市B	2023-12-07
29906	王五029906	user029906@example.test	0900029906	城市C	2023-12-08
29907	趙六029907	user029907@example.test	0900029907	城市D	2023-12-09
29908	錢七029908	user029908@example.test	0900029908	城市E	2023-12-10
29909	孫八029909	user029909@example.test	0900029909	城市F	2023-12-11
29910	周九029910	user029910@example.test	0900029910	城市G	2023-12-12
30001	李四030001	user030001@example.test	0900030001	城市B	2024-03-12
30002	王五030002	user030002@example.test	0900030002	城市C	2024-03-13
30003	趙六030003	user030003@example.test	0900030003	城市D	2024-03-14
30004	錢七030004	user030004@example.test	0900030004	城市E	2024-03-15
30005	孫八030005	user030005@example.test	0900030005	城市F	2024-03-16
30006	周九030006	user030006@example.test	0900030006	城市G	2024-03-17
30007	吳十030007	user030007@example.test	0900030007	城市H	2024-03-18
30008	張三030008	user030008@example.test	0900030008	城市A	2024-03-19
30009	李四030009	user030009@example.test	0900030009	城市B	2024-03-20
30010	王五030010	user030010@example.test	0900030010	城市C	2024-03-21
30101	孫八030101	user030101@example.test	0900030101	城市F	2024-06-20
30102	周九030102	user030102@example.test	0900030102	城市G	2024-06-21
30103	吳十030103	user030103@example.test	0900030103	城市H	2024-06-22
30104	張三030104	user030104@example.test	0900030104	城市A	2024-06-23
30105	李四030105	user030105@example.test	0900030105	城市B	2024-06-24
30106	王五030106	user030106@example.test	0900030106	城市C	2024-06-25
30107	趙六030107	user030107@example.test	0900030107	城市D	2024-06-26
30108	錢七030108	user030108@example.test	0900030108	城市E	2024-06-27
30109	孫八030109	user030109@example.test	0900030109	城市F	2024-06-28
30110	周九030110	user030110@example.test	0900030110	城市G	2024-06-29
30201	李四030201	user030201@example.test	0900030201	城市B	2024-09-28
30202	王五030202	user030202@example.test	0900030202	城市C	2024-09-29
30203	趙六030203	user030203@example.test	0900030203	城市D	2024-09-30
30204	錢七030204	user030204@example.test	0900030204	城市E	2024-10-01
30205	孫八030205	user030205@example.test	0900030205	城市F	2024-10-02
30206	周九030206	user030206@example.test	0900030206	城市G	2024-10-03
30207	吳十030207	user030207@example.test	0900030207	城市H	2024-10-04
30208	張三030208	user030208@example.test	0900030208	城市A	2024-10-05
30209	李四030209	user030209@example.test	0900030209	城市B	2024-10-06
30210	王五030210	user030210@example.test	0900030210	城市C	2024-10-07
30301	孫八030301	user030301@example.test	0900030301	城市F	2025-01-06
30302	周九030302	user030302@example.test	0900030302	城市G	2025-01-07
30303	吳十030303	user030303@example.test	0900030303	城市H	2025-01-08
30304	張三030304	user030304@example.test	0900030304	城市A	2025-01-09
30305	李四030305	user030305@example.test	0900030305	城市B	2025-01-10
30306	王五030306	user030306@example.test	0900030306	城市C	2025-01-11
30307	趙六030307	user030307@example.test	0900030307	城市D	2025-01-12
30308	錢七030308	user030308@example.test	0900030308	城市E	2025-01-13
30309	孫八030309	user030309@example.test	0900030309	城市F	2025-01-14
30310	周九030310	user030310@example.test	0900030310	城市G	2025-01-15
30401	李四030401	user030401@example.test	0900030401	城市B	2025-04-16
30402	王五030402	user030402@example.test	0900030402	城市C	2025-04-17
30403	趙六030403	user030403@example.test	0900030403	城市D	2025-04-18
30404	錢七030404	user030404@example.test	0900030404	城市E	2025-04-19
30405	孫八030405	user030405@example.test	0900030405	城市F	2025-04-20
30406	周九030406	user030406@example.test	0900030406	城市G	2025-04-21
30407	吳十030407	user030407@example.test	0900030407	城市H	2025-04-22
30408	張三030408	user030408@example.test	0900030408	城市A	2025-04-23
30409	李四030409	user030409@example.test	0900030409	城市B	2025-04-24
30410	王五030410	user030410@example.test	0900030410	城市C	2025-04-25
30501	孫八030501	user030501@example.test	0900030501	城市F	2025-07-25
30502	周九030502	user030502@example.test	0900030502	城市G	2025-07-26
30503	吳十030503	user030503@example.test	0900030503	城市H	2025-07-27
30504	張三030504	user030504@example.test	0900030504	城市A	2025-07-28
30505	李四030505	user030505@example.test	0900030505	城市B	2025-07-29
30506	王五030506	user030506@example.test	0900030506	城市C	2025-07-30
30507	趙六030507	user030507@example.test	0900030507	城市D	2025-07-31
30508	錢七030508	user030508@example.test	0900030508	城市E	2025-08-01
30509	孫八030509	user030509@example.test	0900030509	城市F	2025-08-02
30510	周九030510	user030510@example.test	0900030510	城市G	2025-08-03
30601	李四030601	user030601@example.test	0900030601	城市B	2025-11-02
30602	王五030602	user030602@example.test	0900030602	城市C	2025-11-03
30603	趙六030603	user030603@example.test	0900030603	城市D	2025-11-04
30604	錢七030604	user030604@example.test	0900030604	城市E	2025-11-05
30605	孫八030605	user030605@example.test	0900030605	城市F	2025-11-06
30606	周九030606	user030606@example.test	0900030606	城市G	2025-11-07
30607	吳十030607	user030607@example.test	0900030607	城市H	2025-11-08
30608	張三030608	user030608@example.test	0900030608	城市A	2025-11-09
30609	李四030609	user030609@example.test	0900030609	城市B	2025-11-10
30610	王五030610	user030610@example.test	0900030610	城市C	2025-11-11
30701	孫八030701	user030701@example.test	0900030701	城市F	2023-02-11
30702	周九030702	user030702@example.test	0900030702	城市G	2023-02-12
30703	吳十030703	user030703@example.test	0900030703	城市H	2023-02-13
30704	張三030704	user030704@example.test	0900030704	城市A	2023-02-14
30705	李四030705	user030705@example.test	0900030705	城市B	2023-02-15
30706	王五030706	user030706@example.test	0900030706	城市C	2023-02-16
30707	趙六030707	user030707@example.test	0900030707	城市D	2023-02-17
30708	錢七030708	user030708@example.test	0900030708	城市E	2023-02-18
30709	孫八030709	user030709@example.test	0900030709	城市F	2023-02-19
30710	周九030710	user030710@example.test	0900030710	城市G	2023-02-20
30801	李四030801	user030801@example.test	0900030801	城市B	2023-05-22
30802	王五030802	user030802@example.test	0900030802	城市C	2023-05-23
30803	趙六030803	user030803@example.test	0900030803	城市D	2023-05-24
30804	錢七030804	user030804@example.test	0900030804	城市E	2023-05-25
30805	孫八030805	user030805@example.test	0900030805	城市F	2023-05-26
30806	周九030806	user030806@example.test	0900030806	城市G	2023-05-27
30807	吳十030807	user030807@example.test	0900030807	城市H	2023-05-28
30808	張三030808	user030808@example.test	0900030808	城市A	2023-05-29
30809	李四030809	user030809@example.test	0900030809	城市B	2023-05-30
30810	王五030810	user030810@example.test	0900030810	城市C	2023-05-31
30901	孫八030901	user030901@example.test	0900030901	城市F	2023-08-30
30902	周九030902	user030902@example.test	0900030902	城市G	2023-08-31
30903	吳十030903	user030903@example.test	0900030903	城市H	2023-09-01
30904	張三030904	user030904@example.test	0900030904	城市A	2023-09-02
30905	李四030905	user030905@example.test	0900030905	城市B	2023-09-03
30906	王五030906	user030906@example.test	0900030906	城市C	2023-09-04
30907	趙六030907	user030907@example.test	0900030907	城市D	2023-09-05
30908	錢七030908	user030908@example.test	0900030908	城市E	2023-09-06
30909	孫八030909	user030909@example.test	0900030909	城市F	2023-09-07
30910	周九030910	user030910@example.test	0900030910	城市G	2023-09-08
31001	李四031001	user031001@example.test	0900031001	城市B	2023-12-08
31002	王五031002	user031002@example.test	0900031002	城市C	2023-12-09
31003	趙六031003	user031003@example.test	0900031003	城市D	2023-12-10
31004	錢七031004	user031004@example.test	0900031004	城市E	2023-12-11
31005	孫八031005	user031005@example.test	0900031005	城市F	2023-12-12
31006	周九031006	user031006@example.test	0900031006	城市G	2023-12-13
31007	吳十031007	user031007@example.test	0900031007	城市H	2023-12-14
31008	張三031008	user031008@example.test	0900031008	城市A	2023-12-15
31009	李四031009	user031009@example.test	0900031009	城市B	2023-12-16
31010	王五031010	user031010@example.test	0900031010	城市C	2023-12-17
31101	孫八031101	user031101@example.test	0900031101	城市F	2024-03-17
31102	周九031102	user031102@example.test	0900031102	城市G	2024-03-18
31103	吳十031103	user031103@example.test	0900031103	城市H	2024-03-19
31104	張三031104	user031104@example.test	0900031104	城市A	2024-03-20
31105	李四031105	user031105@example.test	0900031105	城市B	2024-03-21
31106	王五031106	user031106@example.test	0900031106	城市C	2024-03-22
31107	趙六031107	user031107@example.test	0900031107	城市D	2024-03-23
31108	錢七031108	user031108@example.test	0900031108	城市E	2024-03-24
31109	孫八031109	user031109@example.test	0900031109	城市F	2024-03-25
31110	周九031110	user031110@example.test	0900031110	城市G	2024-03-26
31201	李四031201	user031201@example.test	0900031201	城市B	2024-06-25
31202	王五031202	user031202@example.test	0900031202	城市C	2024-06-26
31203	趙六031203	user031203@example.test	0900031203	城市D	2024-06-27
31204	錢七031204	user031204@example.test	0900031204	城市E	2024-06-28
31205	孫八031205	user031205@example.test	0900031205	城市F	2024-06-29
31206	周九031206	user031206@example.test	0900031206	城市G	2024-06-30
31207	吳十031207	user031207@example.test	0900031207	城市H	2024-07-01
31208	張三031208	user031208@example.test	0900031208	城市A	2024-07-02
31209	李四031209	user031209@example.test	0900031209	城市B	2024-07-03
31210	王五031210	user031210@example.test	0900031210	城市C	2024-07-04
31301	孫八031301	user031301@example.test	0900031301	城市F	2024-10-03
31302	周九031302	user031302@example.test	0900031302	城市G	2024-10-04
31303	吳十031303	user031303@example.test	0900031303	城市H	2024-10-05
31304	張三031304	user031304@example.test	0900031304	城市A	2024-10-06
31305	李四031305	user031305@example.test	0900031305	城市B	2024-10-07
31306	王五031306	user031306@example.test	0900031306	城市C	2024-10-08
31307	趙六031307	user031307@example.test	0900031307	城市D	2024-10-09
31308	錢七031308	user031308@example.test	0900031308	城市E	2024-10-10
31309	孫八031309	user031309@example.test	0900031309	城市F	2024-10-11
31310	周九031310	user031310@example.test	0900031310	城市G	2024-10-12
31401	李四031401	user031401@example.test	0900031401	城市B	2025-01-11
31402	王五031402	user031402@example.test	0900031402	城市C	2025-01-12
31403	趙六031403	user031403@example.test	0900031403	城市D	2025-01-13
31404	錢七031404	user031404@example.test	0900031404	城市E	2025-01-14
31405	孫八031405	user031405@example.test	0900031405	城市F	2025-01-15
31406	周九031406	user031406@example.test	0900031406	城市G	2025-01-16
31407	吳十031407	user031407@example.test	0900031407	城市H	2025-01-17
31408	張三031408	user031408@example.test	0900031408	城市A	2025-01-18
31409	李四031409	user031409@example.test	0900031409	城市B	2025-01-19
31410	王五031410	user031410@example.test	0900031410	城市C	2025-01-20
31501	孫八031501	user031501@example.test	0900031501	城市F	2025-04-21
31502	周九031502	user031502@example.test	0900031502	城市G	2025-04-22
31503	吳十031503	user031503@example.test	0900031503	城市H	2025-04-23
31504	張三031504	user031504@example.test	0900031504	城市A	2025-04-24
31505	李四031505	user031505@example.test	0900031505	城市B	2025-04-25
31506	王五031506	user031506@example.test	0900031506	城市C	2025-04-26
31507	趙六031507	user031507@example.test	0900031507	城市D	2025-04-27
31508	錢七031508	user031508@example.test	0900031508	城市E	2025-04-28
31509	孫八031509	user031509@example.test	0900031509	城市F	2025-04-29
31510	周九031510	user031510@example.test	0900031510	城市G	2025-04-30
31601	李四031601	user031601@example.test	0900031601	城市B	2025-07-30
31602	王五031602	user031602@example.test	0900031602	城市C	2025-07-31
31603	趙六031603	user031603@example.test	0900031603	城市D	2025-08-01
31604	錢七031604	user031604@example.test	0900031604	城市E	2025-08-02
31605	孫八031605	user031605@example.test	0900031605	城市F	2025-08-03
31606	周九031606	user031606@example.test	0900031606	城市G	2025-08-04
31607	吳十031607	user031607@example.test	0900031607	城市H	2025-08-05
31608	張三031608	user031608@example.test	0900031608	城市A	2025-08-06
31609	李四031609	user031609@example.test	0900031609	城市B	2025-08-07
31610	王五031610	user031610@example.test	0900031610	城市C	2025-08-08
31701	孫八031701	user031701@example.test	0900031701	城市F	2025-11-07
31702	周九031702	user031702@example.test	0900031702	城市G	2025-11-08
31703	吳十031703	user031703@example.test	0900031703	城市H	2025-11-09
31704	張三031704	user031704@example.test	0900031704	城市A	2025-11-10
31705	李四031705	user031705@example.test	0900031705	城市B	2025-11-11
31706	王五031706	user031706@example.test	0900031706	城市C	2025-11-12
31707	趙六031707	user031707@example.test	0900031707	城市D	2025-11-13
31708	錢七031708	user031708@example.test	0900031708	城市E	2025-11-14
31709	孫八031709	user031709@example.test	0900031709	城市F	2025-11-15
31710	周九031710	user031710@example.test	0900031710	城市G	2025-11-16
31801	李四031801	user031801@example.test	0900031801	城市B	2023-02-16
31802	王五031802	user031802@example.test	0900031802	城市C	2023-02-17
31803	趙六031803	user031803@example.test	0900031803	城市D	2023-02-18
31804	錢七031804	user031804@example.test	0900031804	城市E	2023-02-19
31805	孫八031805	user031805@example.test	0900031805	城市F	2023-02-20
31806	周九031806	user031806@example.test	0900031806	城市G	2023-02-21
31807	吳十031807	user031807@example.test	0900031807	城市H	2023-02-22
31808	張三031808	user031808@example.test	0900031808	城市A	2023-02-23
31809	李四031809	user031809@example.test	0900031809	城市B	2023-02-24
31810	王五031810	user031810@example.test	0900031810	城市C	2023-02-25
31901	孫八031901	user031901@example.test	0900031901	城市F	2023-05-27
31902	周九031902	user031902@example.test	0900031902	城市G	2023-05-28
31903	吳十031903	user031903@example.test	0900031903	城市H	2023-05-29
31904	張三031904	user031904@example.test	0900031904	城市A	2023-05-30
31905	李四031905	user031905@example.test	0900031905	城市B	2023-05-31
31906	王五031906	user031906@example.test	0900031906	城市C	2023-06-01
31907	趙六031907	user031907@example.test	0900031907	城市D	2023-06-02
31908	錢七031908	user031908@example.test	0900031908	城市E	2023-06-03
31909	孫八031909	user031909@example.test	0900031909	城市F	2023-06-04
31910	周九031910	user031910@example.test	0900031910	城市G	2023-06-05
32001	李四032001	user032001@example.test	0900032001	城市B	2023-09-04
32002	王五032002	user032002@example.test	0900032002	城市C	2023-09-05
32003	趙六032003	user032003@example.test	0900032003	城市D	2023-09-06
32004	錢七032004	user032004@example.test	0900032004	城市E	2023-09-07
32005	孫八032005	user032005@example.test	0900032005	城市F	2023-09-08
32006	周九032006	user032006@example.test	0900032006	城市G	2023-09-09
32007	吳十032007	user032007@example.test	0900032007	城市H	2023-09-10
32008	張三032008	user032008@example.test	0900032008	城市A	2023-09-11
32009	李四032009	user032009@example.test	0900032009	城市B	2023-09-12
32010	王五032010	user032010@example.test	0900032010	城市C	2023-09-13
32101	孫八032101	user032101@example.test	0900032101	城市F	2023-12-13
32102	周九032102	user032102@example.test	0900032102	城市G	2023-12-14
32103	吳十032103	user032103@example.test	0900032103	城市H	2023-12-15
32104	張三032104	user032104@example.test	0900032104	城市A	2023-12-16
32105	李四032105	user032105@example.test	0900032105	城市B	2023-12-17
32106	王五032106	user032106@example.test	0900032106	城市C	2023-12-18
32107	趙六032107	user032107@example.test	0900032107	城市D	2023-12-19
32108	錢七032108	user032108@example.test	0900032108	城市E	2023-12-20
32109	孫八032109	user032109@example.test	0900032109	城市F	2023-12-21
32110	周九032110	user032110@example.test	0900032110	城市G	2023-12-22
32201	李四032201	user032201@example.test	0900032201	城市B	2024-03-22
32202	王五032202	user032202@example.test	0900032202	城市C	2024-03-23
32203	趙六032203	user032203@example.test	0900032203	城市D	2024-03-24
32204	錢七032204	user032204@example.test	0900032204	城市E	2024-03-25
32205	孫八032205	user032205@example.test	0900032205	城市F	2024-03-26
32206	周九032206	user032206@example.test	0900032206	城市G	2024-03-27
32207	吳十032207	user032207@example.test	0900032207	城市H	2024-03-28
32208	張三032208	user032208@example.test	0900032208	城市A	2024-03-29
32209	李四032209	user032209@example.test	0900032209	城市B	2024-03-30
32210	王五032210	user032210@example.test	0900032210	城市C	2024-03-31
32301	孫八032301	user032301@example.test	0900032301	城市F	2024-06-30
32302	周九032302	user032302@example.test	0900032302	城市G	2024-07-01
32303	吳十032303	user032303@example.test	0900032303	城市H	2024-07-02
32304	張三032304	user032304@example.test	0900032304	城市A	2024-07-03
32305	李四032305	user032305@example.test	0900032305	城市B	2024-07-04
32306	王五032306	user032306@example.test	0900032306	城市C	2024-07-05
32307	趙六032307	user032307@example.test	0900032307	城市D	2024-07-06
32308	錢七032308	user032308@example.test	0900032308	城市E	2024-07-07
32309	孫八032309	user032309@example.test	0900032309	城市F	2024-07-08
32310	周九032310	user032310@example.test	0900032310	城市G	2024-07-09
32401	李四032401	user032401@example.test	0900032401	城市B	2024-10-08
32402	王五032402	user032402@example.test	0900032402	城市C	2024-10-09
32403	趙六032403	user032403@example.test	0900032403	城市D	2024-10-10
32404	錢七032404	user032404@example.test	0900032404	城市E	2024-10-11
32405	孫八032405	user032405@example.test	0900032405	城市F	2024-10-12
32406	周九032406	user032406@example.test	0900032406	城市G	2024-10-13
32407	吳十032407	user032407@example.test	0900032407	城市H	2024-10-14
32408	張三032408	user032408@example.test	0900032408	城市A	2024-10-15
32409	李四032409	user032409@example.test	0900032409	城市B	2024-10-16
32410	王五032410	user032410@example.test	0900032410	城市C	2024-10-17
32501	孫八032501	user032501@example.test	0900032501	城市F	2025-01-16
32502	周九032502	user032502@example.test	0900032502	城市G	2025-01-17
32503	吳十032503	user032503@example.test	0900032503	城市H	2025-01-18
32504	張三032504	user032504@example.test	0900032504	城市A	2025-01-19
32505	李四032505	user032505@example.test	0900032505	城市B	2025-01-20
32506	王五032506	user032506@example.test	0900032506	城市C	2025-01-21
32507	趙六032507	user032507@example.test	0900032507	城市D	2025-01-22
32508	錢七032508	user032508@example.test	0900032508	城市E	2025-01-23
32509	孫八032509	user032509@example.test	0900032509	城市F	2025-01-24
32510	周九032510	user032510@example.test	0900032510	城市G	2025-01-25
32601	李四032601	user032601@example.test	0900032601	城市B	2025-04-26
32602	王五032602	user032602@example.test	0900032602	城市C	2025-04-27
32603	趙六032603	user032603@example.test	0900032603	城市D	2025-04-28
32604	錢七032604	user032604@example.test	0900032604	城市E	2025-04-29
32605	孫八032605	user032605@example.test	0900032605	城市F	2025-04-30
32606	周九032606	user032606@example.test	0900032606	城市G	2025-05-01
32607	吳十032607	user032607@example.test	0900032607	城市H	2025-05-02
32608	張三032608	user032608@example.test	0900032608	城市A	2025-05-03
32609	李四032609	user032609@example.test	0900032609	城市B	2025-05-04
32610	王五032610	user032610@example.test	0900032610	城市C	2025-05-05
32701	孫八032701	user032701@example.test	0900032701	城市F	2025-08-04
32702	周九032702	user032702@example.test	0900032702	城市G	2025-08-05
32703	吳十032703	user032703@example.test	0900032703	城市H	2025-08-06
32704	張三032704	user032704@example.test	0900032704	城市A	2025-08-07
32705	李四032705	user032705@example.test	0900032705	城市B	2025-08-08
32706	王五032706	user032706@example.test	0900032706	城市C	2025-08-09
32707	趙六032707	user032707@example.test	0900032707	城市D	2025-08-10
32708	錢七032708	user032708@example.test	0900032708	城市E	2025-08-11
32709	孫八032709	user032709@example.test	0900032709	城市F	2025-08-12
32710	周九032710	user032710@example.test	0900032710	城市G	2025-08-13
32801	李四032801	user032801@example.test	0900032801	城市B	2025-11-12
32802	王五032802	user032802@example.test	0900032802	城市C	2025-11-13
32803	趙六032803	user032803@example.test	0900032803	城市D	2025-11-14
32804	錢七032804	user032804@example.test	0900032804	城市E	2025-11-15
32805	孫八032805	user032805@example.test	0900032805	城市F	2025-11-16
32806	周九032806	user032806@example.test	0900032806	城市G	2025-11-17
32807	吳十032807	user032807@example.test	0900032807	城市H	2025-11-18
32808	張三032808	user032808@example.test	0900032808	城市A	2025-11-19
32809	李四032809	user032809@example.test	0900032809	城市B	2025-11-20
32810	王五032810	user032810@example.test	0900032810	城市C	2025-11-21
32901	孫八032901	user032901@example.test	0900032901	城市F	2023-02-21
32902	周九032902	user032902@example.test	0900032902	城市G	2023-02-22
32903	吳十032903	user032903@example.test	0900032903	城市H	2023-02-23
32904	張三032904	user032904@example.test	0900032904	城市A	2023-02-24
32905	李四032905	user032905@example.test	0900032905	城市B	2023-02-25
32906	王五032906	user032906@example.test	0900032906	城市C	2023-02-26
32907	趙六032907	user032907@example.test	0900032907	城市D	2023-02-27
32908	錢七032908	user032908@example.test	0900032908	城市E	2023-02-28
32909	孫八032909	user032909@example.test	0900032909	城市F	2023-03-01
32910	周九032910	user032910@example.test	0900032910	城市G	2023-03-02
33001	李四033001	user033001@example.test	0900033001	城市B	2023-06-01
33002	王五033002	user033002@example.test	0900033002	城市C	2023-06-02
33003	趙六033003	user033003@example.test	0900033003	城市D	2023-06-03
33004	錢七033004	user033004@example.test	0900033004	城市E	2023-06-04
33005	孫八033005	user033005@example.test	0900033005	城市F	2023-06-05
33006	周九033006	user033006@example.test	0900033006	城市G	2023-06-06
33007	吳十033007	user033007@example.test	0900033007	城市H	2023-06-07
33008	張三033008	user033008@example.test	0900033008	城市A	2023-06-08
33009	李四033009	user033009@example.test	0900033009	城市B	2023-06-09
33010	王五033010	user033010@example.test	0900033010	城市C	2023-06-10
33101	孫八033101	user033101@example.test	0900033101	城市F	2023-09-09
33102	周九033102	user033102@example.test	0900033102	城市G	2023-09-10
33103	吳十033103	user033103@example.test	0900033103	城市H	2023-09-11
33104	張三033104	user033104@example.test	0900033104	城市A	2023-09-12
33105	李四033105	user033105@example.test	0900033105	城市B	2023-09-13
33106	王五033106	user033106@example.test	0900033106	城市C	2023-09-14
33107	趙六033107	user033107@example.test	0900033107	城市D	2023-09-15
33108	錢七033108	user033108@example.test	0900033108	城市E	2023-09-16
33109	孫八033109	user033109@example.test	0900033109	城市F	2023-09-17
33110	周九033110	user033110@example.test	0900033110	城市G	2023-09-18
33201	李四033201	user033201@example.test	0900033201	城市B	2023-12-18
33202	王五033202	user033202@example.test	0900033202	城市C	2023-12-19
33203	趙六033203	user033203@example.test	0900033203	城市D	2023-12-20
33204	錢七033204	user033204@example.test	0900033204	城市E	2023-12-21
33205	孫八033205	user033205@example.test	0900033205	城市F	2023-12-22
33206	周九033206	user033206@example.test	0900033206	城市G	2023-12-23
33207	吳十033207	user033207@example.test	0900033207	城市H	2023-12-24
33208	張三033208	user033208@example.test	0900033208	城市A	2023-12-25
33209	李四033209	user033209@example.test	0900033209	城市B	2023-12-26
33210	王五033210	user033210@example.test	0900033210	城市C	2023-12-27
33301	孫八033301	user033301@example.test	0900033301	城市F	2024-03-27
33302	周九033302	user033302@example.test	0900033302	城市G	2024-03-28
33303	吳十033303	user033303@example.test	0900033303	城市H	2024-03-29
33304	張三033304	user033304@example.test	0900033304	城市A	2024-03-30
33305	李四033305	user033305@example.test	0900033305	城市B	2024-03-31
33306	王五033306	user033306@example.test	0900033306	城市C	2024-04-01
33307	趙六033307	user033307@example.test	0900033307	城市D	2024-04-02
33308	錢七033308	user033308@example.test	0900033308	城市E	2024-04-03
33309	孫八033309	user033309@example.test	0900033309	城市F	2024-04-04
33310	周九033310	user033310@example.test	0900033310	城市G	2024-04-05
33401	李四033401	user033401@example.test	0900033401	城市B	2024-07-05
33402	王五033402	user033402@example.test	0900033402	城市C	2024-07-06
33403	趙六033403	user033403@example.test	0900033403	城市D	2024-07-07
33404	錢七033404	user033404@example.test	0900033404	城市E	2024-07-08
33405	孫八033405	user033405@example.test	0900033405	城市F	2024-07-09
33406	周九033406	user033406@example.test	0900033406	城市G	2024-07-10
33407	吳十033407	user033407@example.test	0900033407	城市H	2024-07-11
33408	張三033408	user033408@example.test	0900033408	城市A	2024-07-12
33409	李四033409	user033409@example.test	0900033409	城市B	2024-07-13
33410	王五033410	user033410@example.test	0900033410	城市C	2024-07-14
33501	孫八033501	user033501@example.test	0900033501	城市F	2024-10-13
33502	周九033502	user033502@example.test	0900033502	城市G	2024-10-14
33503	吳十033503	user033503@example.test	0900033503	城市H	2024-10-15
33504	張三033504	user033504@example.test	0900033504	城市A	2024-10-16
33505	李四033505	user033505@example.test	0900033505	城市B	2024-10-17
33506	王五033506	user033506@example.test	0900033506	城市C	2024-10-18
33507	趙六033507	user033507@example.test	0900033507	城市D	2024-10-19
33508	錢七033508	user033508@example.test	0900033508	城市E	2024-10-20
33509	孫八033509	user033509@example.test	0900033509	城市F	2024-10-21
33510	周九033510	user033510@example.test	0900033510	城市G	2024-10-22
33601	李四033601	user033601@example.test	0900033601	城市B	2025-01-21
33602	王五033602	user033602@example.test	0900033602	城市C	2025-01-22
33603	趙六033603	user033603@example.test	0900033603	城市D	2025-01-23
33604	錢七033604	user033604@example.test	0900033604	城市E	2025-01-24
33605	孫八033605	user033605@example.test	0900033605	城市F	2025-01-25
33606	周九033606	user033606@example.test	0900033606	城市G	2025-01-26
33607	吳十033607	user033607@example.test	0900033607	城市H	2025-01-27
33608	張三033608	user033608@example.test	0900033608	城市A	2025-01-28
33609	李四033609	user033609@example.test	0900033609	城市B	2025-01-29
33610	王五033610	user033610@example.test	0900033610	城市C	2025-01-30
33701	孫八033701	user033701@example.test	0900033701	城市F	2025-05-01
33702	周九033702	user033702@example.test	0900033702	城市G	2025-05-02
33703	吳十033703	user033703@example.test	0900033703	城市H	2025-05-03
33704	張三033704	user033704@example.test	0900033704	城市A	2025-05-04
33705	李四033705	user033705@example.test	0900033705	城市B	2025-05-05
33706	王五033706	user033706@example.test	0900033706	城市C	2025-05-06
33707	趙六033707	user033707@example.test	0900033707	城市D	2025-05-07
33708	錢七033708	user033708@example.test	0900033708	城市E	2025-05-08
33709	孫八033709	user033709@example.test	0900033709	城市F	2025-05-09
33710	周九033710	user033710@example.test	0900033710	城市G	2025-05-10
33801	李四033801	user033801@example.test	0900033801	城市B	2025-08-09
33802	王五033802	user033802@example.test	0900033802	城市C	2025-08-10
33803	趙六033803	user033803@example.test	0900033803	城市D	2025-08-11
33804	錢七033804	user033804@example.test	0900033804	城市E	2025-08-12
33805	孫八033805	user033805@example.test	0900033805	城市F	2025-08-13
33806	周九033806	user033806@example.test	0900033806	城市G	2025-08-14
33807	吳十033807	user033807@example.test	0900033807	城市H	2025-08-15
33808	張三033808	user033808@example.test	0900033808	城市A	2025-08-16
33809	李四033809	user033809@example.test	0900033809	城市B	2025-08-17
33810	王五033810	user033810@example.test	0900033810	城市C	2025-08-18
33901	孫八033901	user033901@example.test	0900033901	城市F	2025-11-17
33902	周九033902	user033902@example.test	0900033902	城市G	2025-11-18
33903	吳十033903	user033903@example.test	0900033903	城市H	2025-11-19
33904	張三033904	user033904@example.test	0900033904	城市A	2025-11-20
33905	李四033905	user033905@example.test	0900033905	城市B	2025-11-21
33906	王五033906	user033906@example.test	0900033906	城市C	2025-11-22
33907	趙六033907	user033907@example.test	0900033907	城市D	2025-11-23
33908	錢七033908	user033908@example.test	0900033908	城市E	2025-11-24
33909	孫八033909	user033909@example.test	0900033909	城市F	2025-11-25
33910	周九033910	user033910@example.test	0900033910	城市G	2025-11-26
34001	李四034001	user034001@example.test	0900034001	城市B	2023-02-26
34002	王五034002	user034002@example.test	0900034002	城市C	2023-02-27
34003	趙六034003	user034003@example.test	0900034003	城市D	2023-02-28
34004	錢七034004	user034004@example.test	0900034004	城市E	2023-03-01
34005	孫八034005	user034005@example.test	0900034005	城市F	2023-03-02
34006	周九034006	user034006@example.test	0900034006	城市G	2023-03-03
34007	吳十034007	user034007@example.test	0900034007	城市H	2023-03-04
34008	張三034008	user034008@example.test	0900034008	城市A	2023-03-05
34009	李四034009	user034009@example.test	0900034009	城市B	2023-03-06
34010	王五034010	user034010@example.test	0900034010	城市C	2023-03-07
34101	孫八034101	user034101@example.test	0900034101	城市F	2023-06-06
34102	周九034102	user034102@example.test	0900034102	城市G	2023-06-07
34103	吳十034103	user034103@example.test	0900034103	城市H	2023-06-08
34104	張三034104	user034104@example.test	0900034104	城市A	2023-06-09
34105	李四034105	user034105@example.test	0900034105	城市B	2023-06-10
34106	王五034106	user034106@example.test	0900034106	城市C	2023-06-11
34107	趙六034107	user034107@example.test	0900034107	城市D	2023-06-12
34108	錢七034108	user034108@example.test	0900034108	城市E	2023-06-13
34109	孫八034109	user034109@example.test	0900034109	城市F	2023-06-14
34110	周九034110	user034110@example.test	0900034110	城市G	2023-06-15
34201	李四034201	user034201@example.test	0900034201	城市B	2023-09-14
34202	王五034202	user034202@example.test	0900034202	城市C	2023-09-15
34203	趙六034203	user034203@example.test	0900034203	城市D	2023-09-16
34204	錢七034204	user034204@example.test	0900034204	城市E	2023-09-17
34205	孫八034205	user034205@example.test	0900034205	城市F	2023-09-18
34206	周九034206	user034206@example.test	0900034206	城市G	2023-09-19
34207	吳十034207	user034207@example.test	0900034207	城市H	2023-09-20
34208	張三034208	user034208@example.test	0900034208	城市A	2023-09-21
34209	李四034209	user034209@example.test	0900034209	城市B	2023-09-22
34210	王五034210	user034210@example.test	0900034210	城市C	2023-09-23
34301	孫八034301	user034301@example.test	0900034301	城市F	2023-12-23
34302	周九034302	user034302@example.test	0900034302	城市G	2023-12-24
34303	吳十034303	user034303@example.test	0900034303	城市H	2023-12-25
34304	張三034304	user034304@example.test	0900034304	城市A	2023-12-26
34305	李四034305	user034305@example.test	0900034305	城市B	2023-12-27
34306	王五034306	user034306@example.test	0900034306	城市C	2023-12-28
34307	趙六034307	user034307@example.test	0900034307	城市D	2023-12-29
34308	錢七034308	user034308@example.test	0900034308	城市E	2023-12-30
34309	孫八034309	user034309@example.test	0900034309	城市F	2023-12-31
34310	周九034310	user034310@example.test	0900034310	城市G	2024-01-01
34401	李四034401	user034401@example.test	0900034401	城市B	2024-04-01
34402	王五034402	user034402@example.test	0900034402	城市C	2024-04-02
34403	趙六034403	user034403@example.test	0900034403	城市D	2024-04-03
34404	錢七034404	user034404@example.test	0900034404	城市E	2024-04-04
34405	孫八034405	user034405@example.test	0900034405	城市F	2024-04-05
34406	周九034406	user034406@example.test	0900034406	城市G	2024-04-06
34407	吳十034407	user034407@example.test	0900034407	城市H	2024-04-07
34408	張三034408	user034408@example.test	0900034408	城市A	2024-04-08
34409	李四034409	user034409@example.test	0900034409	城市B	2024-04-09
34410	王五034410	user034410@example.test	0900034410	城市C	2024-04-10
34501	孫八034501	user034501@example.test	0900034501	城市F	2024-07-10
34502	周九034502	user034502@example.test	0900034502	城市G	2024-07-11
34503	吳十034503	user034503@example.test	0900034503	城市H	2024-07-12
34504	張三034504	user034504@example.test	0900034504	城市A	2024-07-13
34505	李四034505	user034505@example.test	0900034505	城市B	2024-07-14
34506	王五034506	user034506@example.test	0900034506	城市C	2024-07-15
34507	趙六034507	user034507@example.test	0900034507	城市D	2024-07-16
34508	錢七034508	user034508@example.test	0900034508	城市E	2024-07-17
34509	孫八034509	user034509@example.test	0900034509	城市F	2024-07-18
34510	周九034510	user034510@example.test	0900034510	城市G	2024-07-19
34601	李四034601	user034601@example.test	0900034601	城市B	2024-10-18
34602	王五034602	user034602@example.test	0900034602	城市C	2024-10-19
34603	趙六034603	user034603@example.test	0900034603	城市D	2024-10-20
34604	錢七034604	user034604@example.test	0900034604	城市E	2024-10-21
34605	孫八034605	user034605@example.test	0900034605	城市F	2024-10-22
34606	周九034606	user034606@example.test	0900034606	城市G	2024-10-23
34607	吳十034607	user034607@example.test	0900034607	城市H	2024-10-24
34608	張三034608	user034608@example.test	0900034608	城市A	2024-10-25
34609	李四034609	user034609@example.test	0900034609	城市B	2024-10-26
34610	王五034610	user034610@example.test	0900034610	城市C	2024-10-27
34701	孫八034701	user034701@example.test	0900034701	城市F	2025-01-26
34702	周九034702	user034702@example.test	0900034702	城市G	2025-01-27
34703	吳十034703	user034703@example.test	0900034703	城市H	2025-01-28
34704	張三034704	user034704@example.test	0900034704	城市A	2025-01-29
34705	李四034705	user034705@example.test	0900034705	城市B	2025-01-30
34706	王五034706	user034706@example.test	0900034706	城市C	2025-01-31
34707	趙六034707	user034707@example.test	0900034707	城市D	2025-02-01
34708	錢七034708	user034708@example.test	0900034708	城市E	2025-02-02
34709	孫八034709	user034709@example.test	0900034709	城市F	2025-02-03
34710	周九034710	user034710@example.test	0900034710	城市G	2025-02-04
34801	李四034801	user034801@example.test	0900034801	城市B	2025-05-06
34802	王五034802	user034802@example.test	0900034802	城市C	2025-05-07
34803	趙六034803	user034803@example.test	0900034803	城市D	2025-05-08
34804	錢七034804	user034804@example.test	0900034804	城市E	2025-05-09
34805	孫八034805	user034805@example.test	0900034805	城市F	2025-05-10
34806	周九034806	user034806@example.test	0900034806	城市G	2025-05-11
34807	吳十034807	user034807@example.test	0900034807	城市H	2025-05-12
34808	張三034808	user034808@example.test	0900034808	城市A	2025-05-13
34809	李四034809	user034809@example.test	0900034809	城市B	2025-05-14
34810	王五034810	user034810@example.test	0900034810	城市C	2025-05-15
34901	孫八034901	user034901@example.test	0900034901	城市F	2025-08-14
34902	周九034902	user034902@example.test	0900034902	城市G	2025-08-15
34903	吳十034903	user034903@example.test	0900034903	城市H	2025-08-16
34904	張三034904	user034904@example.test	0900034904	城市A	2025-08-17
34905	李四034905	user034905@example.test	0900034905	城市B	2025-08-18
34906	王五034906	user034906@example.test	0900034906	城市C	2025-08-19
34907	趙六034907	user034907@example.test	0900034907	城市D	2025-08-20
34908	錢七034908	user034908@example.test	0900034908	城市E	2025-08-21
34909	孫八034909	user034909@example.test	0900034909	城市F	2025-08-22
34910	周九034910	user034910@example.test	0900034910	城市G	2025-08-23
35001	李四035001	user035001@example.test	0900035001	城市B	2025-11-22
35002	王五035002	user035002@example.test	0900035002	城市C	2025-11-23
35003	趙六035003	user035003@example.test	0900035003	城市D	2025-11-24
35004	錢七035004	user035004@example.test	0900035004	城市E	2025-11-25
35005	孫八035005	user035005@example.test	0900035005	城市F	2025-11-26
35006	周九035006	user035006@example.test	0900035006	城市G	2025-11-27
35007	吳十035007	user035007@example.test	0900035007	城市H	2025-11-28
35008	張三035008	user035008@example.test	0900035008	城市A	2025-11-29
35009	李四035009	user035009@example.test	0900035009	城市B	2025-11-30
35010	王五035010	user035010@example.test	0900035010	城市C	2025-12-01
35101	孫八035101	user035101@example.test	0900035101	城市F	2023-03-03
35102	周九035102	user035102@example.test	0900035102	城市G	2023-03-04
35103	吳十035103	user035103@example.test	0900035103	城市H	2023-03-05
35104	張三035104	user035104@example.test	0900035104	城市A	2023-03-06
35105	李四035105	user035105@example.test	0900035105	城市B	2023-03-07
35106	王五035106	user035106@example.test	0900035106	城市C	2023-03-08
35107	趙六035107	user035107@example.test	0900035107	城市D	2023-03-09
35108	錢七035108	user035108@example.test	0900035108	城市E	2023-03-10
35109	孫八035109	user035109@example.test	0900035109	城市F	2023-03-11
35110	周九035110	user035110@example.test	0900035110	城市G	2023-03-12
35201	李四035201	user035201@example.test	0900035201	城市B	2023-06-11
35202	王五035202	user035202@example.test	0900035202	城市C	2023-06-12
35203	趙六035203	user035203@example.test	0900035203	城市D	2023-06-13
35204	錢七035204	user035204@example.test	0900035204	城市E	2023-06-14
35205	孫八035205	user035205@example.test	0900035205	城市F	2023-06-15
35206	周九035206	user035206@example.test	0900035206	城市G	2023-06-16
35207	吳十035207	user035207@example.test	0900035207	城市H	2023-06-17
35208	張三035208	user035208@example.test	0900035208	城市A	2023-06-18
35209	李四035209	user035209@example.test	0900035209	城市B	2023-06-19
35210	王五035210	user035210@example.test	0900035210	城市C	2023-06-20
35301	孫八035301	user035301@example.test	0900035301	城市F	2023-09-19
35302	周九035302	user035302@example.test	0900035302	城市G	2023-09-20
35303	吳十035303	user035303@example.test	0900035303	城市H	2023-09-21
35304	張三035304	user035304@example.test	0900035304	城市A	2023-09-22
35305	李四035305	user035305@example.test	0900035305	城市B	2023-09-23
35306	王五035306	user035306@example.test	0900035306	城市C	2023-09-24
35307	趙六035307	user035307@example.test	0900035307	城市D	2023-09-25
35308	錢七035308	user035308@example.test	0900035308	城市E	2023-09-26
35309	孫八035309	user035309@example.test	0900035309	城市F	2023-09-27
35310	周九035310	user035310@example.test	0900035310	城市G	2023-09-28
35401	李四035401	user035401@example.test	0900035401	城市B	2023-12-28
35402	王五035402	user035402@example.test	0900035402	城市C	2023-12-29
35403	趙六035403	user035403@example.test	0900035403	城市D	2023-12-30
35404	錢七035404	user035404@example.test	0900035404	城市E	2023-12-31
35405	孫八035405	user035405@example.test	0900035405	城市F	2024-01-01
35406	周九035406	user035406@example.test	0900035406	城市G	2024-01-02
35407	吳十035407	user035407@example.test	0900035407	城市H	2024-01-03
35408	張三035408	user035408@example.test	0900035408	城市A	2024-01-04
35409	李四035409	user035409@example.test	0900035409	城市B	2024-01-05
35410	王五035410	user035410@example.test	0900035410	城市C	2024-01-06
35501	孫八035501	user035501@example.test	0900035501	城市F	2024-04-06
35502	周九035502	user035502@example.test	0900035502	城市G	2024-04-07
35503	吳十035503	user035503@example.test	0900035503	城市H	2024-04-08
35504	張三035504	user035504@example.test	0900035504	城市A	2024-04-09
35505	李四035505	user035505@example.test	0900035505	城市B	2024-04-10
35506	王五035506	user035506@example.test	0900035506	城市C	2024-04-11
35507	趙六035507	user035507@example.test	0900035507	城市D	2024-04-12
35508	錢七035508	user035508@example.test	0900035508	城市E	2024-04-13
35509	孫八035509	user035509@example.test	0900035509	城市F	2024-04-14
35510	周九035510	user035510@example.test	0900035510	城市G	2024-04-15
35601	李四035601	user035601@example.test	0900035601	城市B	2024-07-15
35602	王五035602	user035602@example.test	0900035602	城市C	2024-07-16
35603	趙六035603	user035603@example.test	0900035603	城市D	2024-07-17
35604	錢七035604	user035604@example.test	0900035604	城市E	2024-07-18
35605	孫八035605	user035605@example.test	0900035605	城市F	2024-07-19
35606	周九035606	user035606@example.test	0900035606	城市G	2024-07-20
35607	吳十035607	user035607@example.test	0900035607	城市H	2024-07-21
35608	張三035608	user035608@example.test	0900035608	城市A	2024-07-22
35609	李四035609	user035609@example.test	0900035609	城市B	2024-07-23
35610	王五035610	user035610@example.test	0900035610	城市C	2024-07-24
35701	孫八035701	user035701@example.test	0900035701	城市F	2024-10-23
35702	周九035702	user035702@example.test	0900035702	城市G	2024-10-24
35703	吳十035703	user035703@example.test	0900035703	城市H	2024-10-25
35704	張三035704	user035704@example.test	0900035704	城市A	2024-10-26
35705	李四035705	user035705@example.test	0900035705	城市B	2024-10-27
35706	王五035706	user035706@example.test	0900035706	城市C	2024-10-28
35707	趙六035707	user035707@example.test	0900035707	城市D	2024-10-29
35708	錢七035708	user035708@example.test	0900035708	城市E	2024-10-30
35709	孫八035709	user035709@example.test	0900035709	城市F	2024-10-31
35710	周九035710	user035710@example.test	0900035710	城市G	2024-11-01
35801	李四035801	user035801@example.test	0900035801	城市B	2025-01-31
35802	王五035802	user035802@example.test	0900035802	城市C	2025-02-01
35803	趙六035803	user035803@example.test	0900035803	城市D	2025-02-02
35804	錢七035804	user035804@example.test	0900035804	城市E	2025-02-03
35805	孫八035805	user035805@example.test	0900035805	城市F	2025-02-04
35806	周九035806	user035806@example.test	0900035806	城市G	2025-02-05
35807	吳十035807	user035807@example.test	0900035807	城市H	2025-02-06
35808	張三035808	user035808@example.test	0900035808	城市A	2025-02-07
35809	李四035809	user035809@example.test	0900035809	城市B	2025-02-08
35810	王五035810	user035810@example.test	0900035810	城市C	2025-02-09
35901	孫八035901	user035901@example.test	0900035901	城市F	2025-05-11
35902	周九035902	user035902@example.test	0900035902	城市G	2025-05-12
35903	吳十035903	user035903@example.test	0900035903	城市H	2025-05-13
35904	張三035904	user035904@example.test	0900035904	城市A	2025-05-14
35905	李四035905	user035905@example.test	0900035905	城市B	2025-05-15
35906	王五035906	user035906@example.test	0900035906	城市C	2025-05-16
35907	趙六035907	user035907@example.test	0900035907	城市D	2025-05-17
35908	錢七035908	user035908@example.test	0900035908	城市E	2025-05-18
35909	孫八035909	user035909@example.test	0900035909	城市F	2025-05-19
35910	周九035910	user035910@example.test	0900035910	城市G	2025-05-20
36001	李四036001	user036001@example.test	0900036001	城市B	2025-08-19
36002	王五036002	user036002@example.test	0900036002	城市C	2025-08-20
36003	趙六036003	user036003@example.test	0900036003	城市D	2025-08-21
36004	錢七036004	user036004@example.test	0900036004	城市E	2025-08-22
36005	孫八036005	user036005@example.test	0900036005	城市F	2025-08-23
36006	周九036006	user036006@example.test	0900036006	城市G	2025-08-24
36007	吳十036007	user036007@example.test	0900036007	城市H	2025-08-25
36008	張三036008	user036008@example.test	0900036008	城市A	2025-08-26
36009	李四036009	user036009@example.test	0900036009	城市B	2025-08-27
36010	王五036010	user036010@example.test	0900036010	城市C	2025-08-28
36101	孫八036101	user036101@example.test	0900036101	城市F	2025-11-27
36102	周九036102	user036102@example.test	0900036102	城市G	2025-11-28
36103	吳十036103	user036103@example.test	0900036103	城市H	2025-11-29
36104	張三036104	user036104@example.test	0900036104	城市A	2025-11-30
36105	李四036105	user036105@example.test	0900036105	城市B	2025-12-01
36106	王五036106	user036106@example.test	0900036106	城市C	2025-12-02
36107	趙六036107	user036107@example.test	0900036107	城市D	2025-12-03
36108	錢七036108	user036108@example.test	0900036108	城市E	2025-12-04
36109	孫八036109	user036109@example.test	0900036109	城市F	2025-12-05
36110	周九036110	user036110@example.test	0900036110	城市G	2025-12-06
36201	李四036201	user036201@example.test	0900036201	城市B	2023-03-08
36202	王五036202	user036202@example.test	0900036202	城市C	2023-03-09
36203	趙六036203	user036203@example.test	0900036203	城市D	2023-03-10
36204	錢七036204	user036204@example.test	0900036204	城市E	2023-03-11
36205	孫八036205	user036205@example.test	0900036205	城市F	2023-03-12
36206	周九036206	user036206@example.test	0900036206	城市G	2023-03-13
36207	吳十036207	user036207@example.test	0900036207	城市H	2023-03-14
36208	張三036208	user036208@example.test	0900036208	城市A	2023-03-15
36209	李四036209	user036209@example.test	0900036209	城市B	2023-03-16
36210	王五036210	user036210@example.test	0900036210	城市C	2023-03-17
36301	孫八036301	user036301@example.test	0900036301	城市F	2023-06-16
36302	周九036302	user036302@example.test	0900036302	城市G	2023-06-17
36303	吳十036303	user036303@example.test	0900036303	城市H	2023-06-18
36304	張三036304	user036304@example.test	0900036304	城市A	2023-06-19
36305	李四036305	user036305@example.test	0900036305	城市B	2023-06-20
36306	王五036306	user036306@example.test	0900036306	城市C	2023-06-21
36307	趙六036307	user036307@example.test	0900036307	城市D	2023-06-22
36308	錢七036308	user036308@example.test	0900036308	城市E	2023-06-23
36309	孫八036309	user036309@example.test	0900036309	城市F	2023-06-24
36310	周九036310	user036310@example.test	0900036310	城市G	2023-06-25
36401	李四036401	user036401@example.test	0900036401	城市B	2023-09-24
36402	王五036402	user036402@example.test	0900036402	城市C	2023-09-25
36403	趙六036403	user036403@example.test	0900036403	城市D	2023-09-26
36404	錢七036404	user036404@example.test	0900036404	城市E	2023-09-27
36405	孫八036405	user036405@example.test	0900036405	城市F	2023-09-28
36406	周九036406	user036406@example.test	0900036406	城市G	2023-09-29
36407	吳十036407	user036407@example.test	0900036407	城市H	2023-09-30
36408	張三036408	user036408@example.test	0900036408	城市A	2023-10-01
36409	李四036409	user036409@example.test	0900036409	城市B	2023-10-02
36410	王五036410	user036410@example.test	0900036410	城市C	2023-10-03
36501	孫八036501	user036501@example.test	0900036501	城市F	2024-01-02
36502	周九036502	user036502@example.test	0900036502	城市G	2024-01-03
36503	吳十036503	user036503@example.test	0900036503	城市H	2024-01-04
36504	張三036504	user036504@example.test	0900036504	城市A	2024-01-05
36505	李四036505	user036505@example.test	0900036505	城市B	2024-01-06
36506	王五036506	user036506@example.test	0900036506	城市C	2024-01-07
36507	趙六036507	user036507@example.test	0900036507	城市D	2024-01-08
36508	錢七036508	user036508@example.test	0900036508	城市E	2024-01-09
36509	孫八036509	user036509@example.test	0900036509	城市F	2024-01-10
36510	周九036510	user036510@example.test	0900036510	城市G	2024-01-11
36601	李四036601	user036601@example.test	0900036601	城市B	2024-04-11
36602	王五036602	user036602@example.test	0900036602	城市C	2024-04-12
36603	趙六036603	user036603@example.test	0900036603	城市D	2024-04-13
36604	錢七036604	user036604@example.test	0900036604	城市E	2024-04-14
36605	孫八036605	user036605@example.test	0900036605	城市F	2024-04-15
36606	周九036606	user036606@example.test	0900036606	城市G	2024-04-16
36607	吳十036607	user036607@example.test	0900036607	城市H	2024-04-17
36608	張三036608	user036608@example.test	0900036608	城市A	2024-04-18
36609	李四036609	user036609@example.test	0900036609	城市B	2024-04-19
36610	王五036610	user036610@example.test	0900036610	城市C	2024-04-20
36701	孫八036701	user036701@example.test	0900036701	城市F	2024-07-20
36702	周九036702	user036702@example.test	0900036702	城市G	2024-07-21
36703	吳十036703	user036703@example.test	0900036703	城市H	2024-07-22
36704	張三036704	user036704@example.test	0900036704	城市A	2024-07-23
36705	李四036705	user036705@example.test	0900036705	城市B	2024-07-24
36706	王五036706	user036706@example.test	0900036706	城市C	2024-07-25
36707	趙六036707	user036707@example.test	0900036707	城市D	2024-07-26
36708	錢七036708	user036708@example.test	0900036708	城市E	2024-07-27
36709	孫八036709	user036709@example.test	0900036709	城市F	2024-07-28
36710	周九036710	user036710@example.test	0900036710	城市G	2024-07-29
36801	李四036801	user036801@example.test	0900036801	城市B	2024-10-28
36802	王五036802	user036802@example.test	0900036802	城市C	2024-10-29
36803	趙六036803	user036803@example.test	0900036803	城市D	2024-10-30
36804	錢七036804	user036804@example.test	0900036804	城市E	2024-10-31
36805	孫八036805	user036805@example.test	0900036805	城市F	2024-11-01
36806	周九036806	user036806@example.test	0900036806	城市G	2024-11-02
36807	吳十036807	user036807@example.test	0900036807	城市H	2024-11-03
36808	張三036808	user036808@example.test	0900036808	城市A	2024-11-04
36809	李四036809	user036809@example.test	0900036809	城市B	2024-11-05
36810	王五036810	user036810@example.test	0900036810	城市C	2024-11-06
36901	孫八036901	user036901@example.test	0900036901	城市F	2025-02-05
36902	周九036902	user036902@example.test	0900036902	城市G	2025-02-06
36903	吳十036903	user036903@example.test	0900036903	城市H	2025-02-07
36904	張三036904	user036904@example.test	0900036904	城市A	2025-02-08
36905	李四036905	user036905@example.test	0900036905	城市B	2025-02-09
36906	王五036906	user036906@example.test	0900036906	城市C	2025-02-10
36907	趙六036907	user036907@example.test	0900036907	城市D	2025-02-11
36908	錢七036908	user036908@example.test	0900036908	城市E	2025-02-12
36909	孫八036909	user036909@example.test	0900036909	城市F	2025-02-13
36910	周九036910	user036910@example.test	0900036910	城市G	2025-02-14
37001	李四037001	user037001@example.test	0900037001	城市B	2025-05-16
37002	王五037002	user037002@example.test	0900037002	城市C	2025-05-17
37003	趙六037003	user037003@example.test	0900037003	城市D	2025-05-18
37004	錢七037004	user037004@example.test	0900037004	城市E	2025-05-19
37005	孫八037005	user037005@example.test	0900037005	城市F	2025-05-20
37006	周九037006	user037006@example.test	0900037006	城市G	2025-05-21
37007	吳十037007	user037007@example.test	0900037007	城市H	2025-05-22
37008	張三037008	user037008@example.test	0900037008	城市A	2025-05-23
37009	李四037009	user037009@example.test	0900037009	城市B	2025-05-24
37010	王五037010	user037010@example.test	0900037010	城市C	2025-05-25
37101	孫八037101	user037101@example.test	0900037101	城市F	2025-08-24
37102	周九037102	user037102@example.test	0900037102	城市G	2025-08-25
37103	吳十037103	user037103@example.test	0900037103	城市H	2025-08-26
37104	張三037104	user037104@example.test	0900037104	城市A	2025-08-27
37105	李四037105	user037105@example.test	0900037105	城市B	2025-08-28
37106	王五037106	user037106@example.test	0900037106	城市C	2025-08-29
37107	趙六037107	user037107@example.test	0900037107	城市D	2025-08-30
37108	錢七037108	user037108@example.test	0900037108	城市E	2025-08-31
37109	孫八037109	user037109@example.test	0900037109	城市F	2025-09-01
37110	周九037110	user037110@example.test	0900037110	城市G	2025-09-02
37201	李四037201	user037201@example.test	0900037201	城市B	2025-12-02
37202	王五037202	user037202@example.test	0900037202	城市C	2025-12-03
37203	趙六037203	user037203@example.test	0900037203	城市D	2025-12-04
37204	錢七037204	user037204@example.test	0900037204	城市E	2025-12-05
37205	孫八037205	user037205@example.test	0900037205	城市F	2025-12-06
37206	周九037206	user037206@example.test	0900037206	城市G	2025-12-07
37207	吳十037207	user037207@example.test	0900037207	城市H	2025-12-08
37208	張三037208	user037208@example.test	0900037208	城市A	2025-12-09
37209	李四037209	user037209@example.test	0900037209	城市B	2025-12-10
37210	王五037210	user037210@example.test	0900037210	城市C	2025-12-11
37301	孫八037301	user037301@example.test	0900037301	城市F	2023-03-13
37302	周九037302	user037302@example.test	0900037302	城市G	2023-03-14
37303	吳十037303	user037303@example.test	0900037303	城市H	2023-03-15
37304	張三037304	user037304@example.test	0900037304	城市A	2023-03-16
37305	李四037305	user037305@example.test	0900037305	城市B	2023-03-17
37306	王五037306	user037306@example.test	0900037306	城市C	2023-03-18
37307	趙六037307	user037307@example.test	0900037307	城市D	2023-03-19
37308	錢七037308	user037308@example.test	0900037308	城市E	2023-03-20
37309	孫八037309	user037309@example.test	0900037309	城市F	2023-03-21
37310	周九037310	user037310@example.test	0900037310	城市G	2023-03-22
37401	李四037401	user037401@example.test	0900037401	城市B	2023-06-21
37402	王五037402	user037402@example.test	0900037402	城市C	2023-06-22
37403	趙六037403	user037403@example.test	0900037403	城市D	2023-06-23
37404	錢七037404	user037404@example.test	0900037404	城市E	2023-06-24
37405	孫八037405	user037405@example.test	0900037405	城市F	2023-06-25
37406	周九037406	user037406@example.test	0900037406	城市G	2023-06-26
37407	吳十037407	user037407@example.test	0900037407	城市H	2023-06-27
37408	張三037408	user037408@example.test	0900037408	城市A	2023-06-28
37409	李四037409	user037409@example.test	0900037409	城市B	2023-06-29
37410	王五037410	user037410@example.test	0900037410	城市C	2023-06-30
37501	孫八037501	user037501@example.test	0900037501	城市F	2023-09-29
37502	周九037502	user037502@example.test	0900037502	城市G	2023-09-30
37503	吳十037503	user037503@example.test	0900037503	城市H	2023-10-01
37504	張三037504	user037504@example.test	0900037504	城市A	2023-10-02
37505	李四037505	user037505@example.test	0900037505	城市B	2023-10-03
37506	王五037506	user037506@example.test	0900037506	城市C	2023-10-04
37507	趙六037507	user037507@example.test	0900037507	城市D	2023-10-05
37508	錢七037508	user037508@example.test	0900037508	城市E	2023-10-06
37509	孫八037509	user037509@example.test	0900037509	城市F	2023-10-07
37510	周九037510	user037510@example.test	0900037510	城市G	2023-10-08
37601	李四037601	user037601@example.test	0900037601	城市B	2024-01-07
37602	王五037602	user037602@example.test	0900037602	城市C	2024-01-08
37603	趙六037603	user037603@example.test	0900037603	城市D	2024-01-09
37604	錢七037604	user037604@example.test	0900037604	城市E	2024-01-10
37605	孫八037605	user037605@example.test	0900037605	城市F	2024-01-11
37606	周九037606	user037606@example.test	0900037606	城市G	2024-01-12
37607	吳十037607	user037607@example.test	0900037607	城市H	2024-01-13
37608	張三037608	user037608@example.test	0900037608	城市A	2024-01-14
37609	李四037609	user037609@example.test	0900037609	城市B	2024-01-15
37610	王五037610	user037610@example.test	0900037610	城市C	2024-01-16
37701	孫八037701	user037701@example.test	0900037701	城市F	2024-04-16
37702	周九037702	user037702@example.test	0900037702	城市G	2024-04-17
37703	吳十037703	user037703@example.test	0900037703	城市H	2024-04-18
37704	張三037704	user037704@example.test	0900037704	城市A	2024-04-19
37705	李四037705	user037705@example.test	0900037705	城市B	2024-04-20
37706	王五037706	user037706@example.test	0900037706	城市C	2024-04-21
37707	趙六037707	user037707@example.test	0900037707	城市D	2024-04-22
37708	錢七037708	user037708@example.test	0900037708	城市E	2024-04-23
37709	孫八037709	user037709@example.test	0900037709	城市F	2024-04-24
37710	周九037710	user037710@example.test	0900037710	城市G	2024-04-25
37801	李四037801	user037801@example.test	0900037801	城市B	2024-07-25
37802	王五037802	user037802@example.test	0900037802	城市C	2024-07-26
37803	趙六037803	user037803@example.test	0900037803	城市D	2024-07-27
37804	錢七037804	user037804@example.test	0900037804	城市E	2024-07-28
37805	孫八037805	user037805@example.test	0900037805	城市F	2024-07-29
37806	周九037806	user037806@example.test	0900037806	城市G	2024-07-30
37807	吳十037807	user037807@example.test	0900037807	城市H	2024-07-31
37808	張三037808	user037808@example.test	0900037808	城市A	2024-08-01
37809	李四037809	user037809@example.test	0900037809	城市B	2024-08-02
37810	王五037810	user037810@example.test	0900037810	城市C	2024-08-03
37901	孫八037901	user037901@example.test	0900037901	城市F	2024-11-02
37902	周九037902	user037902@example.test	0900037902	城市G	2024-11-03
37903	吳十037903	user037903@example.test	0900037903	城市H	2024-11-04
37904	張三037904	user037904@example.test	0900037904	城市A	2024-11-05
37905	李四037905	user037905@example.test	0900037905	城市B	2024-11-06
37906	王五037906	user037906@example.test	0900037906	城市C	2024-11-07
37907	趙六037907	user037907@example.test	0900037907	城市D	2024-11-08
37908	錢七037908	user037908@example.test	0900037908	城市E	2024-11-09
37909	孫八037909	user037909@example.test	0900037909	城市F	2024-11-10
37910	周九037910	user037910@example.test	0900037910	城市G	2024-11-11
38001	李四038001	user038001@example.test	0900038001	城市B	2025-02-10
38002	王五038002	user038002@example.test	0900038002	城市C	2025-02-11
38003	趙六038003	user038003@example.test	0900038003	城市D	2025-02-12
38004	錢七038004	user038004@example.test	0900038004	城市E	2025-02-13
38005	孫八038005	user038005@example.test	0900038005	城市F	2025-02-14
38006	周九038006	user038006@example.test	0900038006	城市G	2025-02-15
38007	吳十038007	user038007@example.test	0900038007	城市H	2025-02-16
38008	張三038008	user038008@example.test	0900038008	城市A	2025-02-17
38009	李四038009	user038009@example.test	0900038009	城市B	2025-02-18
38010	王五038010	user038010@example.test	0900038010	城市C	2025-02-19
38101	孫八038101	user038101@example.test	0900038101	城市F	2025-05-21
38102	周九038102	user038102@example.test	0900038102	城市G	2025-05-22
38103	吳十038103	user038103@example.test	0900038103	城市H	2025-05-23
38104	張三038104	user038104@example.test	0900038104	城市A	2025-05-24
38105	李四038105	user038105@example.test	0900038105	城市B	2025-05-25
38106	王五038106	user038106@example.test	0900038106	城市C	2025-05-26
38107	趙六038107	user038107@example.test	0900038107	城市D	2025-05-27
38108	錢七038108	user038108@example.test	0900038108	城市E	2025-05-28
38109	孫八038109	user038109@example.test	0900038109	城市F	2025-05-29
38110	周九038110	user038110@example.test	0900038110	城市G	2025-05-30
38201	李四038201	user038201@example.test	0900038201	城市B	2025-08-29
38202	王五038202	user038202@example.test	0900038202	城市C	2025-08-30
38203	趙六038203	user038203@example.test	0900038203	城市D	2025-08-31
38204	錢七038204	user038204@example.test	0900038204	城市E	2025-09-01
38205	孫八038205	user038205@example.test	0900038205	城市F	2025-09-02
38206	周九038206	user038206@example.test	0900038206	城市G	2025-09-03
38207	吳十038207	user038207@example.test	0900038207	城市H	2025-09-04
38208	張三038208	user038208@example.test	0900038208	城市A	2025-09-05
38209	李四038209	user038209@example.test	0900038209	城市B	2025-09-06
38210	王五038210	user038210@example.test	0900038210	城市C	2025-09-07
38301	孫八038301	user038301@example.test	0900038301	城市F	2025-12-07
38302	周九038302	user038302@example.test	0900038302	城市G	2025-12-08
38303	吳十038303	user038303@example.test	0900038303	城市H	2025-12-09
38304	張三038304	user038304@example.test	0900038304	城市A	2025-12-10
38305	李四038305	user038305@example.test	0900038305	城市B	2025-12-11
38306	王五038306	user038306@example.test	0900038306	城市C	2025-12-12
38307	趙六038307	user038307@example.test	0900038307	城市D	2025-12-13
38308	錢七038308	user038308@example.test	0900038308	城市E	2025-12-14
38309	孫八038309	user038309@example.test	0900038309	城市F	2025-12-15
38310	周九038310	user038310@example.test	0900038310	城市G	2025-12-16
38401	李四038401	user038401@example.test	0900038401	城市B	2023-03-18
38402	王五038402	user038402@example.test	0900038402	城市C	2023-03-19
38403	趙六038403	user038403@example.test	0900038403	城市D	2023-03-20
38404	錢七038404	user038404@example.test	0900038404	城市E	2023-03-21
38405	孫八038405	user038405@example.test	0900038405	城市F	2023-03-22
38406	周九038406	user038406@example.test	0900038406	城市G	2023-03-23
38407	吳十038407	user038407@example.test	0900038407	城市H	2023-03-24
38408	張三038408	user038408@example.test	0900038408	城市A	2023-03-25
38409	李四038409	user038409@example.test	0900038409	城市B	2023-03-26
38410	王五038410	user038410@example.test	0900038410	城市C	2023-03-27
38501	孫八038501	user038501@example.test	0900038501	城市F	2023-06-26
38502	周九038502	user038502@example.test	0900038502	城市G	2023-06-27
38503	吳十038503	user038503@example.test	0900038503	城市H	2023-06-28
38504	張三038504	user038504@example.test	0900038504	城市A	2023-06-29
38505	李四038505	user038505@example.test	0900038505	城市B	2023-06-30
38506	王五038506	user038506@example.test	0900038506	城市C	2023-07-01
38507	趙六038507	user038507@example.test	0900038507	城市D	2023-07-02
38508	錢七038508	user038508@example.test	0900038508	城市E	2023-07-03
38509	孫八038509	user038509@example.test	0900038509	城市F	2023-07-04
38510	周九038510	user038510@example.test	0900038510	城市G	2023-07-05
38601	李四038601	user038601@example.test	0900038601	城市B	2023-10-04
38602	王五038602	user038602@example.test	0900038602	城市C	2023-10-05
38603	趙六038603	user038603@example.test	0900038603	城市D	2023-10-06
38604	錢七038604	user038604@example.test	0900038604	城市E	2023-10-07
38605	孫八038605	user038605@example.test	0900038605	城市F	2023-10-08
38606	周九038606	user038606@example.test	0900038606	城市G	2023-10-09
38607	吳十038607	user038607@example.test	0900038607	城市H	2023-10-10
38608	張三038608	user038608@example.test	0900038608	城市A	2023-10-11
38609	李四038609	user038609@example.test	0900038609	城市B	2023-10-12
38610	王五038610	user038610@example.test	0900038610	城市C	2023-10-13
38701	孫八038701	user038701@example.test	0900038701	城市F	2024-01-12
38702	周九038702	user038702@example.test	0900038702	城市G	2024-01-13
38703	吳十038703	user038703@example.test	0900038703	城市H	2024-01-14
38704	張三038704	user038704@example.test	0900038704	城市A	2024-01-15
38705	李四038705	user038705@example.test	0900038705	城市B	2024-01-16
38706	王五038706	user038706@example.test	0900038706	城市C	2024-01-17
38707	趙六038707	user038707@example.test	0900038707	城市D	2024-01-18
38708	錢七038708	user038708@example.test	0900038708	城市E	2024-01-19
38709	孫八038709	user038709@example.test	0900038709	城市F	2024-01-20
38710	周九038710	user038710@example.test	0900038710	城市G	2024-01-21
38801	李四038801	user038801@example.test	0900038801	城市B	2024-04-21
38802	王五038802	user038802@example.test	0900038802	城市C	2024-04-22
38803	趙六038803	user038803@example.test	0900038803	城市D	2024-04-23
38804	錢七038804	user038804@example.test	0900038804	城市E	2024-04-24
38805	孫八038805	user038805@example.test	0900038805	城市F	2024-04-25
38806	周九038806	user038806@example.test	0900038806	城市G	2024-04-26
38807	吳十038807	user038807@example.test	0900038807	城市H	2024-04-27
38808	張三038808	user038808@example.test	0900038808	城市A	2024-04-28
38809	李四038809	user038809@example.test	0900038809	城市B	2024-04-29
38810	王五038810	user038810@example.test	0900038810	城市C	2024-04-30
38901	孫八038901	user038901@example.test	0900038901	城市F	2024-07-30
38902	周九038902	user038902@example.test	0900038902	城市G	2024-07-31
38903	吳十038903	user038903@example.test	0900038903	城市H	2024-08-01
38904	張三038904	user038904@example.test	0900038904	城市A	2024-08-02
38905	李四038905	user038905@example.test	0900038905	城市B	2024-08-03
38906	王五038906	user038906@example.test	0900038906	城市C	2024-08-04
38907	趙六038907	user038907@example.test	0900038907	城市D	2024-08-05
38908	錢七038908	user038908@example.test	0900038908	城市E	2024-08-06
38909	孫八038909	user038909@example.test	0900038909	城市F	2024-08-07
38910	周九038910	user038910@example.test	0900038910	城市G	2024-08-08
39001	李四039001	user039001@example.test	0900039001	城市B	2024-11-07
39002	王五039002	user039002@example.test	0900039002	城市C	2024-11-08
39003	趙六039003	user039003@example.test	0900039003	城市D	2024-11-09
39004	錢七039004	user039004@example.test	0900039004	城市E	2024-11-10
39005	孫八039005	user039005@example.test	0900039005	城市F	2024-11-11
39006	周九039006	user039006@example.test	0900039006	城市G	2024-11-12
39007	吳十039007	user039007@example.test	0900039007	城市H	2024-11-13
39008	張三039008	user039008@example.test	0900039008	城市A	2024-11-14
39009	李四039009	user039009@example.test	0900039009	城市B	2024-11-15
39010	王五039010	user039010@example.test	0900039010	城市C	2024-11-16
39101	孫八039101	user039101@example.test	0900039101	城市F	2025-02-15
39102	周九039102	user039102@example.test	0900039102	城市G	2025-02-16
39103	吳十039103	user039103@example.test	0900039103	城市H	2025-02-17
39104	張三039104	user039104@example.test	0900039104	城市A	2025-02-18
39105	李四039105	user039105@example.test	0900039105	城市B	2025-02-19
39106	王五039106	user039106@example.test	0900039106	城市C	2025-02-20
39107	趙六039107	user039107@example.test	0900039107	城市D	2025-02-21
39108	錢七039108	user039108@example.test	0900039108	城市E	2025-02-22
39109	孫八039109	user039109@example.test	0900039109	城市F	2025-02-23
39110	周九039110	user039110@example.test	0900039110	城市G	2025-02-24
39201	李四039201	user039201@example.test	0900039201	城市B	2025-05-26
39202	王五039202	user039202@example.test	0900039202	城市C	2025-05-27
39203	趙六039203	user039203@example.test	0900039203	城市D	2025-05-28
39204	錢七039204	user039204@example.test	0900039204	城市E	2025-05-29
39205	孫八039205	user039205@example.test	0900039205	城市F	2025-05-30
39206	周九039206	user039206@example.test	0900039206	城市G	2025-05-31
39207	吳十039207	user039207@example.test	0900039207	城市H	2025-06-01
39208	張三039208	user039208@example.test	0900039208	城市A	2025-06-02
39209	李四039209	user039209@example.test	0900039209	城市B	2025-06-03
39210	王五039210	user039210@example.test	0900039210	城市C	2025-06-04
39301	孫八039301	user039301@example.test	0900039301	城市F	2025-09-03
39302	周九039302	user039302@example.test	0900039302	城市G	2025-09-04
39303	吳十039303	user039303@example.test	0900039303	城市H	2025-09-05
39304	張三039304	user039304@example.test	0900039304	城市A	2025-09-06
39305	李四039305	user039305@example.test	0900039305	城市B	2025-09-07
39306	王五039306	user039306@example.test	0900039306	城市C	2025-09-08
39307	趙六039307	user039307@example.test	0900039307	城市D	2025-09-09
39308	錢七039308	user039308@example.test	0900039308	城市E	2025-09-10
39309	孫八039309	user039309@example.test	0900039309	城市F	2025-09-11
39310	周九039310	user039310@example.test	0900039310	城市G	2025-09-12
39401	李四039401	user039401@example.test	0900039401	城市B	2025-12-12
39402	王五039402	user039402@example.test	0900039402	城市C	2025-12-13
39403	趙六039403	user039403@example.test	0900039403	城市D	2025-12-14
39404	錢七039404	user039404@example.test	0900039404	城市E	2025-12-15
39405	孫八039405	user039405@example.test	0900039405	城市F	2025-12-16
39406	周九039406	user039406@example.test	0900039406	城市G	2025-12-17
39407	吳十039407	user039407@example.test	0900039407	城市H	2025-12-18
39408	張三039408	user039408@example.test	0900039408	城市A	2025-12-19
39409	李四039409	user039409@example.test	0900039409	城市B	2025-12-20
39410	王五039410	user039410@example.test	0900039410	城市C	2025-12-21
39501	孫八039501	user039501@example.test	0900039501	城市F	2023-03-23
39502	周九039502	user039502@example.test	0900039502	城市G	2023-03-24
39503	吳十039503	user039503@example.test	0900039503	城市H	2023-03-25
39504	張三039504	user039504@example.test	0900039504	城市A	2023-03-26
39505	李四039505	user039505@example.test	0900039505	城市B	2023-03-27
39506	王五039506	user039506@example.test	0900039506	城市C	2023-03-28
39507	趙六039507	user039507@example.test	0900039507	城市D	2023-03-29
39508	錢七039508	user039508@example.test	0900039508	城市E	2023-03-30
39509	孫八039509	user039509@example.test	0900039509	城市F	2023-03-31
39510	周九039510	user039510@example.test	0900039510	城市G	2023-04-01
39601	李四039601	user039601@example.test	0900039601	城市B	2023-07-01
39602	王五039602	user039602@example.test	0900039602	城市C	2023-07-02
39603	趙六039603	user039603@example.test	0900039603	城市D	2023-07-03
39604	錢七039604	user039604@example.test	0900039604	城市E	2023-07-04
39605	孫八039605	user039605@example.test	0900039605	城市F	2023-07-05
39606	周九039606	user039606@example.test	0900039606	城市G	2023-07-06
39607	吳十039607	user039607@example.test	0900039607	城市H	2023-07-07
39608	張三039608	user039608@example.test	0900039608	城市A	2023-07-08
39609	李四039609	user039609@example.test	0900039609	城市B	2023-07-09
39610	王五039610	user039610@example.test	0900039610	城市C	2023-07-10
39701	孫八039701	user039701@example.test	0900039701	城市F	2023-10-09
39702	周九039702	user039702@example.test	0900039702	城市G	2023-10-10
39703	吳十039703	user039703@example.test	0900039703	城市H	2023-10-11
39704	張三039704	user039704@example.test	0900039704	城市A	2023-10-12
39705	李四039705	user039705@example.test	0900039705	城市B	2023-10-13
39706	王五039706	user039706@example.test	0900039706	城市C	2023-10-14
39707	趙六039707	user039707@example.test	0900039707	城市D	2023-10-15
39708	錢七039708	user039708@example.test	0900039708	城市E	2023-10-16
39709	孫八039709	user039709@example.test	0900039709	城市F	2023-10-17
39710	周九039710	user039710@example.test	0900039710	城市G	2023-10-18
39801	李四039801	user039801@example.test	0900039801	城市B	2024-01-17
39802	王五039802	user039802@example.test	0900039802	城市C	2024-01-18
39803	趙六039803	user039803@example.test	0900039803	城市D	2024-01-19
39804	錢七039804	user039804@example.test	0900039804	城市E	2024-01-20
39805	孫八039805	user039805@example.test	0900039805	城市F	2024-01-21
39806	周九039806	user039806@example.test	0900039806	城市G	2024-01-22
39807	吳十039807	user039807@example.test	0900039807	城市H	2024-01-23
39808	張三039808	user039808@example.test	0900039808	城市A	2024-01-24
39809	李四039809	user039809@example.test	0900039809	城市B	2024-01-25
39810	王五039810	user039810@example.test	0900039810	城市C	2024-01-26
39901	孫八039901	user039901@example.test	0900039901	城市F	2024-04-26
39902	周九039902	user039902@example.test	0900039902	城市G	2024-04-27
39903	吳十039903	user039903@example.test	0900039903	城市H	2024-04-28
39904	張三039904	user039904@example.test	0900039904	城市A	2024-04-29
39905	李四039905	user039905@example.test	0900039905	城市B	2024-04-30
39906	王五039906	user039906@example.test	0900039906	城市C	2024-05-01
39907	趙六039907	user039907@example.test	0900039907	城市D	2024-05-02
39908	錢七039908	user039908@example.test	0900039908	城市E	2024-05-03
39909	孫八039909	user039909@example.test	0900039909	城市F	2024-05-04
39910	周九039910	user039910@example.test	0900039910	城市G	2024-05-05
40001	李四040001	user040001@example.test	0900040001	城市B	2024-08-04
40002	王五040002	user040002@example.test	0900040002	城市C	2024-08-05
40003	趙六040003	user040003@example.test	0900040003	城市D	2024-08-06
40004	錢七040004	user040004@example.test	0900040004	城市E	2024-08-07
40005	孫八040005	user040005@example.test	0900040005	城市F	2024-08-08
40006	周九040006	user040006@example.test	0900040006	城市G	2024-08-09
40007	吳十040007	user040007@example.test	0900040007	城市H	2024-08-10
40008	張三040008	user040008@example.test	0900040008	城市A	2024-08-11
40009	李四040009	user040009@example.test	0900040009	城市B	2024-08-12
40010	王五040010	user040010@example.test	0900040010	城市C	2024-08-13
40101	孫八040101	user040101@example.test	0900040101	城市F	2024-11-12
40102	周九040102	user040102@example.test	0900040102	城市G	2024-11-13
40103	吳十040103	user040103@example.test	0900040103	城市H	2024-11-14
40104	張三040104	user040104@example.test	0900040104	城市A	2024-11-15
40105	李四040105	user040105@example.test	0900040105	城市B	2024-11-16
40106	王五040106	user040106@example.test	0900040106	城市C	2024-11-17
40107	趙六040107	user040107@example.test	0900040107	城市D	2024-11-18
40108	錢七040108	user040108@example.test	0900040108	城市E	2024-11-19
40109	孫八040109	user040109@example.test	0900040109	城市F	2024-11-20
40110	周九040110	user040110@example.test	0900040110	城市G	2024-11-21
40201	李四040201	user040201@example.test	0900040201	城市B	2025-02-20
40202	王五040202	user040202@example.test	0900040202	城市C	2025-02-21
40203	趙六040203	user040203@example.test	0900040203	城市D	2025-02-22
40204	錢七040204	user040204@example.test	0900040204	城市E	2025-02-23
40205	孫八040205	user040205@example.test	0900040205	城市F	2025-02-24
40206	周九040206	user040206@example.test	0900040206	城市G	2025-02-25
40207	吳十040207	user040207@example.test	0900040207	城市H	2025-02-26
40208	張三040208	user040208@example.test	0900040208	城市A	2025-02-27
40209	李四040209	user040209@example.test	0900040209	城市B	2025-02-28
40210	王五040210	user040210@example.test	0900040210	城市C	2025-03-01
40301	孫八040301	user040301@example.test	0900040301	城市F	2025-05-31
40302	周九040302	user040302@example.test	0900040302	城市G	2025-06-01
40303	吳十040303	user040303@example.test	0900040303	城市H	2025-06-02
40304	張三040304	user040304@example.test	0900040304	城市A	2025-06-03
40305	李四040305	user040305@example.test	0900040305	城市B	2025-06-04
40306	王五040306	user040306@example.test	0900040306	城市C	2025-06-05
40307	趙六040307	user040307@example.test	0900040307	城市D	2025-06-06
40308	錢七040308	user040308@example.test	0900040308	城市E	2025-06-07
40309	孫八040309	user040309@example.test	0900040309	城市F	2025-06-08
40310	周九040310	user040310@example.test	0900040310	城市G	2025-06-09
40401	李四040401	user040401@example.test	0900040401	城市B	2025-09-08
40402	王五040402	user040402@example.test	0900040402	城市C	2025-09-09
40403	趙六040403	user040403@example.test	0900040403	城市D	2025-09-10
40404	錢七040404	user040404@example.test	0900040404	城市E	2025-09-11
40405	孫八040405	user040405@example.test	0900040405	城市F	2025-09-12
40406	周九040406	user040406@example.test	0900040406	城市G	2025-09-13
40407	吳十040407	user040407@example.test	0900040407	城市H	2025-09-14
40408	張三040408	user040408@example.test	0900040408	城市A	2025-09-15
40409	李四040409	user040409@example.test	0900040409	城市B	2025-09-16
40410	王五040410	user040410@example.test	0900040410	城市C	2025-09-17
40501	孫八040501	user040501@example.test	0900040501	城市F	2025-12-17
40502	周九040502	user040502@example.test	0900040502	城市G	2025-12-18
40503	吳十040503	user040503@example.test	0900040503	城市H	2025-12-19
40504	張三040504	user040504@example.test	0900040504	城市A	2025-12-20
40505	李四040505	user040505@example.test	0900040505	城市B	2025-12-21
40506	王五040506	user040506@example.test	0900040506	城市C	2025-12-22
40507	趙六040507	user040507@example.test	0900040507	城市D	2025-12-23
40508	錢七040508	user040508@example.test	0900040508	城市E	2025-12-24
40509	孫八040509	user040509@example.test	0900040509	城市F	2025-12-25
40510	周九040510	user040510@example.test	0900040510	城市G	2025-12-26
40601	李四040601	user040601@example.test	0900040601	城市B	2023-03-28
40602	王五040602	user040602@example.test	0900040602	城市C	2023-03-29
40603	趙六040603	user040603@example.test	0900040603	城市D	2023-03-30
40604	錢七040604	user040604@example.test	0900040604	城市E	2023-03-31
40605	孫八040605	user040605@example.test	0900040605	城市F	2023-04-01
40606	周九040606	user040606@example.test	0900040606	城市G	2023-04-02
40607	吳十040607	user040607@example.test	0900040607	城市H	2023-04-03
40608	張三040608	user040608@example.test	0900040608	城市A	2023-04-04
40609	李四040609	user040609@example.test	0900040609	城市B	2023-04-05
40610	王五040610	user040610@example.test	0900040610	城市C	2023-04-06
40701	孫八040701	user040701@example.test	0900040701	城市F	2023-07-06
40702	周九040702	user040702@example.test	0900040702	城市G	2023-07-07
40703	吳十040703	user040703@example.test	0900040703	城市H	2023-07-08
40704	張三040704	user040704@example.test	0900040704	城市A	2023-07-09
40705	李四040705	user040705@example.test	0900040705	城市B	2023-07-10
40706	王五040706	user040706@example.test	0900040706	城市C	2023-07-11
40707	趙六040707	user040707@example.test	0900040707	城市D	2023-07-12
40708	錢七040708	user040708@example.test	0900040708	城市E	2023-07-13
40709	孫八040709	user040709@example.test	0900040709	城市F	2023-07-14
40710	周九040710	user040710@example.test	0900040710	城市G	2023-07-15
40801	李四040801	user040801@example.test	0900040801	城市B	2023-10-14
40802	王五040802	user040802@example.test	0900040802	城市C	2023-10-15
40803	趙六040803	user040803@example.test	0900040803	城市D	2023-10-16
40804	錢七040804	user040804@example.test	0900040804	城市E	2023-10-17
40805	孫八040805	user040805@example.test	0900040805	城市F	2023-10-18
40806	周九040806	user040806@example.test	0900040806	城市G	2023-10-19
40807	吳十040807	user040807@example.test	0900040807	城市H	2023-10-20
40808	張三040808	user040808@example.test	0900040808	城市A	2023-10-21
40809	李四040809	user040809@example.test	0900040809	城市B	2023-10-22
40810	王五040810	user040810@example.test	0900040810	城市C	2023-10-23
40901	孫八040901	user040901@example.test	0900040901	城市F	2024-01-22
40902	周九040902	user040902@example.test	0900040902	城市G	2024-01-23
40903	吳十040903	user040903@example.test	0900040903	城市H	2024-01-24
40904	張三040904	user040904@example.test	0900040904	城市A	2024-01-25
40905	李四040905	user040905@example.test	0900040905	城市B	2024-01-26
40906	王五040906	user040906@example.test	0900040906	城市C	2024-01-27
40907	趙六040907	user040907@example.test	0900040907	城市D	2024-01-28
40908	錢七040908	user040908@example.test	0900040908	城市E	2024-01-29
40909	孫八040909	user040909@example.test	0900040909	城市F	2024-01-30
40910	周九040910	user040910@example.test	0900040910	城市G	2024-01-31
41001	李四041001	user041001@example.test	0900041001	城市B	2024-05-01
41002	王五041002	user041002@example.test	0900041002	城市C	2024-05-02
41003	趙六041003	user041003@example.test	0900041003	城市D	2024-05-03
41004	錢七041004	user041004@example.test	0900041004	城市E	2024-05-04
41005	孫八041005	user041005@example.test	0900041005	城市F	2024-05-05
41006	周九041006	user041006@example.test	0900041006	城市G	2024-05-06
41007	吳十041007	user041007@example.test	0900041007	城市H	2024-05-07
41008	張三041008	user041008@example.test	0900041008	城市A	2024-05-08
41009	李四041009	user041009@example.test	0900041009	城市B	2024-05-09
41010	王五041010	user041010@example.test	0900041010	城市C	2024-05-10
41101	孫八041101	user041101@example.test	0900041101	城市F	2024-08-09
41102	周九041102	user041102@example.test	0900041102	城市G	2024-08-10
41103	吳十041103	user041103@example.test	0900041103	城市H	2024-08-11
41104	張三041104	user041104@example.test	0900041104	城市A	2024-08-12
41105	李四041105	user041105@example.test	0900041105	城市B	2024-08-13
41106	王五041106	user041106@example.test	0900041106	城市C	2024-08-14
41107	趙六041107	user041107@example.test	0900041107	城市D	2024-08-15
41108	錢七041108	user041108@example.test	0900041108	城市E	2024-08-16
41109	孫八041109	user041109@example.test	0900041109	城市F	2024-08-17
41110	周九041110	user041110@example.test	0900041110	城市G	2024-08-18
41201	李四041201	user041201@example.test	0900041201	城市B	2024-11-17
41202	王五041202	user041202@example.test	0900041202	城市C	2024-11-18
41203	趙六041203	user041203@example.test	0900041203	城市D	2024-11-19
41204	錢七041204	user041204@example.test	0900041204	城市E	2024-11-20
41205	孫八041205	user041205@example.test	0900041205	城市F	2024-11-21
41206	周九041206	user041206@example.test	0900041206	城市G	2024-11-22
41207	吳十041207	user041207@example.test	0900041207	城市H	2024-11-23
41208	張三041208	user041208@example.test	0900041208	城市A	2024-11-24
41209	李四041209	user041209@example.test	0900041209	城市B	2024-11-25
41210	王五041210	user041210@example.test	0900041210	城市C	2024-11-26
41301	孫八041301	user041301@example.test	0900041301	城市F	2025-02-25
41302	周九041302	user041302@example.test	0900041302	城市G	2025-02-26
41303	吳十041303	user041303@example.test	0900041303	城市H	2025-02-27
41304	張三041304	user041304@example.test	0900041304	城市A	2025-02-28
41305	李四041305	user041305@example.test	0900041305	城市B	2025-03-01
41306	王五041306	user041306@example.test	0900041306	城市C	2025-03-02
41307	趙六041307	user041307@example.test	0900041307	城市D	2025-03-03
41308	錢七041308	user041308@example.test	0900041308	城市E	2025-03-04
41309	孫八041309	user041309@example.test	0900041309	城市F	2025-03-05
41310	周九041310	user041310@example.test	0900041310	城市G	2025-03-06
41401	李四041401	user041401@example.test	0900041401	城市B	2025-06-05
41402	王五041402	user041402@example.test	0900041402	城市C	2025-06-06
41403	趙六041403	user041403@example.test	0900041403	城市D	2025-06-07
41404	錢七041404	user041404@example.test	0900041404	城市E	2025-06-08
41405	孫八041405	user041405@example.test	0900041405	城市F	2025-06-09
41406	周九041406	user041406@example.test	0900041406	城市G	2025-06-10
41407	吳十041407	user041407@example.test	0900041407	城市H	2025-06-11
41408	張三041408	user041408@example.test	0900041408	城市A	2025-06-12
41409	李四041409	user041409@example.test	0900041409	城市B	2025-06-13
41410	王五041410	user041410@example.test	0900041410	城市C	2025-06-14
41501	孫八041501	user041501@example.test	0900041501	城市F	2025-09-13
41502	周九041502	user041502@example.test	0900041502	城市G	2025-09-14
41503	吳十041503	user041503@example.test	0900041503	城市H	2025-09-15
41504	張三041504	user041504@example.test	0900041504	城市A	2025-09-16
41505	李四041505	user041505@example.test	0900041505	城市B	2025-09-17
41506	王五041506	user041506@example.test	0900041506	城市C	2025-09-18
41507	趙六041507	user041507@example.test	0900041507	城市D	2025-09-19
41508	錢七041508	user041508@example.test	0900041508	城市E	2025-09-20
41509	孫八041509	user041509@example.test	0900041509	城市F	2025-09-21
41510	周九041510	user041510@example.test	0900041510	城市G	2025-09-22
41601	李四041601	user041601@example.test	0900041601	城市B	2025-12-22
41602	王五041602	user041602@example.test	0900041602	城市C	2025-12-23
41603	趙六041603	user041603@example.test	0900041603	城市D	2025-12-24
41604	錢七041604	user041604@example.test	0900041604	城市E	2025-12-25
41605	孫八041605	user041605@example.test	0900041605	城市F	2025-12-26
41606	周九041606	user041606@example.test	0900041606	城市G	2025-12-27
41607	吳十041607	user041607@example.test	0900041607	城市H	2025-12-28
41608	張三041608	user041608@example.test	0900041608	城市A	2025-12-29
41609	李四041609	user041609@example.test	0900041609	城市B	2025-12-30
41610	王五041610	user041610@example.test	0900041610	城市C	2023-01-01
41701	孫八041701	user041701@example.test	0900041701	城市F	2023-04-02
41702	周九041702	user041702@example.test	0900041702	城市G	2023-04-03
41703	吳十041703	user041703@example.test	0900041703	城市H	2023-04-04
41704	張三041704	user041704@example.test	0900041704	城市A	2023-04-05
41705	李四041705	user041705@example.test	0900041705	城市B	2023-04-06
41706	王五041706	user041706@example.test	0900041706	城市C	2023-04-07
41707	趙六041707	user041707@example.test	0900041707	城市D	2023-04-08
41708	錢七041708	user041708@example.test	0900041708	城市E	2023-04-09
41709	孫八041709	user041709@example.test	0900041709	城市F	2023-04-10
41710	周九041710	user041710@example.test	0900041710	城市G	2023-04-11
41801	李四041801	user041801@example.test	0900041801	城市B	2023-07-11
41802	王五041802	user041802@example.test	0900041802	城市C	2023-07-12
41803	趙六041803	user041803@example.test	0900041803	城市D	2023-07-13
41804	錢七041804	user041804@example.test	0900041804	城市E	2023-07-14
41805	孫八041805	user041805@example.test	0900041805	城市F	2023-07-15
41806	周九041806	user041806@example.test	0900041806	城市G	2023-07-16
41807	吳十041807	user041807@example.test	0900041807	城市H	2023-07-17
41808	張三041808	user041808@example.test	0900041808	城市A	2023-07-18
41809	李四041809	user041809@example.test	0900041809	城市B	2023-07-19
41810	王五041810	user041810@example.test	0900041810	城市C	2023-07-20
41901	孫八041901	user041901@example.test	0900041901	城市F	2023-10-19
41902	周九041902	user041902@example.test	0900041902	城市G	2023-10-20
41903	吳十041903	user041903@example.test	0900041903	城市H	2023-10-21
41904	張三041904	user041904@example.test	0900041904	城市A	2023-10-22
41905	李四041905	user041905@example.test	0900041905	城市B	2023-10-23
41906	王五041906	user041906@example.test	0900041906	城市C	2023-10-24
41907	趙六041907	user041907@example.test	0900041907	城市D	2023-10-25
41908	錢七041908	user041908@example.test	0900041908	城市E	2023-10-26
41909	孫八041909	user041909@example.test	0900041909	城市F	2023-10-27
41910	周九041910	user041910@example.test	0900041910	城市G	2023-10-28
42001	李四042001	user042001@example.test	0900042001	城市B	2024-01-27
42002	王五042002	user042002@example.test	0900042002	城市C	2024-01-28
42003	趙六042003	user042003@example.test	0900042003	城市D	2024-01-29
42004	錢七042004	user042004@example.test	0900042004	城市E	2024-01-30
42005	孫八042005	user042005@example.test	0900042005	城市F	2024-01-31
42006	周九042006	user042006@example.test	0900042006	城市G	2024-02-01
42007	吳十042007	user042007@example.test	0900042007	城市H	2024-02-02
42008	張三042008	user042008@example.test	0900042008	城市A	2024-02-03
42009	李四042009	user042009@example.test	0900042009	城市B	2024-02-04
42010	王五042010	user042010@example.test	0900042010	城市C	2024-02-05
42101	孫八042101	user042101@example.test	0900042101	城市F	2024-05-06
42102	周九042102	user042102@example.test	0900042102	城市G	2024-05-07
42103	吳十042103	user042103@example.test	0900042103	城市H	2024-05-08
42104	張三042104	user042104@example.test	0900042104	城市A	2024-05-09
42105	李四042105	user042105@example.test	0900042105	城市B	2024-05-10
42106	王五042106	user042106@example.test	0900042106	城市C	2024-05-11
42107	趙六042107	user042107@example.test	0900042107	城市D	2024-05-12
42108	錢七042108	user042108@example.test	0900042108	城市E	2024-05-13
42109	孫八042109	user042109@example.test	0900042109	城市F	2024-05-14
42110	周九042110	user042110@example.test	0900042110	城市G	2024-05-15
42201	李四042201	user042201@example.test	0900042201	城市B	2024-08-14
42202	王五042202	user042202@example.test	0900042202	城市C	2024-08-15
42203	趙六042203	user042203@example.test	0900042203	城市D	2024-08-16
42204	錢七042204	user042204@example.test	0900042204	城市E	2024-08-17
42205	孫八042205	user042205@example.test	0900042205	城市F	2024-08-18
42206	周九042206	user042206@example.test	0900042206	城市G	2024-08-19
42207	吳十042207	user042207@example.test	0900042207	城市H	2024-08-20
42208	張三042208	user042208@example.test	0900042208	城市A	2024-08-21
42209	李四042209	user042209@example.test	0900042209	城市B	2024-08-22
42210	王五042210	user042210@example.test	0900042210	城市C	2024-08-23
42301	孫八042301	user042301@example.test	0900042301	城市F	2024-11-22
42302	周九042302	user042302@example.test	0900042302	城市G	2024-11-23
42303	吳十042303	user042303@example.test	0900042303	城市H	2024-11-24
42304	張三042304	user042304@example.test	0900042304	城市A	2024-11-25
42305	李四042305	user042305@example.test	0900042305	城市B	2024-11-26
42306	王五042306	user042306@example.test	0900042306	城市C	2024-11-27
42307	趙六042307	user042307@example.test	0900042307	城市D	2024-11-28
42308	錢七042308	user042308@example.test	0900042308	城市E	2024-11-29
42309	孫八042309	user042309@example.test	0900042309	城市F	2024-11-30
42310	周九042310	user042310@example.test	0900042310	城市G	2024-12-01
42401	李四042401	user042401@example.test	0900042401	城市B	2025-03-02
42402	王五042402	user042402@example.test	0900042402	城市C	2025-03-03
42403	趙六042403	user042403@example.test	0900042403	城市D	2025-03-04
42404	錢七042404	user042404@example.test	0900042404	城市E	2025-03-05
42405	孫八042405	user042405@example.test	0900042405	城市F	2025-03-06
42406	周九042406	user042406@example.test	0900042406	城市G	2025-03-07
42407	吳十042407	user042407@example.test	0900042407	城市H	2025-03-08
42408	張三042408	user042408@example.test	0900042408	城市A	2025-03-09
42409	李四042409	user042409@example.test	0900042409	城市B	2025-03-10
42410	王五042410	user042410@example.test	0900042410	城市C	2025-03-11
42501	孫八042501	user042501@example.test	0900042501	城市F	2025-06-10
42502	周九042502	user042502@example.test	0900042502	城市G	2025-06-11
42503	吳十042503	user042503@example.test	0900042503	城市H	2025-06-12
42504	張三042504	user042504@example.test	0900042504	城市A	2025-06-13
42505	李四042505	user042505@example.test	0900042505	城市B	2025-06-14
42506	王五042506	user042506@example.test	0900042506	城市C	2025-06-15
42507	趙六042507	user042507@example.test	0900042507	城市D	2025-06-16
42508	錢七042508	user042508@example.test	0900042508	城市E	2025-06-17
42509	孫八042509	user042509@example.test	0900042509	城市F	2025-06-18
42510	周九042510	user042510@example.test	0900042510	城市G	2025-06-19
42601	李四042601	user042601@example.test	0900042601	城市B	2025-09-18
42602	王五042602	user042602@example.test	0900042602	城市C	2025-09-19
42603	趙六042603	user042603@example.test	0900042603	城市D	2025-09-20
42604	錢七042604	user042604@example.test	0900042604	城市E	2025-09-21
42605	孫八042605	user042605@example.test	0900042605	城市F	2025-09-22
42606	周九042606	user042606@example.test	0900042606	城市G	2025-09-23
42607	吳十042607	user042607@example.test	0900042607	城市H	2025-09-24
42608	張三042608	user042608@example.test	0900042608	城市A	2025-09-25
42609	李四042609	user042609@example.test	0900042609	城市B	2025-09-26
42610	王五042610	user042610@example.test	0900042610	城市C	2025-09-27
42701	孫八042701	user042701@example.test	0900042701	城市F	2025-12-27
42702	周九042702	user042702@example.test	0900042702	城市G	2025-12-28
42703	吳十042703	user042703@example.test	0900042703	城市H	2025-12-29
42704	張三042704	user042704@example.test	0900042704	城市A	2025-12-30
42705	李四042705	user042705@example.test	0900042705	城市B	2023-01-01
42706	王五042706	user042706@example.test	0900042706	城市C	2023-01-02
42707	趙六042707	user042707@example.test	0900042707	城市D	2023-01-03
42708	錢七042708	user042708@example.test	0900042708	城市E	2023-01-04
42709	孫八042709	user042709@example.test	0900042709	城市F	2023-01-05
42710	周九042710	user042710@example.test	0900042710	城市G	2023-01-06
42801	李四042801	user042801@example.test	0900042801	城市B	2023-04-07
42802	王五042802	user042802@example.test	0900042802	城市C	2023-04-08
42803	趙六042803	user042803@example.test	0900042803	城市D	2023-04-09
42804	錢七042804	user042804@example.test	0900042804	城市E	2023-04-10
42805	孫八042805	user042805@example.test	0900042805	城市F	2023-04-11
42806	周九042806	user042806@example.test	0900042806	城市G	2023-04-12
42807	吳十042807	user042807@example.test	0900042807	城市H	2023-04-13
42808	張三042808	user042808@example.test	0900042808	城市A	2023-04-14
42809	李四042809	user042809@example.test	0900042809	城市B	2023-04-15
42810	王五042810	user042810@example.test	0900042810	城市C	2023-04-16
42901	孫八042901	user042901@example.test	0900042901	城市F	2023-07-16
42902	周九042902	user042902@example.test	0900042902	城市G	2023-07-17
42903	吳十042903	user042903@example.test	0900042903	城市H	2023-07-18
42904	張三042904	user042904@example.test	0900042904	城市A	2023-07-19
42905	李四042905	user042905@example.test	0900042905	城市B	2023-07-20
42906	王五042906	user042906@example.test	0900042906	城市C	2023-07-21
42907	趙六042907	user042907@example.test	0900042907	城市D	2023-07-22
42908	錢七042908	user042908@example.test	0900042908	城市E	2023-07-23
42909	孫八042909	user042909@example.test	0900042909	城市F	2023-07-24
42910	周九042910	user042910@example.test	0900042910	城市G	2023-07-25
43001	李四043001	user043001@example.test	0900043001	城市B	2023-10-24
43002	王五043002	user043002@example.test	0900043002	城市C	2023-10-25
43003	趙六043003	user043003@example.test	0900043003	城市D	2023-10-26
43004	錢七043004	user043004@example.test	0900043004	城市E	2023-10-27
43005	孫八043005	user043005@example.test	0900043005	城市F	2023-10-28
43006	周九043006	user043006@example.test	0900043006	城市G	2023-10-29
43007	吳十043007	user043007@example.test	0900043007	城市H	2023-10-30
43008	張三043008	user043008@example.test	0900043008	城市A	2023-10-31
43009	李四043009	user043009@example.test	0900043009	城市B	2023-11-01
43010	王五043010	user043010@example.test	0900043010	城市C	2023-11-02
43101	孫八043101	user043101@example.test	0900043101	城市F	2024-02-01
43102	周九043102	user043102@example.test	0900043102	城市G	2024-02-02
43103	吳十043103	user043103@example.test	0900043103	城市H	2024-02-03
43104	張三043104	user043104@example.test	0900043104	城市A	2024-02-04
43105	李四043105	user043105@example.test	0900043105	城市B	2024-02-05
43106	王五043106	user043106@example.test	0900043106	城市C	2024-02-06
43107	趙六043107	user043107@example.test	0900043107	城市D	2024-02-07
43108	錢七043108	user043108@example.test	0900043108	城市E	2024-02-08
43109	孫八043109	user043109@example.test	0900043109	城市F	2024-02-09
43110	周九043110	user043110@example.test	0900043110	城市G	2024-02-10
43201	李四043201	user043201@example.test	0900043201	城市B	2024-05-11
43202	王五043202	user043202@example.test	0900043202	城市C	2024-05-12
43203	趙六043203	user043203@example.test	0900043203	城市D	2024-05-13
43204	錢七043204	user043204@example.test	0900043204	城市E	2024-05-14
43205	孫八043205	user043205@example.test	0900043205	城市F	2024-05-15
43206	周九043206	user043206@example.test	0900043206	城市G	2024-05-16
43207	吳十043207	user043207@example.test	0900043207	城市H	2024-05-17
43208	張三043208	user043208@example.test	0900043208	城市A	2024-05-18
43209	李四043209	user043209@example.test	0900043209	城市B	2024-05-19
43210	王五043210	user043210@example.test	0900043210	城市C	2024-05-20
43301	孫八043301	user043301@example.test	0900043301	城市F	2024-08-19
43302	周九043302	user043302@example.test	0900043302	城市G	2024-08-20
43303	吳十043303	user043303@example.test	0900043303	城市H	2024-08-21
43304	張三043304	user043304@example.test	0900043304	城市A	2024-08-22
43305	李四043305	user043305@example.test	0900043305	城市B	2024-08-23
43306	王五043306	user043306@example.test	0900043306	城市C	2024-08-24
43307	趙六043307	user043307@example.test	0900043307	城市D	2024-08-25
43308	錢七043308	user043308@example.test	0900043308	城市E	2024-08-26
43309	孫八043309	user043309@example.test	0900043309	城市F	2024-08-27
43310	周九043310	user043310@example.test	0900043310	城市G	2024-08-28
43401	李四043401	user043401@example.test	0900043401	城市B	2024-11-27
43402	王五043402	user043402@example.test	0900043402	城市C	2024-11-28
43403	趙六043403	user043403@example.test	0900043403	城市D	2024-11-29
43404	錢七043404	user043404@example.test	0900043404	城市E	2024-11-30
43405	孫八043405	user043405@example.test	0900043405	城市F	2024-12-01
43406	周九043406	user043406@example.test	0900043406	城市G	2024-12-02
43407	吳十043407	user043407@example.test	0900043407	城市H	2024-12-03
43408	張三043408	user043408@example.test	0900043408	城市A	2024-12-04
43409	李四043409	user043409@example.test	0900043409	城市B	2024-12-05
43410	王五043410	user043410@example.test	0900043410	城市C	2024-12-06
43501	孫八043501	user043501@example.test	0900043501	城市F	2025-03-07
43502	周九043502	user043502@example.test	0900043502	城市G	2025-03-08
43503	吳十043503	user043503@example.test	0900043503	城市H	2025-03-09
43504	張三043504	user043504@example.test	0900043504	城市A	2025-03-10
43505	李四043505	user043505@example.test	0900043505	城市B	2025-03-11
43506	王五043506	user043506@example.test	0900043506	城市C	2025-03-12
43507	趙六043507	user043507@example.test	0900043507	城市D	2025-03-13
43508	錢七043508	user043508@example.test	0900043508	城市E	2025-03-14
43509	孫八043509	user043509@example.test	0900043509	城市F	2025-03-15
43510	周九043510	user043510@example.test	0900043510	城市G	2025-03-16
43601	李四043601	user043601@example.test	0900043601	城市B	2025-06-15
43602	王五043602	user043602@example.test	0900043602	城市C	2025-06-16
43603	趙六043603	user043603@example.test	0900043603	城市D	2025-06-17
43604	錢七043604	user043604@example.test	0900043604	城市E	2025-06-18
43605	孫八043605	user043605@example.test	0900043605	城市F	2025-06-19
43606	周九043606	user043606@example.test	0900043606	城市G	2025-06-20
43607	吳十043607	user043607@example.test	0900043607	城市H	2025-06-21
43608	張三043608	user043608@example.test	0900043608	城市A	2025-06-22
43609	李四043609	user043609@example.test	0900043609	城市B	2025-06-23
43610	王五043610	user043610@example.test	0900043610	城市C	2025-06-24
43701	孫八043701	user043701@example.test	0900043701	城市F	2025-09-23
43702	周九043702	user043702@example.test	0900043702	城市G	2025-09-24
43703	吳十043703	user043703@example.test	0900043703	城市H	2025-09-25
43704	張三043704	user043704@example.test	0900043704	城市A	2025-09-26
43705	李四043705	user043705@example.test	0900043705	城市B	2025-09-27
43706	王五043706	user043706@example.test	0900043706	城市C	2025-09-28
43707	趙六043707	user043707@example.test	0900043707	城市D	2025-09-29
43708	錢七043708	user043708@example.test	0900043708	城市E	2025-09-30
43709	孫八043709	user043709@example.test	0900043709	城市F	2025-10-01
43710	周九043710	user043710@example.test	0900043710	城市G	2025-10-02
43801	李四043801	user043801@example.test	0900043801	城市B	2023-01-02
43802	王五043802	user043802@example.test	0900043802	城市C	2023-01-03
43803	趙六043803	user043803@example.test	0900043803	城市D	2023-01-04
43804	錢七043804	user043804@example.test	0900043804	城市E	2023-01-05
43805	孫八043805	user043805@example.test	0900043805	城市F	2023-01-06
43806	周九043806	user043806@example.test	0900043806	城市G	2023-01-07
43807	吳十043807	user043807@example.test	0900043807	城市H	2023-01-08
43808	張三043808	user043808@example.test	0900043808	城市A	2023-01-09
43809	李四043809	user043809@example.test	0900043809	城市B	2023-01-10
43810	王五043810	user043810@example.test	0900043810	城市C	2023-01-11
43901	孫八043901	user043901@example.test	0900043901	城市F	2023-04-12
43902	周九043902	user043902@example.test	0900043902	城市G	2023-04-13
43903	吳十043903	user043903@example.test	0900043903	城市H	2023-04-14
43904	張三043904	user043904@example.test	0900043904	城市A	2023-04-15
43905	李四043905	user043905@example.test	0900043905	城市B	2023-04-16
43906	王五043906	user043906@example.test	0900043906	城市C	2023-04-17
43907	趙六043907	user043907@example.test	0900043907	城市D	2023-04-18
43908	錢七043908	user043908@example.test	0900043908	城市E	2023-04-19
43909	孫八043909	user043909@example.test	0900043909	城市F	2023-04-20
43910	周九043910	user043910@example.test	0900043910	城市G	2023-04-21
44001	李四044001	user044001@example.test	0900044001	城市B	2023-07-21
44002	王五044002	user044002@example.test	0900044002	城市C	2023-07-22
44003	趙六044003	user044003@example.test	0900044003	城市D	2023-07-23
44004	錢七044004	user044004@example.test	0900044004	城市E	2023-07-24
44005	孫八044005	user044005@example.test	0900044005	城市F	2023-07-25
44006	周九044006	user044006@example.test	0900044006	城市G	2023-07-26
44007	吳十044007	user044007@example.test	0900044007	城市H	2023-07-27
44008	張三044008	user044008@example.test	0900044008	城市A	2023-07-28
44009	李四044009	user044009@example.test	0900044009	城市B	2023-07-29
44010	王五044010	user044010@example.test	0900044010	城市C	2023-07-30
44101	孫八044101	user044101@example.test	0900044101	城市F	2023-10-29
44102	周九044102	user044102@example.test	0900044102	城市G	2023-10-30
44103	吳十044103	user044103@example.test	0900044103	城市H	2023-10-31
44104	張三044104	user044104@example.test	0900044104	城市A	2023-11-01
44105	李四044105	user044105@example.test	0900044105	城市B	2023-11-02
44106	王五044106	user044106@example.test	0900044106	城市C	2023-11-03
44107	趙六044107	user044107@example.test	0900044107	城市D	2023-11-04
44108	錢七044108	user044108@example.test	0900044108	城市E	2023-11-05
44109	孫八044109	user044109@example.test	0900044109	城市F	2023-11-06
44110	周九044110	user044110@example.test	0900044110	城市G	2023-11-07
44201	李四044201	user044201@example.test	0900044201	城市B	2024-02-06
44202	王五044202	user044202@example.test	0900044202	城市C	2024-02-07
44203	趙六044203	user044203@example.test	0900044203	城市D	2024-02-08
44204	錢七044204	user044204@example.test	0900044204	城市E	2024-02-09
44205	孫八044205	user044205@example.test	0900044205	城市F	2024-02-10
44206	周九044206	user044206@example.test	0900044206	城市G	2024-02-11
44207	吳十044207	user044207@example.test	0900044207	城市H	2024-02-12
44208	張三044208	user044208@example.test	0900044208	城市A	2024-02-13
44209	李四044209	user044209@example.test	0900044209	城市B	2024-02-14
44210	王五044210	user044210@example.test	0900044210	城市C	2024-02-15
44301	孫八044301	user044301@example.test	0900044301	城市F	2024-05-16
44302	周九044302	user044302@example.test	0900044302	城市G	2024-05-17
44303	吳十044303	user044303@example.test	0900044303	城市H	2024-05-18
44304	張三044304	user044304@example.test	0900044304	城市A	2024-05-19
44305	李四044305	user044305@example.test	0900044305	城市B	2024-05-20
44306	王五044306	user044306@example.test	0900044306	城市C	2024-05-21
44307	趙六044307	user044307@example.test	0900044307	城市D	2024-05-22
44308	錢七044308	user044308@example.test	0900044308	城市E	2024-05-23
44309	孫八044309	user044309@example.test	0900044309	城市F	2024-05-24
44310	周九044310	user044310@example.test	0900044310	城市G	2024-05-25
44401	李四044401	user044401@example.test	0900044401	城市B	2024-08-24
44402	王五044402	user044402@example.test	0900044402	城市C	2024-08-25
44403	趙六044403	user044403@example.test	0900044403	城市D	2024-08-26
44404	錢七044404	user044404@example.test	0900044404	城市E	2024-08-27
44405	孫八044405	user044405@example.test	0900044405	城市F	2024-08-28
44406	周九044406	user044406@example.test	0900044406	城市G	2024-08-29
44407	吳十044407	user044407@example.test	0900044407	城市H	2024-08-30
44408	張三044408	user044408@example.test	0900044408	城市A	2024-08-31
44409	李四044409	user044409@example.test	0900044409	城市B	2024-09-01
44410	王五044410	user044410@example.test	0900044410	城市C	2024-09-02
44501	孫八044501	user044501@example.test	0900044501	城市F	2024-12-02
44502	周九044502	user044502@example.test	0900044502	城市G	2024-12-03
44503	吳十044503	user044503@example.test	0900044503	城市H	2024-12-04
44504	張三044504	user044504@example.test	0900044504	城市A	2024-12-05
44505	李四044505	user044505@example.test	0900044505	城市B	2024-12-06
44506	王五044506	user044506@example.test	0900044506	城市C	2024-12-07
44507	趙六044507	user044507@example.test	0900044507	城市D	2024-12-08
44508	錢七044508	user044508@example.test	0900044508	城市E	2024-12-09
44509	孫八044509	user044509@example.test	0900044509	城市F	2024-12-10
44510	周九044510	user044510@example.test	0900044510	城市G	2024-12-11
44601	李四044601	user044601@example.test	0900044601	城市B	2025-03-12
44602	王五044602	user044602@example.test	0900044602	城市C	2025-03-13
44603	趙六044603	user044603@example.test	0900044603	城市D	2025-03-14
44604	錢七044604	user044604@example.test	0900044604	城市E	2025-03-15
44605	孫八044605	user044605@example.test	0900044605	城市F	2025-03-16
44606	周九044606	user044606@example.test	0900044606	城市G	2025-03-17
44607	吳十044607	user044607@example.test	0900044607	城市H	2025-03-18
44608	張三044608	user044608@example.test	0900044608	城市A	2025-03-19
44609	李四044609	user044609@example.test	0900044609	城市B	2025-03-20
44610	王五044610	user044610@example.test	0900044610	城市C	2025-03-21
44701	孫八044701	user044701@example.test	0900044701	城市F	2025-06-20
44702	周九044702	user044702@example.test	0900044702	城市G	2025-06-21
44703	吳十044703	user044703@example.test	0900044703	城市H	2025-06-22
44704	張三044704	user044704@example.test	0900044704	城市A	2025-06-23
44705	李四044705	user044705@example.test	0900044705	城市B	2025-06-24
44706	王五044706	user044706@example.test	0900044706	城市C	2025-06-25
44707	趙六044707	user044707@example.test	0900044707	城市D	2025-06-26
44708	錢七044708	user044708@example.test	0900044708	城市E	2025-06-27
44709	孫八044709	user044709@example.test	0900044709	城市F	2025-06-28
44710	周九044710	user044710@example.test	0900044710	城市G	2025-06-29
44801	李四044801	user044801@example.test	0900044801	城市B	2025-09-28
44802	王五044802	user044802@example.test	0900044802	城市C	2025-09-29
44803	趙六044803	user044803@example.test	0900044803	城市D	2025-09-30
44804	錢七044804	user044804@example.test	0900044804	城市E	2025-10-01
44805	孫八044805	user044805@example.test	0900044805	城市F	2025-10-02
44806	周九044806	user044806@example.test	0900044806	城市G	2025-10-03
44807	吳十044807	user044807@example.test	0900044807	城市H	2025-10-04
44808	張三044808	user044808@example.test	0900044808	城市A	2025-10-05
44809	李四044809	user044809@example.test	0900044809	城市B	2025-10-06
44810	王五044810	user044810@example.test	0900044810	城市C	2025-10-07
44901	孫八044901	user044901@example.test	0900044901	城市F	2023-01-07
44902	周九044902	user044902@example.test	0900044902	城市G	2023-01-08
44903	吳十044903	user044903@example.test	0900044903	城市H	2023-01-09
44904	張三044904	user044904@example.test	0900044904	城市A	2023-01-10
44905	李四044905	user044905@example.test	0900044905	城市B	2023-01-11
44906	王五044906	user044906@example.test	0900044906	城市C	2023-01-12
44907	趙六044907	user044907@example.test	0900044907	城市D	2023-01-13
44908	錢七044908	user044908@example.test	0900044908	城市E	2023-01-14
44909	孫八044909	user044909@example.test	0900044909	城市F	2023-01-15
44910	周九044910	user044910@example.test	0900044910	城市G	2023-01-16
45001	李四045001	user045001@example.test	0900045001	城市B	2023-04-17
45002	王五045002	user045002@example.test	0900045002	城市C	2023-04-18
45003	趙六045003	user045003@example.test	0900045003	城市D	2023-04-19
45004	錢七045004	user045004@example.test	0900045004	城市E	2023-04-20
45005	孫八045005	user045005@example.test	0900045005	城市F	2023-04-21
45006	周九045006	user045006@example.test	0900045006	城市G	2023-04-22
45007	吳十045007	user045007@example.test	0900045007	城市H	2023-04-23
45008	張三045008	user045008@example.test	0900045008	城市A	2023-04-24
45009	李四045009	user045009@example.test	0900045009	城市B	2023-04-25
45010	王五045010	user045010@example.test	0900045010	城市C	2023-04-26
45101	孫八045101	user045101@example.test	0900045101	城市F	2023-07-26
45102	周九045102	user045102@example.test	0900045102	城市G	2023-07-27
45103	吳十045103	user045103@example.test	0900045103	城市H	2023-07-28
45104	張三045104	user045104@example.test	0900045104	城市A	2023-07-29
45105	李四045105	user045105@example.test	0900045105	城市B	2023-07-30
45106	王五045106	user045106@example.test	0900045106	城市C	2023-07-31
45107	趙六045107	user045107@example.test	0900045107	城市D	2023-08-01
45108	錢七045108	user045108@example.test	0900045108	城市E	2023-08-02
45109	孫八045109	user045109@example.test	0900045109	城市F	2023-08-03
45110	周九045110	user045110@example.test	0900045110	城市G	2023-08-04
45201	李四045201	user045201@example.test	0900045201	城市B	2023-11-03
45202	王五045202	user045202@example.test	0900045202	城市C	2023-11-04
45203	趙六045203	user045203@example.test	0900045203	城市D	2023-11-05
45204	錢七045204	user045204@example.test	0900045204	城市E	2023-11-06
45205	孫八045205	user045205@example.test	0900045205	城市F	2023-11-07
45206	周九045206	user045206@example.test	0900045206	城市G	2023-11-08
45207	吳十045207	user045207@example.test	0900045207	城市H	2023-11-09
45208	張三045208	user045208@example.test	0900045208	城市A	2023-11-10
45209	李四045209	user045209@example.test	0900045209	城市B	2023-11-11
45210	王五045210	user045210@example.test	0900045210	城市C	2023-11-12
45301	孫八045301	user045301@example.test	0900045301	城市F	2024-02-11
45302	周九045302	user045302@example.test	0900045302	城市G	2024-02-12
45303	吳十045303	user045303@example.test	0900045303	城市H	2024-02-13
45304	張三045304	user045304@example.test	0900045304	城市A	2024-02-14
45305	李四045305	user045305@example.test	0900045305	城市B	2024-02-15
45306	王五045306	user045306@example.test	0900045306	城市C	2024-02-16
45307	趙六045307	user045307@example.test	0900045307	城市D	2024-02-17
45308	錢七045308	user045308@example.test	0900045308	城市E	2024-02-18
45309	孫八045309	user045309@example.test	0900045309	城市F	2024-02-19
45310	周九045310	user045310@example.test	0900045310	城市G	2024-02-20
45401	李四045401	user045401@example.test	0900045401	城市B	2024-05-21
45402	王五045402	user045402@example.test	0900045402	城市C	2024-05-22
45403	趙六045403	user045403@example.test	0900045403	城市D	2024-05-23
45404	錢七045404	user045404@example.test	0900045404	城市E	2024-05-24
45405	孫八045405	user045405@example.test	0900045405	城市F	2024-05-25
45406	周九045406	user045406@example.test	0900045406	城市G	2024-05-26
45407	吳十045407	user045407@example.test	0900045407	城市H	2024-05-27
45408	張三045408	user045408@example.test	0900045408	城市A	2024-05-28
45409	李四045409	user045409@example.test	0900045409	城市B	2024-05-29
45410	王五045410	user045410@example.test	0900045410	城市C	2024-05-30
45501	孫八045501	user045501@example.test	0900045501	城市F	2024-08-29
45502	周九045502	user045502@example.test	0900045502	城市G	2024-08-30
45503	吳十045503	user045503@example.test	0900045503	城市H	2024-08-31
45504	張三045504	user045504@example.test	0900045504	城市A	2024-09-01
45505	李四045505	user045505@example.test	0900045505	城市B	2024-09-02
45506	王五045506	user045506@example.test	0900045506	城市C	2024-09-03
45507	趙六045507	user045507@example.test	0900045507	城市D	2024-09-04
45508	錢七045508	user045508@example.test	0900045508	城市E	2024-09-05
45509	孫八045509	user045509@example.test	0900045509	城市F	2024-09-06
45510	周九045510	user045510@example.test	0900045510	城市G	2024-09-07
45601	李四045601	user045601@example.test	0900045601	城市B	2024-12-07
45602	王五045602	user045602@example.test	0900045602	城市C	2024-12-08
45603	趙六045603	user045603@example.test	0900045603	城市D	2024-12-09
45604	錢七045604	user045604@example.test	0900045604	城市E	2024-12-10
45605	孫八045605	user045605@example.test	0900045605	城市F	2024-12-11
45606	周九045606	user045606@example.test	0900045606	城市G	2024-12-12
45607	吳十045607	user045607@example.test	0900045607	城市H	2024-12-13
45608	張三045608	user045608@example.test	0900045608	城市A	2024-12-14
45609	李四045609	user045609@example.test	0900045609	城市B	2024-12-15
45610	王五045610	user045610@example.test	0900045610	城市C	2024-12-16
45701	孫八045701	user045701@example.test	0900045701	城市F	2025-03-17
45702	周九045702	user045702@example.test	0900045702	城市G	2025-03-18
45703	吳十045703	user045703@example.test	0900045703	城市H	2025-03-19
45704	張三045704	user045704@example.test	0900045704	城市A	2025-03-20
45705	李四045705	user045705@example.test	0900045705	城市B	2025-03-21
45706	王五045706	user045706@example.test	0900045706	城市C	2025-03-22
45707	趙六045707	user045707@example.test	0900045707	城市D	2025-03-23
45708	錢七045708	user045708@example.test	0900045708	城市E	2025-03-24
45709	孫八045709	user045709@example.test	0900045709	城市F	2025-03-25
45710	周九045710	user045710@example.test	0900045710	城市G	2025-03-26
45801	李四045801	user045801@example.test	0900045801	城市B	2025-06-25
45802	王五045802	user045802@example.test	0900045802	城市C	2025-06-26
45803	趙六045803	user045803@example.test	0900045803	城市D	2025-06-27
45804	錢七045804	user045804@example.test	0900045804	城市E	2025-06-28
45805	孫八045805	user045805@example.test	0900045805	城市F	2025-06-29
45806	周九045806	user045806@example.test	0900045806	城市G	2025-06-30
45807	吳十045807	user045807@example.test	0900045807	城市H	2025-07-01
45808	張三045808	user045808@example.test	0900045808	城市A	2025-07-02
45809	李四045809	user045809@example.test	0900045809	城市B	2025-07-03
45810	王五045810	user045810@example.test	0900045810	城市C	2025-07-04
45901	孫八045901	user045901@example.test	0900045901	城市F	2025-10-03
45902	周九045902	user045902@example.test	0900045902	城市G	2025-10-04
45903	吳十045903	user045903@example.test	0900045903	城市H	2025-10-05
45904	張三045904	user045904@example.test	0900045904	城市A	2025-10-06
45905	李四045905	user045905@example.test	0900045905	城市B	2025-10-07
45906	王五045906	user045906@example.test	0900045906	城市C	2025-10-08
45907	趙六045907	user045907@example.test	0900045907	城市D	2025-10-09
45908	錢七045908	user045908@example.test	0900045908	城市E	2025-10-10
45909	孫八045909	user045909@example.test	0900045909	城市F	2025-10-11
45910	周九045910	user045910@example.test	0900045910	城市G	2025-10-12
46001	李四046001	user046001@example.test	0900046001	城市B	2023-01-12
46002	王五046002	user046002@example.test	0900046002	城市C	2023-01-13
46003	趙六046003	user046003@example.test	0900046003	城市D	2023-01-14
46004	錢七046004	user046004@example.test	0900046004	城市E	2023-01-15
46005	孫八046005	user046005@example.test	0900046005	城市F	2023-01-16
46006	周九046006	user046006@example.test	0900046006	城市G	2023-01-17
46007	吳十046007	user046007@example.test	0900046007	城市H	2023-01-18
46008	張三046008	user046008@example.test	0900046008	城市A	2023-01-19
46009	李四046009	user046009@example.test	0900046009	城市B	2023-01-20
46010	王五046010	user046010@example.test	0900046010	城市C	2023-01-21
46101	孫八046101	user046101@example.test	0900046101	城市F	2023-04-22
46102	周九046102	user046102@example.test	0900046102	城市G	2023-04-23
46103	吳十046103	user046103@example.test	0900046103	城市H	2023-04-24
46104	張三046104	user046104@example.test	0900046104	城市A	2023-04-25
46105	李四046105	user046105@example.test	0900046105	城市B	2023-04-26
46106	王五046106	user046106@example.test	0900046106	城市C	2023-04-27
46107	趙六046107	user046107@example.test	0900046107	城市D	2023-04-28
46108	錢七046108	user046108@example.test	0900046108	城市E	2023-04-29
46109	孫八046109	user046109@example.test	0900046109	城市F	2023-04-30
46110	周九046110	user046110@example.test	0900046110	城市G	2023-05-01
46201	李四046201	user046201@example.test	0900046201	城市B	2023-07-31
46202	王五046202	user046202@example.test	0900046202	城市C	2023-08-01
46203	趙六046203	user046203@example.test	0900046203	城市D	2023-08-02
46204	錢七046204	user046204@example.test	0900046204	城市E	2023-08-03
46205	孫八046205	user046205@example.test	0900046205	城市F	2023-08-04
46206	周九046206	user046206@example.test	0900046206	城市G	2023-08-05
46207	吳十046207	user046207@example.test	0900046207	城市H	2023-08-06
46208	張三046208	user046208@example.test	0900046208	城市A	2023-08-07
46209	李四046209	user046209@example.test	0900046209	城市B	2023-08-08
46210	王五046210	user046210@example.test	0900046210	城市C	2023-08-09
46301	孫八046301	user046301@example.test	0900046301	城市F	2023-11-08
46302	周九046302	user046302@example.test	0900046302	城市G	2023-11-09
46303	吳十046303	user046303@example.test	0900046303	城市H	2023-11-10
46304	張三046304	user046304@example.test	0900046304	城市A	2023-11-11
46305	李四046305	user046305@example.test	0900046305	城市B	2023-11-12
46306	王五046306	user046306@example.test	0900046306	城市C	2023-11-13
46307	趙六046307	user046307@example.test	0900046307	城市D	2023-11-14
46308	錢七046308	user046308@example.test	0900046308	城市E	2023-11-15
46309	孫八046309	user046309@example.test	0900046309	城市F	2023-11-16
46310	周九046310	user046310@example.test	0900046310	城市G	2023-11-17
46401	李四046401	user046401@example.test	0900046401	城市B	2024-02-16
46402	王五046402	user046402@example.test	0900046402	城市C	2024-02-17
46403	趙六046403	user046403@example.test	0900046403	城市D	2024-02-18
46404	錢七046404	user046404@example.test	0900046404	城市E	2024-02-19
46405	孫八046405	user046405@example.test	0900046405	城市F	2024-02-20
46406	周九046406	user046406@example.test	0900046406	城市G	2024-02-21
46407	吳十046407	user046407@example.test	0900046407	城市H	2024-02-22
46408	張三046408	user046408@example.test	0900046408	城市A	2024-02-23
46409	李四046409	user046409@example.test	0900046409	城市B	2024-02-24
46410	王五046410	user046410@example.test	0900046410	城市C	2024-02-25
46501	孫八046501	user046501@example.test	0900046501	城市F	2024-05-26
46502	周九046502	user046502@example.test	0900046502	城市G	2024-05-27
46503	吳十046503	user046503@example.test	0900046503	城市H	2024-05-28
46504	張三046504	user046504@example.test	0900046504	城市A	2024-05-29
46505	李四046505	user046505@example.test	0900046505	城市B	2024-05-30
46506	王五046506	user046506@example.test	0900046506	城市C	2024-05-31
46507	趙六046507	user046507@example.test	0900046507	城市D	2024-06-01
46508	錢七046508	user046508@example.test	0900046508	城市E	2024-06-02
46509	孫八046509	user046509@example.test	0900046509	城市F	2024-06-03
46510	周九046510	user046510@example.test	0900046510	城市G	2024-06-04
46601	李四046601	user046601@example.test	0900046601	城市B	2024-09-03
46602	王五046602	user046602@example.test	0900046602	城市C	2024-09-04
46603	趙六046603	user046603@example.test	0900046603	城市D	2024-09-05
46604	錢七046604	user046604@example.test	0900046604	城市E	2024-09-06
46605	孫八046605	user046605@example.test	0900046605	城市F	2024-09-07
46606	周九046606	user046606@example.test	0900046606	城市G	2024-09-08
46607	吳十046607	user046607@example.test	0900046607	城市H	2024-09-09
46608	張三046608	user046608@example.test	0900046608	城市A	2024-09-10
46609	李四046609	user046609@example.test	0900046609	城市B	2024-09-11
46610	王五046610	user046610@example.test	0900046610	城市C	2024-09-12
46701	孫八046701	user046701@example.test	0900046701	城市F	2024-12-12
46702	周九046702	user046702@example.test	0900046702	城市G	2024-12-13
46703	吳十046703	user046703@example.test	0900046703	城市H	2024-12-14
46704	張三046704	user046704@example.test	0900046704	城市A	2024-12-15
46705	李四046705	user046705@example.test	0900046705	城市B	2024-12-16
46706	王五046706	user046706@example.test	0900046706	城市C	2024-12-17
46707	趙六046707	user046707@example.test	0900046707	城市D	2024-12-18
46708	錢七046708	user046708@example.test	0900046708	城市E	2024-12-19
46709	孫八046709	user046709@example.test	0900046709	城市F	2024-12-20
46710	周九046710	user046710@example.test	0900046710	城市G	2024-12-21
46801	李四046801	user046801@example.test	0900046801	城市B	2025-03-22
46802	王五046802	user046802@example.test	0900046802	城市C	2025-03-23
46803	趙六046803	user046803@example.test	0900046803	城市D	2025-03-24
46804	錢七046804	user046804@example.test	0900046804	城市E	2025-03-25
46805	孫八046805	user046805@example.test	0900046805	城市F	2025-03-26
46806	周九046806	user046806@example.test	0900046806	城市G	2025-03-27
46807	吳十046807	user046807@example.test	0900046807	城市H	2025-03-28
46808	張三046808	user046808@example.test	0900046808	城市A	2025-03-29
46809	李四046809	user046809@example.test	0900046809	城市B	2025-03-30
46810	王五046810	user046810@example.test	0900046810	城市C	2025-03-31
46901	孫八046901	user046901@example.test	0900046901	城市F	2025-06-30
46902	周九046902	user046902@example.test	0900046902	城市G	2025-07-01
46903	吳十046903	user046903@example.test	0900046903	城市H	2025-07-02
46904	張三046904	user046904@example.test	0900046904	城市A	2025-07-03
46905	李四046905	user046905@example.test	0900046905	城市B	2025-07-04
46906	王五046906	user046906@example.test	0900046906	城市C	2025-07-05
46907	趙六046907	user046907@example.test	0900046907	城市D	2025-07-06
46908	錢七046908	user046908@example.test	0900046908	城市E	2025-07-07
46909	孫八046909	user046909@example.test	0900046909	城市F	2025-07-08
46910	周九046910	user046910@example.test	0900046910	城市G	2025-07-09
47001	李四047001	user047001@example.test	0900047001	城市B	2025-10-08
47002	王五047002	user047002@example.test	0900047002	城市C	2025-10-09
47003	趙六047003	user047003@example.test	0900047003	城市D	2025-10-10
47004	錢七047004	user047004@example.test	0900047004	城市E	2025-10-11
47005	孫八047005	user047005@example.test	0900047005	城市F	2025-10-12
47006	周九047006	user047006@example.test	0900047006	城市G	2025-10-13
47007	吳十047007	user047007@example.test	0900047007	城市H	2025-10-14
47008	張三047008	user047008@example.test	0900047008	城市A	2025-10-15
47009	李四047009	user047009@example.test	0900047009	城市B	2025-10-16
47010	王五047010	user047010@example.test	0900047010	城市C	2025-10-17
47101	孫八047101	user047101@example.test	0900047101	城市F	2023-01-17
47102	周九047102	user047102@example.test	0900047102	城市G	2023-01-18
47103	吳十047103	user047103@example.test	0900047103	城市H	2023-01-19
47104	張三047104	user047104@example.test	0900047104	城市A	2023-01-20
47105	李四047105	user047105@example.test	0900047105	城市B	2023-01-21
47106	王五047106	user047106@example.test	0900047106	城市C	2023-01-22
47107	趙六047107	user047107@example.test	0900047107	城市D	2023-01-23
47108	錢七047108	user047108@example.test	0900047108	城市E	2023-01-24
47109	孫八047109	user047109@example.test	0900047109	城市F	2023-01-25
47110	周九047110	user047110@example.test	0900047110	城市G	2023-01-26
47201	李四047201	user047201@example.test	0900047201	城市B	2023-04-27
47202	王五047202	user047202@example.test	0900047202	城市C	2023-04-28
47203	趙六047203	user047203@example.test	0900047203	城市D	2023-04-29
47204	錢七047204	user047204@example.test	0900047204	城市E	2023-04-30
47205	孫八047205	user047205@example.test	0900047205	城市F	2023-05-01
47206	周九047206	user047206@example.test	0900047206	城市G	2023-05-02
47207	吳十047207	user047207@example.test	0900047207	城市H	2023-05-03
47208	張三047208	user047208@example.test	0900047208	城市A	2023-05-04
47209	李四047209	user047209@example.test	0900047209	城市B	2023-05-05
47210	王五047210	user047210@example.test	0900047210	城市C	2023-05-06
47301	孫八047301	user047301@example.test	0900047301	城市F	2023-08-05
47302	周九047302	user047302@example.test	0900047302	城市G	2023-08-06
47303	吳十047303	user047303@example.test	0900047303	城市H	2023-08-07
47304	張三047304	user047304@example.test	0900047304	城市A	2023-08-08
47305	李四047305	user047305@example.test	0900047305	城市B	2023-08-09
47306	王五047306	user047306@example.test	0900047306	城市C	2023-08-10
47307	趙六047307	user047307@example.test	0900047307	城市D	2023-08-11
47308	錢七047308	user047308@example.test	0900047308	城市E	2023-08-12
47309	孫八047309	user047309@example.test	0900047309	城市F	2023-08-13
47310	周九047310	user047310@example.test	0900047310	城市G	2023-08-14
47401	李四047401	user047401@example.test	0900047401	城市B	2023-11-13
47402	王五047402	user047402@example.test	0900047402	城市C	2023-11-14
47403	趙六047403	user047403@example.test	0900047403	城市D	2023-11-15
47404	錢七047404	user047404@example.test	0900047404	城市E	2023-11-16
47405	孫八047405	user047405@example.test	0900047405	城市F	2023-11-17
47406	周九047406	user047406@example.test	0900047406	城市G	2023-11-18
47407	吳十047407	user047407@example.test	0900047407	城市H	2023-11-19
47408	張三047408	user047408@example.test	0900047408	城市A	2023-11-20
47409	李四047409	user047409@example.test	0900047409	城市B	2023-11-21
47410	王五047410	user047410@example.test	0900047410	城市C	2023-11-22
47501	孫八047501	user047501@example.test	0900047501	城市F	2024-02-21
47502	周九047502	user047502@example.test	0900047502	城市G	2024-02-22
47503	吳十047503	user047503@example.test	0900047503	城市H	2024-02-23
47504	張三047504	user047504@example.test	0900047504	城市A	2024-02-24
47505	李四047505	user047505@example.test	0900047505	城市B	2024-02-25
47506	王五047506	user047506@example.test	0900047506	城市C	2024-02-26
47507	趙六047507	user047507@example.test	0900047507	城市D	2024-02-27
47508	錢七047508	user047508@example.test	0900047508	城市E	2024-02-28
47509	孫八047509	user047509@example.test	0900047509	城市F	2024-02-29
47510	周九047510	user047510@example.test	0900047510	城市G	2024-03-01
47601	李四047601	user047601@example.test	0900047601	城市B	2024-05-31
47602	王五047602	user047602@example.test	0900047602	城市C	2024-06-01
47603	趙六047603	user047603@example.test	0900047603	城市D	2024-06-02
47604	錢七047604	user047604@example.test	0900047604	城市E	2024-06-03
47605	孫八047605	user047605@example.test	0900047605	城市F	2024-06-04
47606	周九047606	user047606@example.test	0900047606	城市G	2024-06-05
47607	吳十047607	user047607@example.test	0900047607	城市H	2024-06-06
47608	張三047608	user047608@example.test	0900047608	城市A	2024-06-07
47609	李四047609	user047609@example.test	0900047609	城市B	2024-06-08
47610	王五047610	user047610@example.test	0900047610	城市C	2024-06-09
47701	孫八047701	user047701@example.test	0900047701	城市F	2024-09-08
47702	周九047702	user047702@example.test	0900047702	城市G	2024-09-09
47703	吳十047703	user047703@example.test	0900047703	城市H	2024-09-10
47704	張三047704	user047704@example.test	0900047704	城市A	2024-09-11
47705	李四047705	user047705@example.test	0900047705	城市B	2024-09-12
47706	王五047706	user047706@example.test	0900047706	城市C	2024-09-13
47707	趙六047707	user047707@example.test	0900047707	城市D	2024-09-14
47708	錢七047708	user047708@example.test	0900047708	城市E	2024-09-15
47709	孫八047709	user047709@example.test	0900047709	城市F	2024-09-16
47710	周九047710	user047710@example.test	0900047710	城市G	2024-09-17
47801	李四047801	user047801@example.test	0900047801	城市B	2024-12-17
47802	王五047802	user047802@example.test	0900047802	城市C	2024-12-18
47803	趙六047803	user047803@example.test	0900047803	城市D	2024-12-19
47804	錢七047804	user047804@example.test	0900047804	城市E	2024-12-20
47805	孫八047805	user047805@example.test	0900047805	城市F	2024-12-21
47806	周九047806	user047806@example.test	0900047806	城市G	2024-12-22
47807	吳十047807	user047807@example.test	0900047807	城市H	2024-12-23
47808	張三047808	user047808@example.test	0900047808	城市A	2024-12-24
47809	李四047809	user047809@example.test	0900047809	城市B	2024-12-25
47810	王五047810	user047810@example.test	0900047810	城市C	2024-12-26
47901	孫八047901	user047901@example.test	0900047901	城市F	2025-03-27
47902	周九047902	user047902@example.test	0900047902	城市G	2025-03-28
47903	吳十047903	user047903@example.test	0900047903	城市H	2025-03-29
47904	張三047904	user047904@example.test	0900047904	城市A	2025-03-30
47905	李四047905	user047905@example.test	0900047905	城市B	2025-03-31
47906	王五047906	user047906@example.test	0900047906	城市C	2025-04-01
47907	趙六047907	user047907@example.test	0900047907	城市D	2025-04-02
47908	錢七047908	user047908@example.test	0900047908	城市E	2025-04-03
47909	孫八047909	user047909@example.test	0900047909	城市F	2025-04-04
47910	周九047910	user047910@example.test	0900047910	城市G	2025-04-05
48001	李四048001	user048001@example.test	0900048001	城市B	2025-07-05
48002	王五048002	user048002@example.test	0900048002	城市C	2025-07-06
48003	趙六048003	user048003@example.test	0900048003	城市D	2025-07-07
48004	錢七048004	user048004@example.test	0900048004	城市E	2025-07-08
48005	孫八048005	user048005@example.test	0900048005	城市F	2025-07-09
48006	周九048006	user048006@example.test	0900048006	城市G	2025-07-10
48007	吳十048007	user048007@example.test	0900048007	城市H	2025-07-11
48008	張三048008	user048008@example.test	0900048008	城市A	2025-07-12
48009	李四048009	user048009@example.test	0900048009	城市B	2025-07-13
48010	王五048010	user048010@example.test	0900048010	城市C	2025-07-14
48101	孫八048101	user048101@example.test	0900048101	城市F	2025-10-13
48102	周九048102	user048102@example.test	0900048102	城市G	2025-10-14
48103	吳十048103	user048103@example.test	0900048103	城市H	2025-10-15
48104	張三048104	user048104@example.test	0900048104	城市A	2025-10-16
48105	李四048105	user048105@example.test	0900048105	城市B	2025-10-17
48106	王五048106	user048106@example.test	0900048106	城市C	2025-10-18
48107	趙六048107	user048107@example.test	0900048107	城市D	2025-10-19
48108	錢七048108	user048108@example.test	0900048108	城市E	2025-10-20
48109	孫八048109	user048109@example.test	0900048109	城市F	2025-10-21
48110	周九048110	user048110@example.test	0900048110	城市G	2025-10-22
48201	李四048201	user048201@example.test	0900048201	城市B	2023-01-22
48202	王五048202	user048202@example.test	0900048202	城市C	2023-01-23
48203	趙六048203	user048203@example.test	0900048203	城市D	2023-01-24
48204	錢七048204	user048204@example.test	0900048204	城市E	2023-01-25
48205	孫八048205	user048205@example.test	0900048205	城市F	2023-01-26
48206	周九048206	user048206@example.test	0900048206	城市G	2023-01-27
48207	吳十048207	user048207@example.test	0900048207	城市H	2023-01-28
48208	張三048208	user048208@example.test	0900048208	城市A	2023-01-29
48209	李四048209	user048209@example.test	0900048209	城市B	2023-01-30
48210	王五048210	user048210@example.test	0900048210	城市C	2023-01-31
48301	孫八048301	user048301@example.test	0900048301	城市F	2023-05-02
48302	周九048302	user048302@example.test	0900048302	城市G	2023-05-03
48303	吳十048303	user048303@example.test	0900048303	城市H	2023-05-04
48304	張三048304	user048304@example.test	0900048304	城市A	2023-05-05
48305	李四048305	user048305@example.test	0900048305	城市B	2023-05-06
48306	王五048306	user048306@example.test	0900048306	城市C	2023-05-07
48307	趙六048307	user048307@example.test	0900048307	城市D	2023-05-08
48308	錢七048308	user048308@example.test	0900048308	城市E	2023-05-09
48309	孫八048309	user048309@example.test	0900048309	城市F	2023-05-10
48310	周九048310	user048310@example.test	0900048310	城市G	2023-05-11
48401	李四048401	user048401@example.test	0900048401	城市B	2023-08-10
48402	王五048402	user048402@example.test	0900048402	城市C	2023-08-11
48403	趙六048403	user048403@example.test	0900048403	城市D	2023-08-12
48404	錢七048404	user048404@example.test	0900048404	城市E	2023-08-13
48405	孫八048405	user048405@example.test	0900048405	城市F	2023-08-14
48406	周九048406	user048406@example.test	0900048406	城市G	2023-08-15
48407	吳十048407	user048407@example.test	0900048407	城市H	2023-08-16
48408	張三048408	user048408@example.test	0900048408	城市A	2023-08-17
48409	李四048409	user048409@example.test	0900048409	城市B	2023-08-18
48410	王五048410	user048410@example.test	0900048410	城市C	2023-08-19
48501	孫八048501	user048501@example.test	0900048501	城市F	2023-11-18
48502	周九048502	user048502@example.test	0900048502	城市G	2023-11-19
48503	吳十048503	user048503@example.test	0900048503	城市H	2023-11-20
48504	張三048504	user048504@example.test	0900048504	城市A	2023-11-21
48505	李四048505	user048505@example.test	0900048505	城市B	2023-11-22
48506	王五048506	user048506@example.test	0900048506	城市C	2023-11-23
48507	趙六048507	user048507@example.test	0900048507	城市D	2023-11-24
48508	錢七048508	user048508@example.test	0900048508	城市E	2023-11-25
48509	孫八048509	user048509@example.test	0900048509	城市F	2023-11-26
48510	周九048510	user048510@example.test	0900048510	城市G	2023-11-27
48601	李四048601	user048601@example.test	0900048601	城市B	2024-02-26
48602	王五048602	user048602@example.test	0900048602	城市C	2024-02-27
48603	趙六048603	user048603@example.test	0900048603	城市D	2024-02-28
48604	錢七048604	user048604@example.test	0900048604	城市E	2024-02-29
48605	孫八048605	user048605@example.test	0900048605	城市F	2024-03-01
48606	周九048606	user048606@example.test	0900048606	城市G	2024-03-02
48607	吳十048607	user048607@example.test	0900048607	城市H	2024-03-03
48608	張三048608	user048608@example.test	0900048608	城市A	2024-03-04
48609	李四048609	user048609@example.test	0900048609	城市B	2024-03-05
48610	王五048610	user048610@example.test	0900048610	城市C	2024-03-06
48701	孫八048701	user048701@example.test	0900048701	城市F	2024-06-05
48702	周九048702	user048702@example.test	0900048702	城市G	2024-06-06
48703	吳十048703	user048703@example.test	0900048703	城市H	2024-06-07
48704	張三048704	user048704@example.test	0900048704	城市A	2024-06-08
48705	李四048705	user048705@example.test	0900048705	城市B	2024-06-09
48706	王五048706	user048706@example.test	0900048706	城市C	2024-06-10
48707	趙六048707	user048707@example.test	0900048707	城市D	2024-06-11
48708	錢七048708	user048708@example.test	0900048708	城市E	2024-06-12
48709	孫八048709	user048709@example.test	0900048709	城市F	2024-06-13
48710	周九048710	user048710@example.test	0900048710	城市G	2024-06-14
48801	李四048801	user048801@example.test	0900048801	城市B	2024-09-13
48802	王五048802	user048802@example.test	0900048802	城市C	2024-09-14
48803	趙六048803	user048803@example.test	0900048803	城市D	2024-09-15
48804	錢七048804	user048804@example.test	0900048804	城市E	2024-09-16
48805	孫八048805	user048805@example.test	0900048805	城市F	2024-09-17
48806	周九048806	user048806@example.test	0900048806	城市G	2024-09-18
48807	吳十048807	user048807@example.test	0900048807	城市H	2024-09-19
48808	張三048808	user048808@example.test	0900048808	城市A	2024-09-20
48809	李四048809	user048809@example.test	0900048809	城市B	2024-09-21
48810	王五048810	user048810@example.test	0900048810	城市C	2024-09-22
48901	孫八048901	user048901@example.test	0900048901	城市F	2024-12-22
48902	周九048902	user048902@example.test	0900048902	城市G	2024-12-23
48903	吳十048903	user048903@example.test	0900048903	城市H	2024-12-24
48904	張三048904	user048904@example.test	0900048904	城市A	2024-12-25
48905	李四048905	user048905@example.test	0900048905	城市B	2024-12-26
48906	王五048906	user048906@example.test	0900048906	城市C	2024-12-27
48907	趙六048907	user048907@example.test	0900048907	城市D	2024-12-28
48908	錢七048908	user048908@example.test	0900048908	城市E	2024-12-29
48909	孫八048909	user048909@example.test	0900048909	城市F	2024-12-30
48910	周九048910	user048910@example.test	0900048910	城市G	2024-12-31
49001	李四049001	user049001@example.test	0900049001	城市B	2025-04-01
49002	王五049002	user049002@example.test	0900049002	城市C	2025-04-02
49003	趙六049003	user049003@example.test	0900049003	城市D	2025-04-03
49004	錢七049004	user049004@example.test	0900049004	城市E	2025-04-04
49005	孫八049005	user049005@example.test	0900049005	城市F	2025-04-05
49006	周九049006	user049006@example.test	0900049006	城市G	2025-04-06
49007	吳十049007	user049007@example.test	0900049007	城市H	2025-04-07
49008	張三049008	user049008@example.test	0900049008	城市A	2025-04-08
49009	李四049009	user049009@example.test	0900049009	城市B	2025-04-09
49010	王五049010	user049010@example.test	0900049010	城市C	2025-04-10
49101	孫八049101	user049101@example.test	0900049101	城市F	2025-07-10
49102	周九049102	user049102@example.test	0900049102	城市G	2025-07-11
49103	吳十049103	user049103@example.test	0900049103	城市H	2025-07-12
49104	張三049104	user049104@example.test	0900049104	城市A	2025-07-13
49105	李四049105	user049105@example.test	0900049105	城市B	2025-07-14
49106	王五049106	user049106@example.test	0900049106	城市C	2025-07-15
49107	趙六049107	user049107@example.test	0900049107	城市D	2025-07-16
49108	錢七049108	user049108@example.test	0900049108	城市E	2025-07-17
49109	孫八049109	user049109@example.test	0900049109	城市F	2025-07-18
49110	周九049110	user049110@example.test	0900049110	城市G	2025-07-19
49201	李四049201	user049201@example.test	0900049201	城市B	2025-10-18
49202	王五049202	user049202@example.test	0900049202	城市C	2025-10-19
49203	趙六049203	user049203@example.test	0900049203	城市D	2025-10-20
49204	錢七049204	user049204@example.test	0900049204	城市E	2025-10-21
49205	孫八049205	user049205@example.test	0900049205	城市F	2025-10-22
49206	周九049206	user049206@example.test	0900049206	城市G	2025-10-23
49207	吳十049207	user049207@example.test	0900049207	城市H	2025-10-24
49208	張三049208	user049208@example.test	0900049208	城市A	2025-10-25
49209	李四049209	user049209@example.test	0900049209	城市B	2025-10-26
49210	王五049210	user049210@example.test	0900049210	城市C	2025-10-27
49301	孫八049301	user049301@example.test	0900049301	城市F	2023-01-27
49302	周九049302	user049302@example.test	0900049302	城市G	2023-01-28
49303	吳十049303	user049303@example.test	0900049303	城市H	2023-01-29
49304	張三049304	user049304@example.test	0900049304	城市A	2023-01-30
49305	李四049305	user049305@example.test	0900049305	城市B	2023-01-31
49306	王五049306	user049306@example.test	0900049306	城市C	2023-02-01
49307	趙六049307	user049307@example.test	0900049307	城市D	2023-02-02
49308	錢七049308	user049308@example.test	0900049308	城市E	2023-02-03
49309	孫八049309	user049309@example.test	0900049309	城市F	2023-02-04
49310	周九049310	user049310@example.test	0900049310	城市G	2023-02-05
49401	李四049401	user049401@example.test	0900049401	城市B	2023-05-07
49402	王五049402	user049402@example.test	0900049402	城市C	2023-05-08
49403	趙六049403	user049403@example.test	0900049403	城市D	2023-05-09
49404	錢七049404	user049404@example.test	0900049404	城市E	2023-05-10
49405	孫八049405	user049405@example.test	0900049405	城市F	2023-05-11
49406	周九049406	user049406@example.test	0900049406	城市G	2023-05-12
49407	吳十049407	user049407@example.test	0900049407	城市H	2023-05-13
49408	張三049408	user049408@example.test	0900049408	城市A	2023-05-14
49409	李四049409	user049409@example.test	0900049409	城市B	2023-05-15
49410	王五049410	user049410@example.test	0900049410	城市C	2023-05-16
49501	孫八049501	user049501@example.test	0900049501	城市F	2023-08-15
49502	周九049502	user049502@example.test	0900049502	城市G	2023-08-16
49503	吳十049503	user049503@example.test	0900049503	城市H	2023-08-17
49504	張三049504	user049504@example.test	0900049504	城市A	2023-08-18
49505	李四049505	user049505@example.test	0900049505	城市B	2023-08-19
49506	王五049506	user049506@example.test	0900049506	城市C	2023-08-20
49507	趙六049507	user049507@example.test	0900049507	城市D	2023-08-21
49508	錢七049508	user049508@example.test	0900049508	城市E	2023-08-22
49509	孫八049509	user049509@example.test	0900049509	城市F	2023-08-23
49510	周九049510	user049510@example.test	0900049510	城市G	2023-08-24
49601	李四049601	user049601@example.test	0900049601	城市B	2023-11-23
49602	王五049602	user049602@example.test	0900049602	城市C	2023-11-24
49603	趙六049603	user049603@example.test	0900049603	城市D	2023-11-25
49604	錢七049604	user049604@example.test	0900049604	城市E	2023-11-26
49605	孫八049605	user049605@example.test	0900049605	城市F	2023-11-27
49606	周九049606	user049606@example.test	0900049606	城市G	2023-11-28
49607	吳十049607	user049607@example.test	0900049607	城市H	2023-11-29
49608	張三049608	user049608@example.test	0900049608	城市A	2023-11-30
49609	李四049609	user049609@example.test	0900049609	城市B	2023-12-01
49610	王五049610	user049610@example.test	0900049610	城市C	2023-12-02
49701	孫八049701	user049701@example.test	0900049701	城市F	2024-03-02
49702	周九049702	user049702@example.test	0900049702	城市G	2024-03-03
49703	吳十049703	user049703@example.test	0900049703	城市H	2024-03-04
49704	張三049704	user049704@example.test	0900049704	城市A	2024-03-05
49705	李四049705	user049705@example.test	0900049705	城市B	2024-03-06
49706	王五049706	user049706@example.test	0900049706	城市C	2024-03-07
49707	趙六049707	user049707@example.test	0900049707	城市D	2024-03-08
49708	錢七049708	user049708@example.test	0900049708	城市E	2024-03-09
49709	孫八049709	user049709@example.test	0900049709	城市F	2024-03-10
49710	周九049710	user049710@example.test	0900049710	城市G	2024-03-11
49801	李四049801	user049801@example.test	0900049801	城市B	2024-06-10
49802	王五049802	user049802@example.test	0900049802	城市C	2024-06-11
49803	趙六049803	user049803@example.test	0900049803	城市D	2024-06-12
49804	錢七049804	user049804@example.test	0900049804	城市E	2024-06-13
49805	孫八049805	user049805@example.test	0900049805	城市F	2024-06-14
49806	周九049806	user049806@example.test	0900049806	城市G	2024-06-15
49807	吳十049807	user049807@example.test	0900049807	城市H	2024-06-16
49808	張三049808	user049808@example.test	0900049808	城市A	2024-06-17
49809	李四049809	user049809@example.test	0900049809	城市B	2024-06-18
49810	王五049810	user049810@example.test	0900049810	城市C	2024-06-19
49901	孫八049901	user049901@example.test	0900049901	城市F	2024-09-18
49902	周九049902	user049902@example.test	0900049902	城市G	2024-09-19
49903	吳十049903	user049903@example.test	0900049903	城市H	2024-09-20
49904	張三049904	user049904@example.test	0900049904	城市A	2024-09-21
49905	李四049905	user049905@example.test	0900049905	城市B	2024-09-22
49906	王五049906	user049906@example.test	0900049906	城市C	2024-09-23
49907	趙六049907	user049907@example.test	0900049907	城市D	2024-09-24
49908	錢七049908	user049908@example.test	0900049908	城市E	2024-09-25
49909	孫八049909	user049909@example.test	0900049909	城市F	2024-09-26
49910	周九049910	user049910@example.test	0900049910	城市G	2024-09-27
50001	李四050001	user050001@example.test	0900050001	城市B	2024-12-27
50002	王五050002	user050002@example.test	0900050002	城市C	2024-12-28
50003	趙六050003	user050003@example.test	0900050003	城市D	2024-12-29
50004	錢七050004	user050004@example.test	0900050004	城市E	2024-12-30
50005	孫八050005	user050005@example.test	0900050005	城市F	2024-12-31
50006	周九050006	user050006@example.test	0900050006	城市G	2025-01-01
50007	吳十050007	user050007@example.test	0900050007	城市H	2025-01-02
50008	張三050008	user050008@example.test	0900050008	城市A	2025-01-03
50009	李四050009	user050009@example.test	0900050009	城市B	2025-01-04
50010	王五050010	user050010@example.test	0900050010	城市C	2025-01-05
50101	孫八050101	user050101@example.test	0900050101	城市F	2025-04-06
50102	周九050102	user050102@example.test	0900050102	城市G	2025-04-07
50103	吳十050103	user050103@example.test	0900050103	城市H	2025-04-08
50104	張三050104	user050104@example.test	0900050104	城市A	2025-04-09
50105	李四050105	user050105@example.test	0900050105	城市B	2025-04-10
50106	王五050106	user050106@example.test	0900050106	城市C	2025-04-11
50107	趙六050107	user050107@example.test	0900050107	城市D	2025-04-12
50108	錢七050108	user050108@example.test	0900050108	城市E	2025-04-13
50109	孫八050109	user050109@example.test	0900050109	城市F	2025-04-14
50110	周九050110	user050110@example.test	0900050110	城市G	2025-04-15
50201	李四050201	user050201@example.test	0900050201	城市B	2025-07-15
50202	王五050202	user050202@example.test	0900050202	城市C	2025-07-16
50203	趙六050203	user050203@example.test	0900050203	城市D	2025-07-17
50204	錢七050204	user050204@example.test	0900050204	城市E	2025-07-18
50205	孫八050205	user050205@example.test	0900050205	城市F	2025-07-19
50206	周九050206	user050206@example.test	0900050206	城市G	2025-07-20
50207	吳十050207	user050207@example.test	0900050207	城市H	2025-07-21
50208	張三050208	user050208@example.test	0900050208	城市A	2025-07-22
50209	李四050209	user050209@example.test	0900050209	城市B	2025-07-23
50210	王五050210	user050210@example.test	0900050210	城市C	2025-07-24
50301	孫八050301	user050301@example.test	0900050301	城市F	2025-10-23
50302	周九050302	user050302@example.test	0900050302	城市G	2025-10-24
50303	吳十050303	user050303@example.test	0900050303	城市H	2025-10-25
50304	張三050304	user050304@example.test	0900050304	城市A	2025-10-26
50305	李四050305	user050305@example.test	0900050305	城市B	2025-10-27
50306	王五050306	user050306@example.test	0900050306	城市C	2025-10-28
50307	趙六050307	user050307@example.test	0900050307	城市D	2025-10-29
50308	錢七050308	user050308@example.test	0900050308	城市E	2025-10-30
50309	孫八050309	user050309@example.test	0900050309	城市F	2025-10-31
50310	周九050310	user050310@example.test	0900050310	城市G	2025-11-01
50401	李四050401	user050401@example.test	0900050401	城市B	2023-02-01
50402	王五050402	user050402@example.test	0900050402	城市C	2023-02-02
50403	趙六050403	user050403@example.test	0900050403	城市D	2023-02-03
50404	錢七050404	user050404@example.test	0900050404	城市E	2023-02-04
50405	孫八050405	user050405@example.test	0900050405	城市F	2023-02-05
50406	周九050406	user050406@example.test	0900050406	城市G	2023-02-06
50407	吳十050407	user050407@example.test	0900050407	城市H	2023-02-07
50408	張三050408	user050408@example.test	0900050408	城市A	2023-02-08
50409	李四050409	user050409@example.test	0900050409	城市B	2023-02-09
50410	王五050410	user050410@example.test	0900050410	城市C	2023-02-10
50501	孫八050501	user050501@example.test	0900050501	城市F	2023-05-12
50502	周九050502	user050502@example.test	0900050502	城市G	2023-05-13
50503	吳十050503	user050503@example.test	0900050503	城市H	2023-05-14
50504	張三050504	user050504@example.test	0900050504	城市A	2023-05-15
50505	李四050505	user050505@example.test	0900050505	城市B	2023-05-16
50506	王五050506	user050506@example.test	0900050506	城市C	2023-05-17
50507	趙六050507	user050507@example.test	0900050507	城市D	2023-05-18
50508	錢七050508	user050508@example.test	0900050508	城市E	2023-05-19
50509	孫八050509	user050509@example.test	0900050509	城市F	2023-05-20
50510	周九050510	user050510@example.test	0900050510	城市G	2023-05-21
50601	李四050601	user050601@example.test	0900050601	城市B	2023-08-20
50602	王五050602	user050602@example.test	0900050602	城市C	2023-08-21
50603	趙六050603	user050603@example.test	0900050603	城市D	2023-08-22
50604	錢七050604	user050604@example.test	0900050604	城市E	2023-08-23
50605	孫八050605	user050605@example.test	0900050605	城市F	2023-08-24
50606	周九050606	user050606@example.test	0900050606	城市G	2023-08-25
50607	吳十050607	user050607@example.test	0900050607	城市H	2023-08-26
50608	張三050608	user050608@example.test	0900050608	城市A	2023-08-27
50609	李四050609	user050609@example.test	0900050609	城市B	2023-08-28
50610	王五050610	user050610@example.test	0900050610	城市C	2023-08-29
50701	孫八050701	user050701@example.test	0900050701	城市F	2023-11-28
50702	周九050702	user050702@example.test	0900050702	城市G	2023-11-29
50703	吳十050703	user050703@example.test	0900050703	城市H	2023-11-30
50704	張三050704	user050704@example.test	0900050704	城市A	2023-12-01
50705	李四050705	user050705@example.test	0900050705	城市B	2023-12-02
50706	王五050706	user050706@example.test	0900050706	城市C	2023-12-03
50707	趙六050707	user050707@example.test	0900050707	城市D	2023-12-04
50708	錢七050708	user050708@example.test	0900050708	城市E	2023-12-05
50709	孫八050709	user050709@example.test	0900050709	城市F	2023-12-06
50710	周九050710	user050710@example.test	0900050710	城市G	2023-12-07
50801	李四050801	user050801@example.test	0900050801	城市B	2024-03-07
50802	王五050802	user050802@example.test	0900050802	城市C	2024-03-08
50803	趙六050803	user050803@example.test	0900050803	城市D	2024-03-09
50804	錢七050804	user050804@example.test	0900050804	城市E	2024-03-10
50805	孫八050805	user050805@example.test	0900050805	城市F	2024-03-11
50806	周九050806	user050806@example.test	0900050806	城市G	2024-03-12
50807	吳十050807	user050807@example.test	0900050807	城市H	2024-03-13
50808	張三050808	user050808@example.test	0900050808	城市A	2024-03-14
50809	李四050809	user050809@example.test	0900050809	城市B	2024-03-15
50810	王五050810	user050810@example.test	0900050810	城市C	2024-03-16
50901	孫八050901	user050901@example.test	0900050901	城市F	2024-06-15
50902	周九050902	user050902@example.test	0900050902	城市G	2024-06-16
50903	吳十050903	user050903@example.test	0900050903	城市H	2024-06-17
50904	張三050904	user050904@example.test	0900050904	城市A	2024-06-18
50905	李四050905	user050905@example.test	0900050905	城市B	2024-06-19
50906	王五050906	user050906@example.test	0900050906	城市C	2024-06-20
50907	趙六050907	user050907@example.test	0900050907	城市D	2024-06-21
50908	錢七050908	user050908@example.test	0900050908	城市E	2024-06-22
50909	孫八050909	user050909@example.test	0900050909	城市F	2024-06-23
50910	周九050910	user050910@example.test	0900050910	城市G	2024-06-24
51001	李四051001	user051001@example.test	0900051001	城市B	2024-09-23
51002	王五051002	user051002@example.test	0900051002	城市C	2024-09-24
51003	趙六051003	user051003@example.test	0900051003	城市D	2024-09-25
51004	錢七051004	user051004@example.test	0900051004	城市E	2024-09-26
51005	孫八051005	user051005@example.test	0900051005	城市F	2024-09-27
51006	周九051006	user051006@example.test	0900051006	城市G	2024-09-28
51007	吳十051007	user051007@example.test	0900051007	城市H	2024-09-29
51008	張三051008	user051008@example.test	0900051008	城市A	2024-09-30
51009	李四051009	user051009@example.test	0900051009	城市B	2024-10-01
51010	王五051010	user051010@example.test	0900051010	城市C	2024-10-02
51101	孫八051101	user051101@example.test	0900051101	城市F	2025-01-01
51102	周九051102	user051102@example.test	0900051102	城市G	2025-01-02
51103	吳十051103	user051103@example.test	0900051103	城市H	2025-01-03
51104	張三051104	user051104@example.test	0900051104	城市A	2025-01-04
51105	李四051105	user051105@example.test	0900051105	城市B	2025-01-05
51106	王五051106	user051106@example.test	0900051106	城市C	2025-01-06
51107	趙六051107	user051107@example.test	0900051107	城市D	2025-01-07
51108	錢七051108	user051108@example.test	0900051108	城市E	2025-01-08
51109	孫八051109	user051109@example.test	0900051109	城市F	2025-01-09
51110	周九051110	user051110@example.test	0900051110	城市G	2025-01-10
51201	李四051201	user051201@example.test	0900051201	城市B	2025-04-11
51202	王五051202	user051202@example.test	0900051202	城市C	2025-04-12
51203	趙六051203	user051203@example.test	0900051203	城市D	2025-04-13
51204	錢七051204	user051204@example.test	0900051204	城市E	2025-04-14
51205	孫八051205	user051205@example.test	0900051205	城市F	2025-04-15
51206	周九051206	user051206@example.test	0900051206	城市G	2025-04-16
51207	吳十051207	user051207@example.test	0900051207	城市H	2025-04-17
51208	張三051208	user051208@example.test	0900051208	城市A	2025-04-18
51209	李四051209	user051209@example.test	0900051209	城市B	2025-04-19
51210	王五051210	user051210@example.test	0900051210	城市C	2025-04-20
51301	孫八051301	user051301@example.test	0900051301	城市F	2025-07-20
51302	周九051302	user051302@example.test	0900051302	城市G	2025-07-21
51303	吳十051303	user051303@example.test	0900051303	城市H	2025-07-22
51304	張三051304	user051304@example.test	0900051304	城市A	2025-07-23
51305	李四051305	user051305@example.test	0900051305	城市B	2025-07-24
51306	王五051306	user051306@example.test	0900051306	城市C	2025-07-25
51307	趙六051307	user051307@example.test	0900051307	城市D	2025-07-26
51308	錢七051308	user051308@example.test	0900051308	城市E	2025-07-27
51309	孫八051309	user051309@example.test	0900051309	城市F	2025-07-28
51310	周九051310	user051310@example.test	0900051310	城市G	2025-07-29
51401	李四051401	user051401@example.test	0900051401	城市B	2025-10-28
51402	王五051402	user051402@example.test	0900051402	城市C	2025-10-29
51403	趙六051403	user051403@example.test	0900051403	城市D	2025-10-30
51404	錢七051404	user051404@example.test	0900051404	城市E	2025-10-31
51405	孫八051405	user051405@example.test	0900051405	城市F	2025-11-01
51406	周九051406	user051406@example.test	0900051406	城市G	2025-11-02
51407	吳十051407	user051407@example.test	0900051407	城市H	2025-11-03
51408	張三051408	user051408@example.test	0900051408	城市A	2025-11-04
51409	李四051409	user051409@example.test	0900051409	城市B	2025-11-05
51410	王五051410	user051410@example.test	0900051410	城市C	2025-11-06
51501	孫八051501	user051501@example.test	0900051501	城市F	2023-02-06
51502	周九051502	user051502@example.test	0900051502	城市G	2023-02-07
51503	吳十051503	user051503@example.test	0900051503	城市H	2023-02-08
51504	張三051504	user051504@example.test	0900051504	城市A	2023-02-09
51505	李四051505	user051505@example.test	0900051505	城市B	2023-02-10
51506	王五051506	user051506@example.test	0900051506	城市C	2023-02-11
51507	趙六051507	user051507@example.test	0900051507	城市D	2023-02-12
51508	錢七051508	user051508@example.test	0900051508	城市E	2023-02-13
51509	孫八051509	user051509@example.test	0900051509	城市F	2023-02-14
51510	周九051510	user051510@example.test	0900051510	城市G	2023-02-15
51601	李四051601	user051601@example.test	0900051601	城市B	2023-05-17
51602	王五051602	user051602@example.test	0900051602	城市C	2023-05-18
51603	趙六051603	user051603@example.test	0900051603	城市D	2023-05-19
51604	錢七051604	user051604@example.test	0900051604	城市E	2023-05-20
51605	孫八051605	user051605@example.test	0900051605	城市F	2023-05-21
51606	周九051606	user051606@example.test	0900051606	城市G	2023-05-22
51607	吳十051607	user051607@example.test	0900051607	城市H	2023-05-23
51608	張三051608	user051608@example.test	0900051608	城市A	2023-05-24
51609	李四051609	user051609@example.test	0900051609	城市B	2023-05-25
51610	王五051610	user051610@example.test	0900051610	城市C	2023-05-26
51701	孫八051701	user051701@example.test	0900051701	城市F	2023-08-25
51702	周九051702	user051702@example.test	0900051702	城市G	2023-08-26
51703	吳十051703	user051703@example.test	0900051703	城市H	2023-08-27
51704	張三051704	user051704@example.test	0900051704	城市A	2023-08-28
51705	李四051705	user051705@example.test	0900051705	城市B	2023-08-29
51706	王五051706	user051706@example.test	0900051706	城市C	2023-08-30
51707	趙六051707	user051707@example.test	0900051707	城市D	2023-08-31
51708	錢七051708	user051708@example.test	0900051708	城市E	2023-09-01
51709	孫八051709	user051709@example.test	0900051709	城市F	2023-09-02
51710	周九051710	user051710@example.test	0900051710	城市G	2023-09-03
51801	李四051801	user051801@example.test	0900051801	城市B	2023-12-03
51802	王五051802	user051802@example.test	0900051802	城市C	2023-12-04
51803	趙六051803	user051803@example.test	0900051803	城市D	2023-12-05
51804	錢七051804	user051804@example.test	0900051804	城市E	2023-12-06
51805	孫八051805	user051805@example.test	0900051805	城市F	2023-12-07
51806	周九051806	user051806@example.test	0900051806	城市G	2023-12-08
51807	吳十051807	user051807@example.test	0900051807	城市H	2023-12-09
51808	張三051808	user051808@example.test	0900051808	城市A	2023-12-10
51809	李四051809	user051809@example.test	0900051809	城市B	2023-12-11
51810	王五051810	user051810@example.test	0900051810	城市C	2023-12-12
51901	孫八051901	user051901@example.test	0900051901	城市F	2024-03-12
51902	周九051902	user051902@example.test	0900051902	城市G	2024-03-13
51903	吳十051903	user051903@example.test	0900051903	城市H	2024-03-14
51904	張三051904	user051904@example.test	0900051904	城市A	2024-03-15
51905	李四051905	user051905@example.test	0900051905	城市B	2024-03-16
51906	王五051906	user051906@example.test	0900051906	城市C	2024-03-17
51907	趙六051907	user051907@example.test	0900051907	城市D	2024-03-18
51908	錢七051908	user051908@example.test	0900051908	城市E	2024-03-19
51909	孫八051909	user051909@example.test	0900051909	城市F	2024-03-20
51910	周九051910	user051910@example.test	0900051910	城市G	2024-03-21
52001	李四052001	user052001@example.test	0900052001	城市B	2024-06-20
52002	王五052002	user052002@example.test	0900052002	城市C	2024-06-21
52003	趙六052003	user052003@example.test	0900052003	城市D	2024-06-22
52004	錢七052004	user052004@example.test	0900052004	城市E	2024-06-23
52005	孫八052005	user052005@example.test	0900052005	城市F	2024-06-24
52006	周九052006	user052006@example.test	0900052006	城市G	2024-06-25
52007	吳十052007	user052007@example.test	0900052007	城市H	2024-06-26
52008	張三052008	user052008@example.test	0900052008	城市A	2024-06-27
52009	李四052009	user052009@example.test	0900052009	城市B	2024-06-28
52010	王五052010	user052010@example.test	0900052010	城市C	2024-06-29
52101	孫八052101	user052101@example.test	0900052101	城市F	2024-09-28
52102	周九052102	user052102@example.test	0900052102	城市G	2024-09-29
52103	吳十052103	user052103@example.test	0900052103	城市H	2024-09-30
52104	張三052104	user052104@example.test	0900052104	城市A	2024-10-01
52105	李四052105	user052105@example.test	0900052105	城市B	2024-10-02
52106	王五052106	user052106@example.test	0900052106	城市C	2024-10-03
52107	趙六052107	user052107@example.test	0900052107	城市D	2024-10-04
52108	錢七052108	user052108@example.test	0900052108	城市E	2024-10-05
52109	孫八052109	user052109@example.test	0900052109	城市F	2024-10-06
52110	周九052110	user052110@example.test	0900052110	城市G	2024-10-07
52201	李四052201	user052201@example.test	0900052201	城市B	2025-01-06
52202	王五052202	user052202@example.test	0900052202	城市C	2025-01-07
52203	趙六052203	user052203@example.test	0900052203	城市D	2025-01-08
52204	錢七052204	user052204@example.test	0900052204	城市E	2025-01-09
52205	孫八052205	user052205@example.test	0900052205	城市F	2025-01-10
52206	周九052206	user052206@example.test	0900052206	城市G	2025-01-11
52207	吳十052207	user052207@example.test	0900052207	城市H	2025-01-12
52208	張三052208	user052208@example.test	0900052208	城市A	2025-01-13
52209	李四052209	user052209@example.test	0900052209	城市B	2025-01-14
52210	王五052210	user052210@example.test	0900052210	城市C	2025-01-15
52301	孫八052301	user052301@example.test	0900052301	城市F	2025-04-16
52302	周九052302	user052302@example.test	0900052302	城市G	2025-04-17
52303	吳十052303	user052303@example.test	0900052303	城市H	2025-04-18
52304	張三052304	user052304@example.test	0900052304	城市A	2025-04-19
52305	李四052305	user052305@example.test	0900052305	城市B	2025-04-20
52306	王五052306	user052306@example.test	0900052306	城市C	2025-04-21
52307	趙六052307	user052307@example.test	0900052307	城市D	2025-04-22
52308	錢七052308	user052308@example.test	0900052308	城市E	2025-04-23
52309	孫八052309	user052309@example.test	0900052309	城市F	2025-04-24
52310	周九052310	user052310@example.test	0900052310	城市G	2025-04-25
52401	李四052401	user052401@example.test	0900052401	城市B	2025-07-25
52402	王五052402	user052402@example.test	0900052402	城市C	2025-07-26
52403	趙六052403	user052403@example.test	0900052403	城市D	2025-07-27
52404	錢七052404	user052404@example.test	0900052404	城市E	2025-07-28
52405	孫八052405	user052405@example.test	0900052405	城市F	2025-07-29
52406	周九052406	user052406@example.test	0900052406	城市G	2025-07-30
52407	吳十052407	user052407@example.test	0900052407	城市H	2025-07-31
52408	張三052408	user052408@example.test	0900052408	城市A	2025-08-01
52409	李四052409	user052409@example.test	0900052409	城市B	2025-08-02
52410	王五052410	user052410@example.test	0900052410	城市C	2025-08-03
52501	孫八052501	user052501@example.test	0900052501	城市F	2025-11-02
52502	周九052502	user052502@example.test	0900052502	城市G	2025-11-03
52503	吳十052503	user052503@example.test	0900052503	城市H	2025-11-04
52504	張三052504	user052504@example.test	0900052504	城市A	2025-11-05
52505	李四052505	user052505@example.test	0900052505	城市B	2025-11-06
52506	王五052506	user052506@example.test	0900052506	城市C	2025-11-07
52507	趙六052507	user052507@example.test	0900052507	城市D	2025-11-08
52508	錢七052508	user052508@example.test	0900052508	城市E	2025-11-09
52509	孫八052509	user052509@example.test	0900052509	城市F	2025-11-10
52510	周九052510	user052510@example.test	0900052510	城市G	2025-11-11
52601	李四052601	user052601@example.test	0900052601	城市B	2023-02-11
52602	王五052602	user052602@example.test	0900052602	城市C	2023-02-12
52603	趙六052603	user052603@example.test	0900052603	城市D	2023-02-13
52604	錢七052604	user052604@example.test	0900052604	城市E	2023-02-14
52605	孫八052605	user052605@example.test	0900052605	城市F	2023-02-15
52606	周九052606	user052606@example.test	0900052606	城市G	2023-02-16
52607	吳十052607	user052607@example.test	0900052607	城市H	2023-02-17
52608	張三052608	user052608@example.test	0900052608	城市A	2023-02-18
52609	李四052609	user052609@example.test	0900052609	城市B	2023-02-19
52610	王五052610	user052610@example.test	0900052610	城市C	2023-02-20
52701	孫八052701	user052701@example.test	0900052701	城市F	2023-05-22
52702	周九052702	user052702@example.test	0900052702	城市G	2023-05-23
52703	吳十052703	user052703@example.test	0900052703	城市H	2023-05-24
52704	張三052704	user052704@example.test	0900052704	城市A	2023-05-25
52705	李四052705	user052705@example.test	0900052705	城市B	2023-05-26
52706	王五052706	user052706@example.test	0900052706	城市C	2023-05-27
52707	趙六052707	user052707@example.test	0900052707	城市D	2023-05-28
52708	錢七052708	user052708@example.test	0900052708	城市E	2023-05-29
52709	孫八052709	user052709@example.test	0900052709	城市F	2023-05-30
52710	周九052710	user052710@example.test	0900052710	城市G	2023-05-31
52801	李四052801	user052801@example.test	0900052801	城市B	2023-08-30
52802	王五052802	user052802@example.test	0900052802	城市C	2023-08-31
52803	趙六052803	user052803@example.test	0900052803	城市D	2023-09-01
52804	錢七052804	user052804@example.test	0900052804	城市E	2023-09-02
52805	孫八052805	user052805@example.test	0900052805	城市F	2023-09-03
52806	周九052806	user052806@example.test	0900052806	城市G	2023-09-04
52807	吳十052807	user052807@example.test	0900052807	城市H	2023-09-05
52808	張三052808	user052808@example.test	0900052808	城市A	2023-09-06
52809	李四052809	user052809@example.test	0900052809	城市B	2023-09-07
52810	王五052810	user052810@example.test	0900052810	城市C	2023-09-08
52901	孫八052901	user052901@example.test	0900052901	城市F	2023-12-08
52902	周九052902	user052902@example.test	0900052902	城市G	2023-12-09
52903	吳十052903	user052903@example.test	0900052903	城市H	2023-12-10
52904	張三052904	user052904@example.test	0900052904	城市A	2023-12-11
52905	李四052905	user052905@example.test	0900052905	城市B	2023-12-12
52906	王五052906	user052906@example.test	0900052906	城市C	2023-12-13
52907	趙六052907	user052907@example.test	0900052907	城市D	2023-12-14
52908	錢七052908	user052908@example.test	0900052908	城市E	2023-12-15
52909	孫八052909	user052909@example.test	0900052909	城市F	2023-12-16
52910	周九052910	user052910@example.test	0900052910	城市G	2023-12-17
53001	李四053001	user053001@example.test	0900053001	城市B	2024-03-17
53002	王五053002	user053002@example.test	0900053002	城市C	2024-03-18
53003	趙六053003	user053003@example.test	0900053003	城市D	2024-03-19
53004	錢七053004	user053004@example.test	0900053004	城市E	2024-03-20
53005	孫八053005	user053005@example.test	0900053005	城市F	2024-03-21
53006	周九053006	user053006@example.test	0900053006	城市G	2024-03-22
53007	吳十053007	user053007@example.test	0900053007	城市H	2024-03-23
53008	張三053008	user053008@example.test	0900053008	城市A	2024-03-24
53009	李四053009	user053009@example.test	0900053009	城市B	2024-03-25
53010	王五053010	user053010@example.test	0900053010	城市C	2024-03-26
53101	孫八053101	user053101@example.test	0900053101	城市F	2024-06-25
53102	周九053102	user053102@example.test	0900053102	城市G	2024-06-26
53103	吳十053103	user053103@example.test	0900053103	城市H	2024-06-27
53104	張三053104	user053104@example.test	0900053104	城市A	2024-06-28
53105	李四053105	user053105@example.test	0900053105	城市B	2024-06-29
53106	王五053106	user053106@example.test	0900053106	城市C	2024-06-30
53107	趙六053107	user053107@example.test	0900053107	城市D	2024-07-01
53108	錢七053108	user053108@example.test	0900053108	城市E	2024-07-02
53109	孫八053109	user053109@example.test	0900053109	城市F	2024-07-03
53110	周九053110	user053110@example.test	0900053110	城市G	2024-07-04
53201	李四053201	user053201@example.test	0900053201	城市B	2024-10-03
53202	王五053202	user053202@example.test	0900053202	城市C	2024-10-04
53203	趙六053203	user053203@example.test	0900053203	城市D	2024-10-05
53204	錢七053204	user053204@example.test	0900053204	城市E	2024-10-06
53205	孫八053205	user053205@example.test	0900053205	城市F	2024-10-07
53206	周九053206	user053206@example.test	0900053206	城市G	2024-10-08
53207	吳十053207	user053207@example.test	0900053207	城市H	2024-10-09
53208	張三053208	user053208@example.test	0900053208	城市A	2024-10-10
53209	李四053209	user053209@example.test	0900053209	城市B	2024-10-11
53210	王五053210	user053210@example.test	0900053210	城市C	2024-10-12
53301	孫八053301	user053301@example.test	0900053301	城市F	2025-01-11
53302	周九053302	user053302@example.test	0900053302	城市G	2025-01-12
53303	吳十053303	user053303@example.test	0900053303	城市H	2025-01-13
53304	張三053304	user053304@example.test	0900053304	城市A	2025-01-14
53305	李四053305	user053305@example.test	0900053305	城市B	2025-01-15
53306	王五053306	user053306@example.test	0900053306	城市C	2025-01-16
53307	趙六053307	user053307@example.test	0900053307	城市D	2025-01-17
53308	錢七053308	user053308@example.test	0900053308	城市E	2025-01-18
53309	孫八053309	user053309@example.test	0900053309	城市F	2025-01-19
53310	周九053310	user053310@example.test	0900053310	城市G	2025-01-20
53401	李四053401	user053401@example.test	0900053401	城市B	2025-04-21
53402	王五053402	user053402@example.test	0900053402	城市C	2025-04-22
53403	趙六053403	user053403@example.test	0900053403	城市D	2025-04-23
53404	錢七053404	user053404@example.test	0900053404	城市E	2025-04-24
53405	孫八053405	user053405@example.test	0900053405	城市F	2025-04-25
53406	周九053406	user053406@example.test	0900053406	城市G	2025-04-26
53407	吳十053407	user053407@example.test	0900053407	城市H	2025-04-27
53408	張三053408	user053408@example.test	0900053408	城市A	2025-04-28
53409	李四053409	user053409@example.test	0900053409	城市B	2025-04-29
53410	王五053410	user053410@example.test	0900053410	城市C	2025-04-30
53501	孫八053501	user053501@example.test	0900053501	城市F	2025-07-30
53502	周九053502	user053502@example.test	0900053502	城市G	2025-07-31
53503	吳十053503	user053503@example.test	0900053503	城市H	2025-08-01
53504	張三053504	user053504@example.test	0900053504	城市A	2025-08-02
53505	李四053505	user053505@example.test	0900053505	城市B	2025-08-03
53506	王五053506	user053506@example.test	0900053506	城市C	2025-08-04
53507	趙六053507	user053507@example.test	0900053507	城市D	2025-08-05
53508	錢七053508	user053508@example.test	0900053508	城市E	2025-08-06
53509	孫八053509	user053509@example.test	0900053509	城市F	2025-08-07
53510	周九053510	user053510@example.test	0900053510	城市G	2025-08-08
53601	李四053601	user053601@example.test	0900053601	城市B	2025-11-07
53602	王五053602	user053602@example.test	0900053602	城市C	2025-11-08
53603	趙六053603	user053603@example.test	0900053603	城市D	2025-11-09
53604	錢七053604	user053604@example.test	0900053604	城市E	2025-11-10
53605	孫八053605	user053605@example.test	0900053605	城市F	2025-11-11
53606	周九053606	user053606@example.test	0900053606	城市G	2025-11-12
53607	吳十053607	user053607@example.test	0900053607	城市H	2025-11-13
53608	張三053608	user053608@example.test	0900053608	城市A	2025-11-14
53609	李四053609	user053609@example.test	0900053609	城市B	2025-11-15
53610	王五053610	user053610@example.test	0900053610	城市C	2025-11-16
53701	孫八053701	user053701@example.test	0900053701	城市F	2023-02-16
53702	周九053702	user053702@example.test	0900053702	城市G	2023-02-17
53703	吳十053703	user053703@example.test	0900053703	城市H	2023-02-18
53704	張三053704	user053704@example.test	0900053704	城市A	2023-02-19
53705	李四053705	user053705@example.test	0900053705	城市B	2023-02-20
53706	王五053706	user053706@example.test	0900053706	城市C	2023-02-21
53707	趙六053707	user053707@example.test	0900053707	城市D	2023-02-22
53708	錢七053708	user053708@example.test	0900053708	城市E	2023-02-23
53709	孫八053709	user053709@example.test	0900053709	城市F	2023-02-24
53710	周九053710	user053710@example.test	0900053710	城市G	2023-02-25
53801	李四053801	user053801@example.test	0900053801	城市B	2023-05-27
53802	王五053802	user053802@example.test	0900053802	城市C	2023-05-28
53803	趙六053803	user053803@example.test	0900053803	城市D	2023-05-29
53804	錢七053804	user053804@example.test	0900053804	城市E	2023-05-30
53805	孫八053805	user053805@example.test	0900053805	城市F	2023-05-31
53806	周九053806	user053806@example.test	0900053806	城市G	2023-06-01
53807	吳十053807	user053807@example.test	0900053807	城市H	2023-06-02
53808	張三053808	user053808@example.test	0900053808	城市A	2023-06-03
53809	李四053809	user053809@example.test	0900053809	城市B	2023-06-04
53810	王五053810	user053810@example.test	0900053810	城市C	2023-06-05
53901	孫八053901	user053901@example.test	0900053901	城市F	2023-09-04
53902	周九053902	user053902@example.test	0900053902	城市G	2023-09-05
53903	吳十053903	user053903@example.test	0900053903	城市H	2023-09-06
53904	張三053904	user053904@example.test	0900053904	城市A	2023-09-07
53905	李四053905	user053905@example.test	0900053905	城市B	2023-09-08
53906	王五053906	user053906@example.test	0900053906	城市C	2023-09-09
53907	趙六053907	user053907@example.test	0900053907	城市D	2023-09-10
53908	錢七053908	user053908@example.test	0900053908	城市E	2023-09-11
53909	孫八053909	user053909@example.test	0900053909	城市F	2023-09-12
53910	周九053910	user053910@example.test	0900053910	城市G	2023-09-13
54001	李四054001	user054001@example.test	0900054001	城市B	2023-12-13
54002	王五054002	user054002@example.test	0900054002	城市C	2023-12-14
54003	趙六054003	user054003@example.test	0900054003	城市D	2023-12-15
54004	錢七054004	user054004@example.test	0900054004	城市E	2023-12-16
54005	孫八054005	user054005@example.test	0900054005	城市F	2023-12-17
54006	周九054006	user054006@example.test	0900054006	城市G	2023-12-18
54007	吳十054007	user054007@example.test	0900054007	城市H	2023-12-19
54008	張三054008	user054008@example.test	0900054008	城市A	2023-12-20
54009	李四054009	user054009@example.test	0900054009	城市B	2023-12-21
54010	王五054010	user054010@example.test	0900054010	城市C	2023-12-22
54101	孫八054101	user054101@example.test	0900054101	城市F	2024-03-22
54102	周九054102	user054102@example.test	0900054102	城市G	2024-03-23
54103	吳十054103	user054103@example.test	0900054103	城市H	2024-03-24
54104	張三054104	user054104@example.test	0900054104	城市A	2024-03-25
54105	李四054105	user054105@example.test	0900054105	城市B	2024-03-26
54106	王五054106	user054106@example.test	0900054106	城市C	2024-03-27
54107	趙六054107	user054107@example.test	0900054107	城市D	2024-03-28
54108	錢七054108	user054108@example.test	0900054108	城市E	2024-03-29
54109	孫八054109	user054109@example.test	0900054109	城市F	2024-03-30
54110	周九054110	user054110@example.test	0900054110	城市G	2024-03-31
54201	李四054201	user054201@example.test	0900054201	城市B	2024-06-30
54202	王五054202	user054202@example.test	0900054202	城市C	2024-07-01
54203	趙六054203	user054203@example.test	0900054203	城市D	2024-07-02
54204	錢七054204	user054204@example.test	0900054204	城市E	2024-07-03
54205	孫八054205	user054205@example.test	0900054205	城市F	2024-07-04
54206	周九054206	user054206@example.test	0900054206	城市G	2024-07-05
54207	吳十054207	user054207@example.test	0900054207	城市H	2024-07-06
54208	張三054208	user054208@example.test	0900054208	城市A	2024-07-07
54209	李四054209	user054209@example.test	0900054209	城市B	2024-07-08
54210	王五054210	user054210@example.test	0900054210	城市C	2024-07-09
54301	孫八054301	user054301@example.test	0900054301	城市F	2024-10-08
54302	周九054302	user054302@example.test	0900054302	城市G	2024-10-09
54303	吳十054303	user054303@example.test	0900054303	城市H	2024-10-10
54304	張三054304	user054304@example.test	0900054304	城市A	2024-10-11
54305	李四054305	user054305@example.test	0900054305	城市B	2024-10-12
54306	王五054306	user054306@example.test	0900054306	城市C	2024-10-13
54307	趙六054307	user054307@example.test	0900054307	城市D	2024-10-14
54308	錢七054308	user054308@example.test	0900054308	城市E	2024-10-15
54309	孫八054309	user054309@example.test	0900054309	城市F	2024-10-16
54310	周九054310	user054310@example.test	0900054310	城市G	2024-10-17
54401	李四054401	user054401@example.test	0900054401	城市B	2025-01-16
54402	王五054402	user054402@example.test	0900054402	城市C	2025-01-17
54403	趙六054403	user054403@example.test	0900054403	城市D	2025-01-18
54404	錢七054404	user054404@example.test	0900054404	城市E	2025-01-19
54405	孫八054405	user054405@example.test	0900054405	城市F	2025-01-20
54406	周九054406	user054406@example.test	0900054406	城市G	2025-01-21
54407	吳十054407	user054407@example.test	0900054407	城市H	2025-01-22
54408	張三054408	user054408@example.test	0900054408	城市A	2025-01-23
54409	李四054409	user054409@example.test	0900054409	城市B	2025-01-24
54410	王五054410	user054410@example.test	0900054410	城市C	2025-01-25
54501	孫八054501	user054501@example.test	0900054501	城市F	2025-04-26
54502	周九054502	user054502@example.test	0900054502	城市G	2025-04-27
54503	吳十054503	user054503@example.test	0900054503	城市H	2025-04-28
54504	張三054504	user054504@example.test	0900054504	城市A	2025-04-29
54505	李四054505	user054505@example.test	0900054505	城市B	2025-04-30
54506	王五054506	user054506@example.test	0900054506	城市C	2025-05-01
54507	趙六054507	user054507@example.test	0900054507	城市D	2025-05-02
54508	錢七054508	user054508@example.test	0900054508	城市E	2025-05-03
54509	孫八054509	user054509@example.test	0900054509	城市F	2025-05-04
54510	周九054510	user054510@example.test	0900054510	城市G	2025-05-05
54601	李四054601	user054601@example.test	0900054601	城市B	2025-08-04
54602	王五054602	user054602@example.test	0900054602	城市C	2025-08-05
54603	趙六054603	user054603@example.test	0900054603	城市D	2025-08-06
54604	錢七054604	user054604@example.test	0900054604	城市E	2025-08-07
54605	孫八054605	user054605@example.test	0900054605	城市F	2025-08-08
54606	周九054606	user054606@example.test	0900054606	城市G	2025-08-09
54607	吳十054607	user054607@example.test	0900054607	城市H	2025-08-10
54608	張三054608	user054608@example.test	0900054608	城市A	2025-08-11
54609	李四054609	user054609@example.test	0900054609	城市B	2025-08-12
54610	王五054610	user054610@example.test	0900054610	城市C	2025-08-13
54701	孫八054701	user054701@example.test	0900054701	城市F	2025-11-12
54702	周九054702	user054702@example.test	0900054702	城市G	2025-11-13
54703	吳十054703	user054703@example.test	0900054703	城市H	2025-11-14
54704	張三054704	user054704@example.test	0900054704	城市A	2025-11-15
54705	李四054705	user054705@example.test	0900054705	城市B	2025-11-16
54706	王五054706	user054706@example.test	0900054706	城市C	2025-11-17
54707	趙六054707	user054707@example.test	0900054707	城市D	2025-11-18
54708	錢七054708	user054708@example.test	0900054708	城市E	2025-11-19
54709	孫八054709	user054709@example.test	0900054709	城市F	2025-11-20
54710	周九054710	user054710@example.test	0900054710	城市G	2025-11-21
54801	李四054801	user054801@example.test	0900054801	城市B	2023-02-21
54802	王五054802	user054802@example.test	0900054802	城市C	2023-02-22
54803	趙六054803	user054803@example.test	0900054803	城市D	2023-02-23
54804	錢七054804	user054804@example.test	0900054804	城市E	2023-02-24
54805	孫八054805	user054805@example.test	0900054805	城市F	2023-02-25
54806	周九054806	user054806@example.test	0900054806	城市G	2023-02-26
54807	吳十054807	user054807@example.test	0900054807	城市H	2023-02-27
54808	張三054808	user054808@example.test	0900054808	城市A	2023-02-28
54809	李四054809	user054809@example.test	0900054809	城市B	2023-03-01
54810	王五054810	user054810@example.test	0900054810	城市C	2023-03-02
54901	孫八054901	user054901@example.test	0900054901	城市F	2023-06-01
54902	周九054902	user054902@example.test	0900054902	城市G	2023-06-02
54903	吳十054903	user054903@example.test	0900054903	城市H	2023-06-03
54904	張三054904	user054904@example.test	0900054904	城市A	2023-06-04
54905	李四054905	user054905@example.test	0900054905	城市B	2023-06-05
54906	王五054906	user054906@example.test	0900054906	城市C	2023-06-06
54907	趙六054907	user054907@example.test	0900054907	城市D	2023-06-07
54908	錢七054908	user054908@example.test	0900054908	城市E	2023-06-08
54909	孫八054909	user054909@example.test	0900054909	城市F	2023-06-09
54910	周九054910	user054910@example.test	0900054910	城市G	2023-06-10
55001	李四055001	user055001@example.test	0900055001	城市B	2023-09-09
55002	王五055002	user055002@example.test	0900055002	城市C	2023-09-10
55003	趙六055003	user055003@example.test	0900055003	城市D	2023-09-11
55004	錢七055004	user055004@example.test	0900055004	城市E	2023-09-12
55005	孫八055005	user055005@example.test	0900055005	城市F	2023-09-13
55006	周九055006	user055006@example.test	0900055006	城市G	2023-09-14
55007	吳十055007	user055007@example.test	0900055007	城市H	2023-09-15
55008	張三055008	user055008@example.test	0900055008	城市A	2023-09-16
55009	李四055009	user055009@example.test	0900055009	城市B	2023-09-17
55010	王五055010	user055010@example.test	0900055010	城市C	2023-09-18
55101	孫八055101	user055101@example.test	0900055101	城市F	2023-12-18
55102	周九055102	user055102@example.test	0900055102	城市G	2023-12-19
55103	吳十055103	user055103@example.test	0900055103	城市H	2023-12-20
55104	張三055104	user055104@example.test	0900055104	城市A	2023-12-21
55105	李四055105	user055105@example.test	0900055105	城市B	2023-12-22
55106	王五055106	user055106@example.test	0900055106	城市C	2023-12-23
55107	趙六055107	user055107@example.test	0900055107	城市D	2023-12-24
55108	錢七055108	user055108@example.test	0900055108	城市E	2023-12-25
55109	孫八055109	user055109@example.test	0900055109	城市F	2023-12-26
55110	周九055110	user055110@example.test	0900055110	城市G	2023-12-27
55201	李四055201	user055201@example.test	0900055201	城市B	2024-03-27
55202	王五055202	user055202@example.test	0900055202	城市C	2024-03-28
55203	趙六055203	user055203@example.test	0900055203	城市D	2024-03-29
55204	錢七055204	user055204@example.test	0900055204	城市E	2024-03-30
55205	孫八055205	user055205@example.test	0900055205	城市F	2024-03-31
55206	周九055206	user055206@example.test	0900055206	城市G	2024-04-01
55207	吳十055207	user055207@example.test	0900055207	城市H	2024-04-02
55208	張三055208	user055208@example.test	0900055208	城市A	2024-04-03
55209	李四055209	user055209@example.test	0900055209	城市B	2024-04-04
55210	王五055210	user055210@example.test	0900055210	城市C	2024-04-05
55301	孫八055301	user055301@example.test	0900055301	城市F	2024-07-05
55302	周九055302	user055302@example.test	0900055302	城市G	2024-07-06
55303	吳十055303	user055303@example.test	0900055303	城市H	2024-07-07
55304	張三055304	user055304@example.test	0900055304	城市A	2024-07-08
55305	李四055305	user055305@example.test	0900055305	城市B	2024-07-09
55306	王五055306	user055306@example.test	0900055306	城市C	2024-07-10
55307	趙六055307	user055307@example.test	0900055307	城市D	2024-07-11
55308	錢七055308	user055308@example.test	0900055308	城市E	2024-07-12
55309	孫八055309	user055309@example.test	0900055309	城市F	2024-07-13
55310	周九055310	user055310@example.test	0900055310	城市G	2024-07-14
55401	李四055401	user055401@example.test	0900055401	城市B	2024-10-13
55402	王五055402	user055402@example.test	0900055402	城市C	2024-10-14
55403	趙六055403	user055403@example.test	0900055403	城市D	2024-10-15
55404	錢七055404	user055404@example.test	0900055404	城市E	2024-10-16
55405	孫八055405	user055405@example.test	0900055405	城市F	2024-10-17
55406	周九055406	user055406@example.test	0900055406	城市G	2024-10-18
55407	吳十055407	user055407@example.test	0900055407	城市H	2024-10-19
55408	張三055408	user055408@example.test	0900055408	城市A	2024-10-20
55409	李四055409	user055409@example.test	0900055409	城市B	2024-10-21
55410	王五055410	user055410@example.test	0900055410	城市C	2024-10-22
55501	孫八055501	user055501@example.test	0900055501	城市F	2025-01-21
55502	周九055502	user055502@example.test	0900055502	城市G	2025-01-22
55503	吳十055503	user055503@example.test	0900055503	城市H	2025-01-23
55504	張三055504	user055504@example.test	0900055504	城市A	2025-01-24
55505	李四055505	user055505@example.test	0900055505	城市B	2025-01-25
55506	王五055506	user055506@example.test	0900055506	城市C	2025-01-26
55507	趙六055507	user055507@example.test	0900055507	城市D	2025-01-27
55508	錢七055508	user055508@example.test	0900055508	城市E	2025-01-28
55509	孫八055509	user055509@example.test	0900055509	城市F	2025-01-29
55510	周九055510	user055510@example.test	0900055510	城市G	2025-01-30
55601	李四055601	user055601@example.test	0900055601	城市B	2025-05-01
55602	王五055602	user055602@example.test	0900055602	城市C	2025-05-02
55603	趙六055603	user055603@example.test	0900055603	城市D	2025-05-03
55604	錢七055604	user055604@example.test	0900055604	城市E	2025-05-04
55605	孫八055605	user055605@example.test	0900055605	城市F	2025-05-05
55606	周九055606	user055606@example.test	0900055606	城市G	2025-05-06
55607	吳十055607	user055607@example.test	0900055607	城市H	2025-05-07
55608	張三055608	user055608@example.test	0900055608	城市A	2025-05-08
55609	李四055609	user055609@example.test	0900055609	城市B	2025-05-09
55610	王五055610	user055610@example.test	0900055610	城市C	2025-05-10
55701	孫八055701	user055701@example.test	0900055701	城市F	2025-08-09
55702	周九055702	user055702@example.test	0900055702	城市G	2025-08-10
55703	吳十055703	user055703@example.test	0900055703	城市H	2025-08-11
55704	張三055704	user055704@example.test	0900055704	城市A	2025-08-12
55705	李四055705	user055705@example.test	0900055705	城市B	2025-08-13
55706	王五055706	user055706@example.test	0900055706	城市C	2025-08-14
55707	趙六055707	user055707@example.test	0900055707	城市D	2025-08-15
55708	錢七055708	user055708@example.test	0900055708	城市E	2025-08-16
55709	孫八055709	user055709@example.test	0900055709	城市F	2025-08-17
55710	周九055710	user055710@example.test	0900055710	城市G	2025-08-18
55801	李四055801	user055801@example.test	0900055801	城市B	2025-11-17
55802	王五055802	user055802@example.test	0900055802	城市C	2025-11-18
55803	趙六055803	user055803@example.test	0900055803	城市D	2025-11-19
55804	錢七055804	user055804@example.test	0900055804	城市E	2025-11-20
55805	孫八055805	user055805@example.test	0900055805	城市F	2025-11-21
55806	周九055806	user055806@example.test	0900055806	城市G	2025-11-22
55807	吳十055807	user055807@example.test	0900055807	城市H	2025-11-23
55808	張三055808	user055808@example.test	0900055808	城市A	2025-11-24
55809	李四055809	user055809@example.test	0900055809	城市B	2025-11-25
55810	王五055810	user055810@example.test	0900055810	城市C	2025-11-26
55901	孫八055901	user055901@example.test	0900055901	城市F	2023-02-26
55902	周九055902	user055902@example.test	0900055902	城市G	2023-02-27
55903	吳十055903	user055903@example.test	0900055903	城市H	2023-02-28
55904	張三055904	user055904@example.test	0900055904	城市A	2023-03-01
55905	李四055905	user055905@example.test	0900055905	城市B	2023-03-02
55906	王五055906	user055906@example.test	0900055906	城市C	2023-03-03
55907	趙六055907	user055907@example.test	0900055907	城市D	2023-03-04
55908	錢七055908	user055908@example.test	0900055908	城市E	2023-03-05
55909	孫八055909	user055909@example.test	0900055909	城市F	2023-03-06
55910	周九055910	user055910@example.test	0900055910	城市G	2023-03-07
56001	李四056001	user056001@example.test	0900056001	城市B	2023-06-06
56002	王五056002	user056002@example.test	0900056002	城市C	2023-06-07
56003	趙六056003	user056003@example.test	0900056003	城市D	2023-06-08
56004	錢七056004	user056004@example.test	0900056004	城市E	2023-06-09
56005	孫八056005	user056005@example.test	0900056005	城市F	2023-06-10
56006	周九056006	user056006@example.test	0900056006	城市G	2023-06-11
56007	吳十056007	user056007@example.test	0900056007	城市H	2023-06-12
56008	張三056008	user056008@example.test	0900056008	城市A	2023-06-13
56009	李四056009	user056009@example.test	0900056009	城市B	2023-06-14
56010	王五056010	user056010@example.test	0900056010	城市C	2023-06-15
56101	孫八056101	user056101@example.test	0900056101	城市F	2023-09-14
56102	周九056102	user056102@example.test	0900056102	城市G	2023-09-15
56103	吳十056103	user056103@example.test	0900056103	城市H	2023-09-16
56104	張三056104	user056104@example.test	0900056104	城市A	2023-09-17
56105	李四056105	user056105@example.test	0900056105	城市B	2023-09-18
56106	王五056106	user056106@example.test	0900056106	城市C	2023-09-19
56107	趙六056107	user056107@example.test	0900056107	城市D	2023-09-20
56108	錢七056108	user056108@example.test	0900056108	城市E	2023-09-21
56109	孫八056109	user056109@example.test	0900056109	城市F	2023-09-22
56110	周九056110	user056110@example.test	0900056110	城市G	2023-09-23
56201	李四056201	user056201@example.test	0900056201	城市B	2023-12-23
56202	王五056202	user056202@example.test	0900056202	城市C	2023-12-24
56203	趙六056203	user056203@example.test	0900056203	城市D	2023-12-25
56204	錢七056204	user056204@example.test	0900056204	城市E	2023-12-26
56205	孫八056205	user056205@example.test	0900056205	城市F	2023-12-27
56206	周九056206	user056206@example.test	0900056206	城市G	2023-12-28
56207	吳十056207	user056207@example.test	0900056207	城市H	2023-12-29
56208	張三056208	user056208@example.test	0900056208	城市A	2023-12-30
56209	李四056209	user056209@example.test	0900056209	城市B	2023-12-31
56210	王五056210	user056210@example.test	0900056210	城市C	2024-01-01
56301	孫八056301	user056301@example.test	0900056301	城市F	2024-04-01
56302	周九056302	user056302@example.test	0900056302	城市G	2024-04-02
56303	吳十056303	user056303@example.test	0900056303	城市H	2024-04-03
56304	張三056304	user056304@example.test	0900056304	城市A	2024-04-04
56305	李四056305	user056305@example.test	0900056305	城市B	2024-04-05
56306	王五056306	user056306@example.test	0900056306	城市C	2024-04-06
56307	趙六056307	user056307@example.test	0900056307	城市D	2024-04-07
56308	錢七056308	user056308@example.test	0900056308	城市E	2024-04-08
56309	孫八056309	user056309@example.test	0900056309	城市F	2024-04-09
56310	周九056310	user056310@example.test	0900056310	城市G	2024-04-10
56401	李四056401	user056401@example.test	0900056401	城市B	2024-07-10
56402	王五056402	user056402@example.test	0900056402	城市C	2024-07-11
56403	趙六056403	user056403@example.test	0900056403	城市D	2024-07-12
56404	錢七056404	user056404@example.test	0900056404	城市E	2024-07-13
56405	孫八056405	user056405@example.test	0900056405	城市F	2024-07-14
56406	周九056406	user056406@example.test	0900056406	城市G	2024-07-15
56407	吳十056407	user056407@example.test	0900056407	城市H	2024-07-16
56408	張三056408	user056408@example.test	0900056408	城市A	2024-07-17
56409	李四056409	user056409@example.test	0900056409	城市B	2024-07-18
56410	王五056410	user056410@example.test	0900056410	城市C	2024-07-19
56501	孫八056501	user056501@example.test	0900056501	城市F	2024-10-18
56502	周九056502	user056502@example.test	0900056502	城市G	2024-10-19
56503	吳十056503	user056503@example.test	0900056503	城市H	2024-10-20
56504	張三056504	user056504@example.test	0900056504	城市A	2024-10-21
56505	李四056505	user056505@example.test	0900056505	城市B	2024-10-22
56506	王五056506	user056506@example.test	0900056506	城市C	2024-10-23
56507	趙六056507	user056507@example.test	0900056507	城市D	2024-10-24
56508	錢七056508	user056508@example.test	0900056508	城市E	2024-10-25
56509	孫八056509	user056509@example.test	0900056509	城市F	2024-10-26
56510	周九056510	user056510@example.test	0900056510	城市G	2024-10-27
56601	李四056601	user056601@example.test	0900056601	城市B	2025-01-26
56602	王五056602	user056602@example.test	0900056602	城市C	2025-01-27
56603	趙六056603	user056603@example.test	0900056603	城市D	2025-01-28
56604	錢七056604	user056604@example.test	0900056604	城市E	2025-01-29
56605	孫八056605	user056605@example.test	0900056605	城市F	2025-01-30
56606	周九056606	user056606@example.test	0900056606	城市G	2025-01-31
56607	吳十056607	user056607@example.test	0900056607	城市H	2025-02-01
56608	張三056608	user056608@example.test	0900056608	城市A	2025-02-02
56609	李四056609	user056609@example.test	0900056609	城市B	2025-02-03
56610	王五056610	user056610@example.test	0900056610	城市C	2025-02-04
56701	孫八056701	user056701@example.test	0900056701	城市F	2025-05-06
56702	周九056702	user056702@example.test	0900056702	城市G	2025-05-07
56703	吳十056703	user056703@example.test	0900056703	城市H	2025-05-08
56704	張三056704	user056704@example.test	0900056704	城市A	2025-05-09
56705	李四056705	user056705@example.test	0900056705	城市B	2025-05-10
56706	王五056706	user056706@example.test	0900056706	城市C	2025-05-11
56707	趙六056707	user056707@example.test	0900056707	城市D	2025-05-12
56708	錢七056708	user056708@example.test	0900056708	城市E	2025-05-13
56709	孫八056709	user056709@example.test	0900056709	城市F	2025-05-14
56710	周九056710	user056710@example.test	0900056710	城市G	2025-05-15
56801	李四056801	user056801@example.test	0900056801	城市B	2025-08-14
56802	王五056802	user056802@example.test	0900056802	城市C	2025-08-15
56803	趙六056803	user056803@example.test	0900056803	城市D	2025-08-16
56804	錢七056804	user056804@example.test	0900056804	城市E	2025-08-17
56805	孫八056805	user056805@example.test	0900056805	城市F	2025-08-18
56806	周九056806	user056806@example.test	0900056806	城市G	2025-08-19
56807	吳十056807	user056807@example.test	0900056807	城市H	2025-08-20
56808	張三056808	user056808@example.test	0900056808	城市A	2025-08-21
56809	李四056809	user056809@example.test	0900056809	城市B	2025-08-22
56810	王五056810	user056810@example.test	0900056810	城市C	2025-08-23
56901	孫八056901	user056901@example.test	0900056901	城市F	2025-11-22
56902	周九056902	user056902@example.test	0900056902	城市G	2025-11-23
56903	吳十056903	user056903@example.test	0900056903	城市H	2025-11-24
56904	張三056904	user056904@example.test	0900056904	城市A	2025-11-25
56905	李四056905	user056905@example.test	0900056905	城市B	2025-11-26
56906	王五056906	user056906@example.test	0900056906	城市C	2025-11-27
56907	趙六056907	user056907@example.test	0900056907	城市D	2025-11-28
56908	錢七056908	user056908@example.test	0900056908	城市E	2025-11-29
56909	孫八056909	user056909@example.test	0900056909	城市F	2025-11-30
56910	周九056910	user056910@example.test	0900056910	城市G	2025-12-01
57001	李四057001	user057001@example.test	0900057001	城市B	2023-03-03
57002	王五057002	user057002@example.test	0900057002	城市C	2023-03-04
57003	趙六057003	user057003@example.test	0900057003	城市D	2023-03-05
57004	錢七057004	user057004@example.test	0900057004	城市E	2023-03-06
57005	孫八057005	user057005@example.test	0900057005	城市F	2023-03-07
57006	周九057006	user057006@example.test	0900057006	城市G	2023-03-08
57007	吳十057007	user057007@example.test	0900057007	城市H	2023-03-09
57008	張三057008	user057008@example.test	0900057008	城市A	2023-03-10
57009	李四057009	user057009@example.test	0900057009	城市B	2023-03-11
57010	王五057010	user057010@example.test	0900057010	城市C	2023-03-12
57101	孫八057101	user057101@example.test	0900057101	城市F	2023-06-11
57102	周九057102	user057102@example.test	0900057102	城市G	2023-06-12
57103	吳十057103	user057103@example.test	0900057103	城市H	2023-06-13
57104	張三057104	user057104@example.test	0900057104	城市A	2023-06-14
57105	李四057105	user057105@example.test	0900057105	城市B	2023-06-15
57106	王五057106	user057106@example.test	0900057106	城市C	2023-06-16
57107	趙六057107	user057107@example.test	0900057107	城市D	2023-06-17
57108	錢七057108	user057108@example.test	0900057108	城市E	2023-06-18
57109	孫八057109	user057109@example.test	0900057109	城市F	2023-06-19
57110	周九057110	user057110@example.test	0900057110	城市G	2023-06-20
57201	李四057201	user057201@example.test	0900057201	城市B	2023-09-19
57202	王五057202	user057202@example.test	0900057202	城市C	2023-09-20
57203	趙六057203	user057203@example.test	0900057203	城市D	2023-09-21
57204	錢七057204	user057204@example.test	0900057204	城市E	2023-09-22
57205	孫八057205	user057205@example.test	0900057205	城市F	2023-09-23
57206	周九057206	user057206@example.test	0900057206	城市G	2023-09-24
57207	吳十057207	user057207@example.test	0900057207	城市H	2023-09-25
57208	張三057208	user057208@example.test	0900057208	城市A	2023-09-26
57209	李四057209	user057209@example.test	0900057209	城市B	2023-09-27
57210	王五057210	user057210@example.test	0900057210	城市C	2023-09-28
57301	孫八057301	user057301@example.test	0900057301	城市F	2023-12-28
57302	周九057302	user057302@example.test	0900057302	城市G	2023-12-29
57303	吳十057303	user057303@example.test	0900057303	城市H	2023-12-30
57304	張三057304	user057304@example.test	0900057304	城市A	2023-12-31
57305	李四057305	user057305@example.test	0900057305	城市B	2024-01-01
57306	王五057306	user057306@example.test	0900057306	城市C	2024-01-02
57307	趙六057307	user057307@example.test	0900057307	城市D	2024-01-03
57308	錢七057308	user057308@example.test	0900057308	城市E	2024-01-04
57309	孫八057309	user057309@example.test	0900057309	城市F	2024-01-05
57310	周九057310	user057310@example.test	0900057310	城市G	2024-01-06
57401	李四057401	user057401@example.test	0900057401	城市B	2024-04-06
57402	王五057402	user057402@example.test	0900057402	城市C	2024-04-07
57403	趙六057403	user057403@example.test	0900057403	城市D	2024-04-08
57404	錢七057404	user057404@example.test	0900057404	城市E	2024-04-09
57405	孫八057405	user057405@example.test	0900057405	城市F	2024-04-10
57406	周九057406	user057406@example.test	0900057406	城市G	2024-04-11
57407	吳十057407	user057407@example.test	0900057407	城市H	2024-04-12
57408	張三057408	user057408@example.test	0900057408	城市A	2024-04-13
57409	李四057409	user057409@example.test	0900057409	城市B	2024-04-14
57410	王五057410	user057410@example.test	0900057410	城市C	2024-04-15
57501	孫八057501	user057501@example.test	0900057501	城市F	2024-07-15
57502	周九057502	user057502@example.test	0900057502	城市G	2024-07-16
57503	吳十057503	user057503@example.test	0900057503	城市H	2024-07-17
57504	張三057504	user057504@example.test	0900057504	城市A	2024-07-18
57505	李四057505	user057505@example.test	0900057505	城市B	2024-07-19
57506	王五057506	user057506@example.test	0900057506	城市C	2024-07-20
57507	趙六057507	user057507@example.test	0900057507	城市D	2024-07-21
57508	錢七057508	user057508@example.test	0900057508	城市E	2024-07-22
57509	孫八057509	user057509@example.test	0900057509	城市F	2024-07-23
57510	周九057510	user057510@example.test	0900057510	城市G	2024-07-24
57601	李四057601	user057601@example.test	0900057601	城市B	2024-10-23
57602	王五057602	user057602@example.test	0900057602	城市C	2024-10-24
57603	趙六057603	user057603@example.test	0900057603	城市D	2024-10-25
57604	錢七057604	user057604@example.test	0900057604	城市E	2024-10-26
57605	孫八057605	user057605@example.test	0900057605	城市F	2024-10-27
57606	周九057606	user057606@example.test	0900057606	城市G	2024-10-28
57607	吳十057607	user057607@example.test	0900057607	城市H	2024-10-29
57608	張三057608	user057608@example.test	0900057608	城市A	2024-10-30
57609	李四057609	user057609@example.test	0900057609	城市B	2024-10-31
57610	王五057610	user057610@example.test	0900057610	城市C	2024-11-01
57701	孫八057701	user057701@example.test	0900057701	城市F	2025-01-31
57702	周九057702	user057702@example.test	0900057702	城市G	2025-02-01
57703	吳十057703	user057703@example.test	0900057703	城市H	2025-02-02
57704	張三057704	user057704@example.test	0900057704	城市A	2025-02-03
57705	李四057705	user057705@example.test	0900057705	城市B	2025-02-04
57706	王五057706	user057706@example.test	0900057706	城市C	2025-02-05
57707	趙六057707	user057707@example.test	0900057707	城市D	2025-02-06
57708	錢七057708	user057708@example.test	0900057708	城市E	2025-02-07
57709	孫八057709	user057709@example.test	0900057709	城市F	2025-02-08
57710	周九057710	user057710@example.test	0900057710	城市G	2025-02-09
57801	李四057801	user057801@example.test	0900057801	城市B	2025-05-11
57802	王五057802	user057802@example.test	0900057802	城市C	2025-05-12
57803	趙六057803	user057803@example.test	0900057803	城市D	2025-05-13
57804	錢七057804	user057804@example.test	0900057804	城市E	2025-05-14
57805	孫八057805	user057805@example.test	0900057805	城市F	2025-05-15
57806	周九057806	user057806@example.test	0900057806	城市G	2025-05-16
57807	吳十057807	user057807@example.test	0900057807	城市H	2025-05-17
57808	張三057808	user057808@example.test	0900057808	城市A	2025-05-18
57809	李四057809	user057809@example.test	0900057809	城市B	2025-05-19
57810	王五057810	user057810@example.test	0900057810	城市C	2025-05-20
57901	孫八057901	user057901@example.test	0900057901	城市F	2025-08-19
57902	周九057902	user057902@example.test	0900057902	城市G	2025-08-20
57903	吳十057903	user057903@example.test	0900057903	城市H	2025-08-21
57904	張三057904	user057904@example.test	0900057904	城市A	2025-08-22
57905	李四057905	user057905@example.test	0900057905	城市B	2025-08-23
57906	王五057906	user057906@example.test	0900057906	城市C	2025-08-24
57907	趙六057907	user057907@example.test	0900057907	城市D	2025-08-25
57908	錢七057908	user057908@example.test	0900057908	城市E	2025-08-26
57909	孫八057909	user057909@example.test	0900057909	城市F	2025-08-27
57910	周九057910	user057910@example.test	0900057910	城市G	2025-08-28
58001	李四058001	user058001@example.test	0900058001	城市B	2025-11-27
58002	王五058002	user058002@example.test	0900058002	城市C	2025-11-28
58003	趙六058003	user058003@example.test	0900058003	城市D	2025-11-29
58004	錢七058004	user058004@example.test	0900058004	城市E	2025-11-30
58005	孫八058005	user058005@example.test	0900058005	城市F	2025-12-01
58006	周九058006	user058006@example.test	0900058006	城市G	2025-12-02
58007	吳十058007	user058007@example.test	0900058007	城市H	2025-12-03
58008	張三058008	user058008@example.test	0900058008	城市A	2025-12-04
58009	李四058009	user058009@example.test	0900058009	城市B	2025-12-05
58010	王五058010	user058010@example.test	0900058010	城市C	2025-12-06
58101	孫八058101	user058101@example.test	0900058101	城市F	2023-03-08
58102	周九058102	user058102@example.test	0900058102	城市G	2023-03-09
58103	吳十058103	user058103@example.test	0900058103	城市H	2023-03-10
58104	張三058104	user058104@example.test	0900058104	城市A	2023-03-11
58105	李四058105	user058105@example.test	0900058105	城市B	2023-03-12
58106	王五058106	user058106@example.test	0900058106	城市C	2023-03-13
58107	趙六058107	user058107@example.test	0900058107	城市D	2023-03-14
58108	錢七058108	user058108@example.test	0900058108	城市E	2023-03-15
58109	孫八058109	user058109@example.test	0900058109	城市F	2023-03-16
58110	周九058110	user058110@example.test	0900058110	城市G	2023-03-17
58201	李四058201	user058201@example.test	0900058201	城市B	2023-06-16
58202	王五058202	user058202@example.test	0900058202	城市C	2023-06-17
58203	趙六058203	user058203@example.test	0900058203	城市D	2023-06-18
58204	錢七058204	user058204@example.test	0900058204	城市E	2023-06-19
58205	孫八058205	user058205@example.test	0900058205	城市F	2023-06-20
58206	周九058206	user058206@example.test	0900058206	城市G	2023-06-21
58207	吳十058207	user058207@example.test	0900058207	城市H	2023-06-22
58208	張三058208	user058208@example.test	0900058208	城市A	2023-06-23
58209	李四058209	user058209@example.test	0900058209	城市B	2023-06-24
58210	王五058210	user058210@example.test	0900058210	城市C	2023-06-25
58301	孫八058301	user058301@example.test	0900058301	城市F	2023-09-24
58302	周九058302	user058302@example.test	0900058302	城市G	2023-09-25
58303	吳十058303	user058303@example.test	0900058303	城市H	2023-09-26
58304	張三058304	user058304@example.test	0900058304	城市A	2023-09-27
58305	李四058305	user058305@example.test	0900058305	城市B	2023-09-28
58306	王五058306	user058306@example.test	0900058306	城市C	2023-09-29
58307	趙六058307	user058307@example.test	0900058307	城市D	2023-09-30
58308	錢七058308	user058308@example.test	0900058308	城市E	2023-10-01
58309	孫八058309	user058309@example.test	0900058309	城市F	2023-10-02
58310	周九058310	user058310@example.test	0900058310	城市G	2023-10-03
58401	李四058401	user058401@example.test	0900058401	城市B	2024-01-02
58402	王五058402	user058402@example.test	0900058402	城市C	2024-01-03
58403	趙六058403	user058403@example.test	0900058403	城市D	2024-01-04
58404	錢七058404	user058404@example.test	0900058404	城市E	2024-01-05
58405	孫八058405	user058405@example.test	0900058405	城市F	2024-01-06
58406	周九058406	user058406@example.test	0900058406	城市G	2024-01-07
58407	吳十058407	user058407@example.test	0900058407	城市H	2024-01-08
58408	張三058408	user058408@example.test	0900058408	城市A	2024-01-09
58409	李四058409	user058409@example.test	0900058409	城市B	2024-01-10
58410	王五058410	user058410@example.test	0900058410	城市C	2024-01-11
58501	孫八058501	user058501@example.test	0900058501	城市F	2024-04-11
58502	周九058502	user058502@example.test	0900058502	城市G	2024-04-12
58503	吳十058503	user058503@example.test	0900058503	城市H	2024-04-13
58504	張三058504	user058504@example.test	0900058504	城市A	2024-04-14
58505	李四058505	user058505@example.test	0900058505	城市B	2024-04-15
58506	王五058506	user058506@example.test	0900058506	城市C	2024-04-16
58507	趙六058507	user058507@example.test	0900058507	城市D	2024-04-17
58508	錢七058508	user058508@example.test	0900058508	城市E	2024-04-18
58509	孫八058509	user058509@example.test	0900058509	城市F	2024-04-19
58510	周九058510	user058510@example.test	0900058510	城市G	2024-04-20
58601	李四058601	user058601@example.test	0900058601	城市B	2024-07-20
58602	王五058602	user058602@example.test	0900058602	城市C	2024-07-21
58603	趙六058603	user058603@example.test	0900058603	城市D	2024-07-22
58604	錢七058604	user058604@example.test	0900058604	城市E	2024-07-23
58605	孫八058605	user058605@example.test	0900058605	城市F	2024-07-24
58606	周九058606	user058606@example.test	0900058606	城市G	2024-07-25
58607	吳十058607	user058607@example.test	0900058607	城市H	2024-07-26
58608	張三058608	user058608@example.test	0900058608	城市A	2024-07-27
58609	李四058609	user058609@example.test	0900058609	城市B	2024-07-28
58610	王五058610	user058610@example.test	0900058610	城市C	2024-07-29
58701	孫八058701	user058701@example.test	0900058701	城市F	2024-10-28
58702	周九058702	user058702@example.test	0900058702	城市G	2024-10-29
58703	吳十058703	user058703@example.test	0900058703	城市H	2024-10-30
58704	張三058704	user058704@example.test	0900058704	城市A	2024-10-31
58705	李四058705	user058705@example.test	0900058705	城市B	2024-11-01
58706	王五058706	user058706@example.test	0900058706	城市C	2024-11-02
58707	趙六058707	user058707@example.test	0900058707	城市D	2024-11-03
58708	錢七058708	user058708@example.test	0900058708	城市E	2024-11-04
58709	孫八058709	user058709@example.test	0900058709	城市F	2024-11-05
58710	周九058710	user058710@example.test	0900058710	城市G	2024-11-06
58801	李四058801	user058801@example.test	0900058801	城市B	2025-02-05
58802	王五058802	user058802@example.test	0900058802	城市C	2025-02-06
58803	趙六058803	user058803@example.test	0900058803	城市D	2025-02-07
58804	錢七058804	user058804@example.test	0900058804	城市E	2025-02-08
58805	孫八058805	user058805@example.test	0900058805	城市F	2025-02-09
58806	周九058806	user058806@example.test	0900058806	城市G	2025-02-10
58807	吳十058807	user058807@example.test	0900058807	城市H	2025-02-11
58808	張三058808	user058808@example.test	0900058808	城市A	2025-02-12
58809	李四058809	user058809@example.test	0900058809	城市B	2025-02-13
58810	王五058810	user058810@example.test	0900058810	城市C	2025-02-14
58901	孫八058901	user058901@example.test	0900058901	城市F	2025-05-16
58902	周九058902	user058902@example.test	0900058902	城市G	2025-05-17
58903	吳十058903	user058903@example.test	0900058903	城市H	2025-05-18
58904	張三058904	user058904@example.test	0900058904	城市A	2025-05-19
58905	李四058905	user058905@example.test	0900058905	城市B	2025-05-20
58906	王五058906	user058906@example.test	0900058906	城市C	2025-05-21
58907	趙六058907	user058907@example.test	0900058907	城市D	2025-05-22
58908	錢七058908	user058908@example.test	0900058908	城市E	2025-05-23
58909	孫八058909	user058909@example.test	0900058909	城市F	2025-05-24
58910	周九058910	user058910@example.test	0900058910	城市G	2025-05-25
59001	李四059001	user059001@example.test	0900059001	城市B	2025-08-24
59002	王五059002	user059002@example.test	0900059002	城市C	2025-08-25
59003	趙六059003	user059003@example.test	0900059003	城市D	2025-08-26
59004	錢七059004	user059004@example.test	0900059004	城市E	2025-08-27
59005	孫八059005	user059005@example.test	0900059005	城市F	2025-08-28
59006	周九059006	user059006@example.test	0900059006	城市G	2025-08-29
59007	吳十059007	user059007@example.test	0900059007	城市H	2025-08-30
59008	張三059008	user059008@example.test	0900059008	城市A	2025-08-31
59009	李四059009	user059009@example.test	0900059009	城市B	2025-09-01
59010	王五059010	user059010@example.test	0900059010	城市C	2025-09-02
59101	孫八059101	user059101@example.test	0900059101	城市F	2025-12-02
59102	周九059102	user059102@example.test	0900059102	城市G	2025-12-03
59103	吳十059103	user059103@example.test	0900059103	城市H	2025-12-04
59104	張三059104	user059104@example.test	0900059104	城市A	2025-12-05
59105	李四059105	user059105@example.test	0900059105	城市B	2025-12-06
59106	王五059106	user059106@example.test	0900059106	城市C	2025-12-07
59107	趙六059107	user059107@example.test	0900059107	城市D	2025-12-08
59108	錢七059108	user059108@example.test	0900059108	城市E	2025-12-09
59109	孫八059109	user059109@example.test	0900059109	城市F	2025-12-10
59110	周九059110	user059110@example.test	0900059110	城市G	2025-12-11
59201	李四059201	user059201@example.test	0900059201	城市B	2023-03-13
59202	王五059202	user059202@example.test	0900059202	城市C	2023-03-14
59203	趙六059203	user059203@example.test	0900059203	城市D	2023-03-15
59204	錢七059204	user059204@example.test	0900059204	城市E	2023-03-16
59205	孫八059205	user059205@example.test	0900059205	城市F	2023-03-17
59206	周九059206	user059206@example.test	0900059206	城市G	2023-03-18
59207	吳十059207	user059207@example.test	0900059207	城市H	2023-03-19
59208	張三059208	user059208@example.test	0900059208	城市A	2023-03-20
59209	李四059209	user059209@example.test	0900059209	城市B	2023-03-21
59210	王五059210	user059210@example.test	0900059210	城市C	2023-03-22
59301	孫八059301	user059301@example.test	0900059301	城市F	2023-06-21
59302	周九059302	user059302@example.test	0900059302	城市G	2023-06-22
59303	吳十059303	user059303@example.test	0900059303	城市H	2023-06-23
59304	張三059304	user059304@example.test	0900059304	城市A	2023-06-24
59305	李四059305	user059305@example.test	0900059305	城市B	2023-06-25
59306	王五059306	user059306@example.test	0900059306	城市C	2023-06-26
59307	趙六059307	user059307@example.test	0900059307	城市D	2023-06-27
59308	錢七059308	user059308@example.test	0900059308	城市E	2023-06-28
59309	孫八059309	user059309@example.test	0900059309	城市F	2023-06-29
59310	周九059310	user059310@example.test	0900059310	城市G	2023-06-30
59401	李四059401	user059401@example.test	0900059401	城市B	2023-09-29
59402	王五059402	user059402@example.test	0900059402	城市C	2023-09-30
59403	趙六059403	user059403@example.test	0900059403	城市D	2023-10-01
59404	錢七059404	user059404@example.test	0900059404	城市E	2023-10-02
59405	孫八059405	user059405@example.test	0900059405	城市F	2023-10-03
59406	周九059406	user059406@example.test	0900059406	城市G	2023-10-04
59407	吳十059407	user059407@example.test	0900059407	城市H	2023-10-05
59408	張三059408	user059408@example.test	0900059408	城市A	2023-10-06
59409	李四059409	user059409@example.test	0900059409	城市B	2023-10-07
59410	王五059410	user059410@example.test	0900059410	城市C	2023-10-08
59501	孫八059501	user059501@example.test	0900059501	城市F	2024-01-07
59502	周九059502	user059502@example.test	0900059502	城市G	2024-01-08
59503	吳十059503	user059503@example.test	0900059503	城市H	2024-01-09
59504	張三059504	user059504@example.test	0900059504	城市A	2024-01-10
59505	李四059505	user059505@example.test	0900059505	城市B	2024-01-11
59506	王五059506	user059506@example.test	0900059506	城市C	2024-01-12
59507	趙六059507	user059507@example.test	0900059507	城市D	2024-01-13
59508	錢七059508	user059508@example.test	0900059508	城市E	2024-01-14
59509	孫八059509	user059509@example.test	0900059509	城市F	2024-01-15
59510	周九059510	user059510@example.test	0900059510	城市G	2024-01-16
59601	李四059601	user059601@example.test	0900059601	城市B	2024-04-16
59602	王五059602	user059602@example.test	0900059602	城市C	2024-04-17
59603	趙六059603	user059603@example.test	0900059603	城市D	2024-04-18
59604	錢七059604	user059604@example.test	0900059604	城市E	2024-04-19
59605	孫八059605	user059605@example.test	0900059605	城市F	2024-04-20
59606	周九059606	user059606@example.test	0900059606	城市G	2024-04-21
59607	吳十059607	user059607@example.test	0900059607	城市H	2024-04-22
59608	張三059608	user059608@example.test	0900059608	城市A	2024-04-23
59609	李四059609	user059609@example.test	0900059609	城市B	2024-04-24
59610	王五059610	user059610@example.test	0900059610	城市C	2024-04-25
59701	孫八059701	user059701@example.test	0900059701	城市F	2024-07-25
59702	周九059702	user059702@example.test	0900059702	城市G	2024-07-26
59703	吳十059703	user059703@example.test	0900059703	城市H	2024-07-27
59704	張三059704	user059704@example.test	0900059704	城市A	2024-07-28
59705	李四059705	user059705@example.test	0900059705	城市B	2024-07-29
59706	王五059706	user059706@example.test	0900059706	城市C	2024-07-30
59707	趙六059707	user059707@example.test	0900059707	城市D	2024-07-31
59708	錢七059708	user059708@example.test	0900059708	城市E	2024-08-01
59709	孫八059709	user059709@example.test	0900059709	城市F	2024-08-02
59710	周九059710	user059710@example.test	0900059710	城市G	2024-08-03
59801	李四059801	user059801@example.test	0900059801	城市B	2024-11-02
59802	王五059802	user059802@example.test	0900059802	城市C	2024-11-03
59803	趙六059803	user059803@example.test	0900059803	城市D	2024-11-04
59804	錢七059804	user059804@example.test	0900059804	城市E	2024-11-05
59805	孫八059805	user059805@example.test	0900059805	城市F	2024-11-06
59806	周九059806	user059806@example.test	0900059806	城市G	2024-11-07
59807	吳十059807	user059807@example.test	0900059807	城市H	2024-11-08
59808	張三059808	user059808@example.test	0900059808	城市A	2024-11-09
59809	李四059809	user059809@example.test	0900059809	城市B	2024-11-10
59810	王五059810	user059810@example.test	0900059810	城市C	2024-11-11
59901	孫八059901	user059901@example.test	0900059901	城市F	2025-02-10
59902	周九059902	user059902@example.test	0900059902	城市G	2025-02-11
59903	吳十059903	user059903@example.test	0900059903	城市H	2025-02-12
59904	張三059904	user059904@example.test	0900059904	城市A	2025-02-13
59905	李四059905	user059905@example.test	0900059905	城市B	2025-02-14
59906	王五059906	user059906@example.test	0900059906	城市C	2025-02-15
59907	趙六059907	user059907@example.test	0900059907	城市D	2025-02-16
59908	錢七059908	user059908@example.test	0900059908	城市E	2025-02-17
59909	孫八059909	user059909@example.test	0900059909	城市F	2025-02-18
59910	周九059910	user059910@example.test	0900059910	城市G	2025-02-19
60001	李四060001	user060001@example.test	0900060001	城市B	2025-05-21
60002	王五060002	user060002@example.test	0900060002	城市C	2025-05-22
60003	趙六060003	user060003@example.test	0900060003	城市D	2025-05-23
60004	錢七060004	user060004@example.test	0900060004	城市E	2025-05-24
60005	孫八060005	user060005@example.test	0900060005	城市F	2025-05-25
60006	周九060006	user060006@example.test	0900060006	城市G	2025-05-26
60007	吳十060007	user060007@example.test	0900060007	城市H	2025-05-27
60008	張三060008	user060008@example.test	0900060008	城市A	2025-05-28
60009	李四060009	user060009@example.test	0900060009	城市B	2025-05-29
60010	王五060010	user060010@example.test	0900060010	城市C	2025-05-30
60101	孫八060101	user060101@example.test	0900060101	城市F	2025-08-29
60102	周九060102	user060102@example.test	0900060102	城市G	2025-08-30
60103	吳十060103	user060103@example.test	0900060103	城市H	2025-08-31
60104	張三060104	user060104@example.test	0900060104	城市A	2025-09-01
60105	李四060105	user060105@example.test	0900060105	城市B	2025-09-02
60106	王五060106	user060106@example.test	0900060106	城市C	2025-09-03
60107	趙六060107	user060107@example.test	0900060107	城市D	2025-09-04
60108	錢七060108	user060108@example.test	0900060108	城市E	2025-09-05
60109	孫八060109	user060109@example.test	0900060109	城市F	2025-09-06
60110	周九060110	user060110@example.test	0900060110	城市G	2025-09-07
60201	李四060201	user060201@example.test	0900060201	城市B	2025-12-07
60202	王五060202	user060202@example.test	0900060202	城市C	2025-12-08
60203	趙六060203	user060203@example.test	0900060203	城市D	2025-12-09
60204	錢七060204	user060204@example.test	0900060204	城市E	2025-12-10
60205	孫八060205	user060205@example.test	0900060205	城市F	2025-12-11
60206	周九060206	user060206@example.test	0900060206	城市G	2025-12-12
60207	吳十060207	user060207@example.test	0900060207	城市H	2025-12-13
60208	張三060208	user060208@example.test	0900060208	城市A	2025-12-14
60209	李四060209	user060209@example.test	0900060209	城市B	2025-12-15
60210	王五060210	user060210@example.test	0900060210	城市C	2025-12-16
60301	孫八060301	user060301@example.test	0900060301	城市F	2023-03-18
60302	周九060302	user060302@example.test	0900060302	城市G	2023-03-19
60303	吳十060303	user060303@example.test	0900060303	城市H	2023-03-20
60304	張三060304	user060304@example.test	0900060304	城市A	2023-03-21
60305	李四060305	user060305@example.test	0900060305	城市B	2023-03-22
60306	王五060306	user060306@example.test	0900060306	城市C	2023-03-23
60307	趙六060307	user060307@example.test	0900060307	城市D	2023-03-24
60308	錢七060308	user060308@example.test	0900060308	城市E	2023-03-25
60309	孫八060309	user060309@example.test	0900060309	城市F	2023-03-26
60310	周九060310	user060310@example.test	0900060310	城市G	2023-03-27
60401	李四060401	user060401@example.test	0900060401	城市B	2023-06-26
60402	王五060402	user060402@example.test	0900060402	城市C	2023-06-27
60403	趙六060403	user060403@example.test	0900060403	城市D	2023-06-28
60404	錢七060404	user060404@example.test	0900060404	城市E	2023-06-29
60405	孫八060405	user060405@example.test	0900060405	城市F	2023-06-30
60406	周九060406	user060406@example.test	0900060406	城市G	2023-07-01
60407	吳十060407	user060407@example.test	0900060407	城市H	2023-07-02
60408	張三060408	user060408@example.test	0900060408	城市A	2023-07-03
60409	李四060409	user060409@example.test	0900060409	城市B	2023-07-04
60410	王五060410	user060410@example.test	0900060410	城市C	2023-07-05
60501	孫八060501	user060501@example.test	0900060501	城市F	2023-10-04
60502	周九060502	user060502@example.test	0900060502	城市G	2023-10-05
60503	吳十060503	user060503@example.test	0900060503	城市H	2023-10-06
60504	張三060504	user060504@example.test	0900060504	城市A	2023-10-07
60505	李四060505	user060505@example.test	0900060505	城市B	2023-10-08
60506	王五060506	user060506@example.test	0900060506	城市C	2023-10-09
60507	趙六060507	user060507@example.test	0900060507	城市D	2023-10-10
60508	錢七060508	user060508@example.test	0900060508	城市E	2023-10-11
60509	孫八060509	user060509@example.test	0900060509	城市F	2023-10-12
60510	周九060510	user060510@example.test	0900060510	城市G	2023-10-13
60601	李四060601	user060601@example.test	0900060601	城市B	2024-01-12
60602	王五060602	user060602@example.test	0900060602	城市C	2024-01-13
60603	趙六060603	user060603@example.test	0900060603	城市D	2024-01-14
60604	錢七060604	user060604@example.test	0900060604	城市E	2024-01-15
60605	孫八060605	user060605@example.test	0900060605	城市F	2024-01-16
60606	周九060606	user060606@example.test	0900060606	城市G	2024-01-17
60607	吳十060607	user060607@example.test	0900060607	城市H	2024-01-18
60608	張三060608	user060608@example.test	0900060608	城市A	2024-01-19
60609	李四060609	user060609@example.test	0900060609	城市B	2024-01-20
60610	王五060610	user060610@example.test	0900060610	城市C	2024-01-21
60701	孫八060701	user060701@example.test	0900060701	城市F	2024-04-21
60702	周九060702	user060702@example.test	0900060702	城市G	2024-04-22
60703	吳十060703	user060703@example.test	0900060703	城市H	2024-04-23
60704	張三060704	user060704@example.test	0900060704	城市A	2024-04-24
60705	李四060705	user060705@example.test	0900060705	城市B	2024-04-25
60706	王五060706	user060706@example.test	0900060706	城市C	2024-04-26
60707	趙六060707	user060707@example.test	0900060707	城市D	2024-04-27
60708	錢七060708	user060708@example.test	0900060708	城市E	2024-04-28
60709	孫八060709	user060709@example.test	0900060709	城市F	2024-04-29
60710	周九060710	user060710@example.test	0900060710	城市G	2024-04-30
60801	李四060801	user060801@example.test	0900060801	城市B	2024-07-30
60802	王五060802	user060802@example.test	0900060802	城市C	2024-07-31
60803	趙六060803	user060803@example.test	0900060803	城市D	2024-08-01
60804	錢七060804	user060804@example.test	0900060804	城市E	2024-08-02
60805	孫八060805	user060805@example.test	0900060805	城市F	2024-08-03
60806	周九060806	user060806@example.test	0900060806	城市G	2024-08-04
60807	吳十060807	user060807@example.test	0900060807	城市H	2024-08-05
60808	張三060808	user060808@example.test	0900060808	城市A	2024-08-06
60809	李四060809	user060809@example.test	0900060809	城市B	2024-08-07
60810	王五060810	user060810@example.test	0900060810	城市C	2024-08-08
60901	孫八060901	user060901@example.test	0900060901	城市F	2024-11-07
60902	周九060902	user060902@example.test	0900060902	城市G	2024-11-08
60903	吳十060903	user060903@example.test	0900060903	城市H	2024-11-09
60904	張三060904	user060904@example.test	0900060904	城市A	2024-11-10
60905	李四060905	user060905@example.test	0900060905	城市B	2024-11-11
60906	王五060906	user060906@example.test	0900060906	城市C	2024-11-12
60907	趙六060907	user060907@example.test	0900060907	城市D	2024-11-13
60908	錢七060908	user060908@example.test	0900060908	城市E	2024-11-14
60909	孫八060909	user060909@example.test	0900060909	城市F	2024-11-15
60910	周九060910	user060910@example.test	0900060910	城市G	2024-11-16
61001	李四061001	user061001@example.test	0900061001	城市B	2025-02-15
61002	王五061002	user061002@example.test	0900061002	城市C	2025-02-16
61003	趙六061003	user061003@example.test	0900061003	城市D	2025-02-17
61004	錢七061004	user061004@example.test	0900061004	城市E	2025-02-18
61005	孫八061005	user061005@example.test	0900061005	城市F	2025-02-19
61006	周九061006	user061006@example.test	0900061006	城市G	2025-02-20
61007	吳十061007	user061007@example.test	0900061007	城市H	2025-02-21
61008	張三061008	user061008@example.test	0900061008	城市A	2025-02-22
61009	李四061009	user061009@example.test	0900061009	城市B	2025-02-23
61010	王五061010	user061010@example.test	0900061010	城市C	2025-02-24
61101	孫八061101	user061101@example.test	0900061101	城市F	2025-05-26
61102	周九061102	user061102@example.test	0900061102	城市G	2025-05-27
61103	吳十061103	user061103@example.test	0900061103	城市H	2025-05-28
61104	張三061104	user061104@example.test	0900061104	城市A	2025-05-29
61105	李四061105	user061105@example.test	0900061105	城市B	2025-05-30
61106	王五061106	user061106@example.test	0900061106	城市C	2025-05-31
61107	趙六061107	user061107@example.test	0900061107	城市D	2025-06-01
61108	錢七061108	user061108@example.test	0900061108	城市E	2025-06-02
61109	孫八061109	user061109@example.test	0900061109	城市F	2025-06-03
61110	周九061110	user061110@example.test	0900061110	城市G	2025-06-04
61201	李四061201	user061201@example.test	0900061201	城市B	2025-09-03
61202	王五061202	user061202@example.test	0900061202	城市C	2025-09-04
61203	趙六061203	user061203@example.test	0900061203	城市D	2025-09-05
61204	錢七061204	user061204@example.test	0900061204	城市E	2025-09-06
61205	孫八061205	user061205@example.test	0900061205	城市F	2025-09-07
61206	周九061206	user061206@example.test	0900061206	城市G	2025-09-08
61207	吳十061207	user061207@example.test	0900061207	城市H	2025-09-09
61208	張三061208	user061208@example.test	0900061208	城市A	2025-09-10
61209	李四061209	user061209@example.test	0900061209	城市B	2025-09-11
61210	王五061210	user061210@example.test	0900061210	城市C	2025-09-12
61301	孫八061301	user061301@example.test	0900061301	城市F	2025-12-12
61302	周九061302	user061302@example.test	0900061302	城市G	2025-12-13
61303	吳十061303	user061303@example.test	0900061303	城市H	2025-12-14
61304	張三061304	user061304@example.test	0900061304	城市A	2025-12-15
61305	李四061305	user061305@example.test	0900061305	城市B	2025-12-16
61306	王五061306	user061306@example.test	0900061306	城市C	2025-12-17
61307	趙六061307	user061307@example.test	0900061307	城市D	2025-12-18
61308	錢七061308	user061308@example.test	0900061308	城市E	2025-12-19
61309	孫八061309	user061309@example.test	0900061309	城市F	2025-12-20
61310	周九061310	user061310@example.test	0900061310	城市G	2025-12-21
61401	李四061401	user061401@example.test	0900061401	城市B	2023-03-23
61402	王五061402	user061402@example.test	0900061402	城市C	2023-03-24
61403	趙六061403	user061403@example.test	0900061403	城市D	2023-03-25
61404	錢七061404	user061404@example.test	0900061404	城市E	2023-03-26
61405	孫八061405	user061405@example.test	0900061405	城市F	2023-03-27
61406	周九061406	user061406@example.test	0900061406	城市G	2023-03-28
61407	吳十061407	user061407@example.test	0900061407	城市H	2023-03-29
61408	張三061408	user061408@example.test	0900061408	城市A	2023-03-30
61409	李四061409	user061409@example.test	0900061409	城市B	2023-03-31
61410	王五061410	user061410@example.test	0900061410	城市C	2023-04-01
61501	孫八061501	user061501@example.test	0900061501	城市F	2023-07-01
61502	周九061502	user061502@example.test	0900061502	城市G	2023-07-02
61503	吳十061503	user061503@example.test	0900061503	城市H	2023-07-03
61504	張三061504	user061504@example.test	0900061504	城市A	2023-07-04
61505	李四061505	user061505@example.test	0900061505	城市B	2023-07-05
61506	王五061506	user061506@example.test	0900061506	城市C	2023-07-06
61507	趙六061507	user061507@example.test	0900061507	城市D	2023-07-07
61508	錢七061508	user061508@example.test	0900061508	城市E	2023-07-08
61509	孫八061509	user061509@example.test	0900061509	城市F	2023-07-09
61510	周九061510	user061510@example.test	0900061510	城市G	2023-07-10
61601	李四061601	user061601@example.test	0900061601	城市B	2023-10-09
61602	王五061602	user061602@example.test	0900061602	城市C	2023-10-10
61603	趙六061603	user061603@example.test	0900061603	城市D	2023-10-11
61604	錢七061604	user061604@example.test	0900061604	城市E	2023-10-12
61605	孫八061605	user061605@example.test	0900061605	城市F	2023-10-13
61606	周九061606	user061606@example.test	0900061606	城市G	2023-10-14
61607	吳十061607	user061607@example.test	0900061607	城市H	2023-10-15
61608	張三061608	user061608@example.test	0900061608	城市A	2023-10-16
61609	李四061609	user061609@example.test	0900061609	城市B	2023-10-17
61610	王五061610	user061610@example.test	0900061610	城市C	2023-10-18
61701	孫八061701	user061701@example.test	0900061701	城市F	2024-01-17
61702	周九061702	user061702@example.test	0900061702	城市G	2024-01-18
61703	吳十061703	user061703@example.test	0900061703	城市H	2024-01-19
61704	張三061704	user061704@example.test	0900061704	城市A	2024-01-20
61705	李四061705	user061705@example.test	0900061705	城市B	2024-01-21
61706	王五061706	user061706@example.test	0900061706	城市C	2024-01-22
61707	趙六061707	user061707@example.test	0900061707	城市D	2024-01-23
61708	錢七061708	user061708@example.test	0900061708	城市E	2024-01-24
61709	孫八061709	user061709@example.test	0900061709	城市F	2024-01-25
61710	周九061710	user061710@example.test	0900061710	城市G	2024-01-26
61801	李四061801	user061801@example.test	0900061801	城市B	2024-04-26
61802	王五061802	user061802@example.test	0900061802	城市C	2024-04-27
61803	趙六061803	user061803@example.test	0900061803	城市D	2024-04-28
61804	錢七061804	user061804@example.test	0900061804	城市E	2024-04-29
61805	孫八061805	user061805@example.test	0900061805	城市F	2024-04-30
61806	周九061806	user061806@example.test	0900061806	城市G	2024-05-01
61807	吳十061807	user061807@example.test	0900061807	城市H	2024-05-02
61808	張三061808	user061808@example.test	0900061808	城市A	2024-05-03
61809	李四061809	user061809@example.test	0900061809	城市B	2024-05-04
61810	王五061810	user061810@example.test	0900061810	城市C	2024-05-05
61901	孫八061901	user061901@example.test	0900061901	城市F	2024-08-04
61902	周九061902	user061902@example.test	0900061902	城市G	2024-08-05
61903	吳十061903	user061903@example.test	0900061903	城市H	2024-08-06
61904	張三061904	user061904@example.test	0900061904	城市A	2024-08-07
61905	李四061905	user061905@example.test	0900061905	城市B	2024-08-08
61906	王五061906	user061906@example.test	0900061906	城市C	2024-08-09
61907	趙六061907	user061907@example.test	0900061907	城市D	2024-08-10
61908	錢七061908	user061908@example.test	0900061908	城市E	2024-08-11
61909	孫八061909	user061909@example.test	0900061909	城市F	2024-08-12
61910	周九061910	user061910@example.test	0900061910	城市G	2024-08-13
62001	李四062001	user062001@example.test	0900062001	城市B	2024-11-12
62002	王五062002	user062002@example.test	0900062002	城市C	2024-11-13
62003	趙六062003	user062003@example.test	0900062003	城市D	2024-11-14
62004	錢七062004	user062004@example.test	0900062004	城市E	2024-11-15
62005	孫八062005	user062005@example.test	0900062005	城市F	2024-11-16
62006	周九062006	user062006@example.test	0900062006	城市G	2024-11-17
62007	吳十062007	user062007@example.test	0900062007	城市H	2024-11-18
62008	張三062008	user062008@example.test	0900062008	城市A	2024-11-19
62009	李四062009	user062009@example.test	0900062009	城市B	2024-11-20
62010	王五062010	user062010@example.test	0900062010	城市C	2024-11-21
62101	孫八062101	user062101@example.test	0900062101	城市F	2025-02-20
62102	周九062102	user062102@example.test	0900062102	城市G	2025-02-21
62103	吳十062103	user062103@example.test	0900062103	城市H	2025-02-22
62104	張三062104	user062104@example.test	0900062104	城市A	2025-02-23
62105	李四062105	user062105@example.test	0900062105	城市B	2025-02-24
62106	王五062106	user062106@example.test	0900062106	城市C	2025-02-25
62107	趙六062107	user062107@example.test	0900062107	城市D	2025-02-26
62108	錢七062108	user062108@example.test	0900062108	城市E	2025-02-27
62109	孫八062109	user062109@example.test	0900062109	城市F	2025-02-28
62110	周九062110	user062110@example.test	0900062110	城市G	2025-03-01
62201	李四062201	user062201@example.test	0900062201	城市B	2025-05-31
62202	王五062202	user062202@example.test	0900062202	城市C	2025-06-01
62203	趙六062203	user062203@example.test	0900062203	城市D	2025-06-02
62204	錢七062204	user062204@example.test	0900062204	城市E	2025-06-03
62205	孫八062205	user062205@example.test	0900062205	城市F	2025-06-04
62206	周九062206	user062206@example.test	0900062206	城市G	2025-06-05
62207	吳十062207	user062207@example.test	0900062207	城市H	2025-06-06
62208	張三062208	user062208@example.test	0900062208	城市A	2025-06-07
62209	李四062209	user062209@example.test	0900062209	城市B	2025-06-08
62210	王五062210	user062210@example.test	0900062210	城市C	2025-06-09
62301	孫八062301	user062301@example.test	0900062301	城市F	2025-09-08
62302	周九062302	user062302@example.test	0900062302	城市G	2025-09-09
62303	吳十062303	user062303@example.test	0900062303	城市H	2025-09-10
62304	張三062304	user062304@example.test	0900062304	城市A	2025-09-11
62305	李四062305	user062305@example.test	0900062305	城市B	2025-09-12
62306	王五062306	user062306@example.test	0900062306	城市C	2025-09-13
62307	趙六062307	user062307@example.test	0900062307	城市D	2025-09-14
62308	錢七062308	user062308@example.test	0900062308	城市E	2025-09-15
62309	孫八062309	user062309@example.test	0900062309	城市F	2025-09-16
62310	周九062310	user062310@example.test	0900062310	城市G	2025-09-17
62401	李四062401	user062401@example.test	0900062401	城市B	2025-12-17
62402	王五062402	user062402@example.test	0900062402	城市C	2025-12-18
62403	趙六062403	user062403@example.test	0900062403	城市D	2025-12-19
62404	錢七062404	user062404@example.test	0900062404	城市E	2025-12-20
62405	孫八062405	user062405@example.test	0900062405	城市F	2025-12-21
62406	周九062406	user062406@example.test	0900062406	城市G	2025-12-22
62407	吳十062407	user062407@example.test	0900062407	城市H	2025-12-23
62408	張三062408	user062408@example.test	0900062408	城市A	2025-12-24
62409	李四062409	user062409@example.test	0900062409	城市B	2025-12-25
62410	王五062410	user062410@example.test	0900062410	城市C	2025-12-26
62501	孫八062501	user062501@example.test	0900062501	城市F	2023-03-28
62502	周九062502	user062502@example.test	0900062502	城市G	2023-03-29
62503	吳十062503	user062503@example.test	0900062503	城市H	2023-03-30
62504	張三062504	user062504@example.test	0900062504	城市A	2023-03-31
62505	李四062505	user062505@example.test	0900062505	城市B	2023-04-01
62506	王五062506	user062506@example.test	0900062506	城市C	2023-04-02
62507	趙六062507	user062507@example.test	0900062507	城市D	2023-04-03
62508	錢七062508	user062508@example.test	0900062508	城市E	2023-04-04
62509	孫八062509	user062509@example.test	0900062509	城市F	2023-04-05
62510	周九062510	user062510@example.test	0900062510	城市G	2023-04-06
62601	李四062601	user062601@example.test	0900062601	城市B	2023-07-06
62602	王五062602	user062602@example.test	0900062602	城市C	2023-07-07
62603	趙六062603	user062603@example.test	0900062603	城市D	2023-07-08
62604	錢七062604	user062604@example.test	0900062604	城市E	2023-07-09
62605	孫八062605	user062605@example.test	0900062605	城市F	2023-07-10
62606	周九062606	user062606@example.test	0900062606	城市G	2023-07-11
62607	吳十062607	user062607@example.test	0900062607	城市H	2023-07-12
62608	張三062608	user062608@example.test	0900062608	城市A	2023-07-13
62609	李四062609	user062609@example.test	0900062609	城市B	2023-07-14
62610	王五062610	user062610@example.test	0900062610	城市C	2023-07-15
62701	孫八062701	user062701@example.test	0900062701	城市F	2023-10-14
62702	周九062702	user062702@example.test	0900062702	城市G	2023-10-15
62703	吳十062703	user062703@example.test	0900062703	城市H	2023-10-16
62704	張三062704	user062704@example.test	0900062704	城市A	2023-10-17
62705	李四062705	user062705@example.test	0900062705	城市B	2023-10-18
62706	王五062706	user062706@example.test	0900062706	城市C	2023-10-19
62707	趙六062707	user062707@example.test	0900062707	城市D	2023-10-20
62708	錢七062708	user062708@example.test	0900062708	城市E	2023-10-21
62709	孫八062709	user062709@example.test	0900062709	城市F	2023-10-22
62710	周九062710	user062710@example.test	0900062710	城市G	2023-10-23
62801	李四062801	user062801@example.test	0900062801	城市B	2024-01-22
62802	王五062802	user062802@example.test	0900062802	城市C	2024-01-23
62803	趙六062803	user062803@example.test	0900062803	城市D	2024-01-24
62804	錢七062804	user062804@example.test	0900062804	城市E	2024-01-25
62805	孫八062805	user062805@example.test	0900062805	城市F	2024-01-26
62806	周九062806	user062806@example.test	0900062806	城市G	2024-01-27
62807	吳十062807	user062807@example.test	0900062807	城市H	2024-01-28
62808	張三062808	user062808@example.test	0900062808	城市A	2024-01-29
62809	李四062809	user062809@example.test	0900062809	城市B	2024-01-30
62810	王五062810	user062810@example.test	0900062810	城市C	2024-01-31
62901	孫八062901	user062901@example.test	0900062901	城市F	2024-05-01
62902	周九062902	user062902@example.test	0900062902	城市G	2024-05-02
62903	吳十062903	user062903@example.test	0900062903	城市H	2024-05-03
62904	張三062904	user062904@example.test	0900062904	城市A	2024-05-04
62905	李四062905	user062905@example.test	0900062905	城市B	2024-05-05
62906	王五062906	user062906@example.test	0900062906	城市C	2024-05-06
62907	趙六062907	user062907@example.test	0900062907	城市D	2024-05-07
62908	錢七062908	user062908@example.test	0900062908	城市E	2024-05-08
62909	孫八062909	user062909@example.test	0900062909	城市F	2024-05-09
62910	周九062910	user062910@example.test	0900062910	城市G	2024-05-10
63001	李四063001	user063001@example.test	0900063001	城市B	2024-08-09
63002	王五063002	user063002@example.test	0900063002	城市C	2024-08-10
63003	趙六063003	user063003@example.test	0900063003	城市D	2024-08-11
63004	錢七063004	user063004@example.test	0900063004	城市E	2024-08-12
63005	孫八063005	user063005@example.test	0900063005	城市F	2024-08-13
63006	周九063006	user063006@example.test	0900063006	城市G	2024-08-14
63007	吳十063007	user063007@example.test	0900063007	城市H	2024-08-15
63008	張三063008	user063008@example.test	0900063008	城市A	2024-08-16
63009	李四063009	user063009@example.test	0900063009	城市B	2024-08-17
63010	王五063010	user063010@example.test	0900063010	城市C	2024-08-18
63101	孫八063101	user063101@example.test	0900063101	城市F	2024-11-17
63102	周九063102	user063102@example.test	0900063102	城市G	2024-11-18
63103	吳十063103	user063103@example.test	0900063103	城市H	2024-11-19
63104	張三063104	user063104@example.test	0900063104	城市A	2024-11-20
63105	李四063105	user063105@example.test	0900063105	城市B	2024-11-21
63106	王五063106	user063106@example.test	0900063106	城市C	2024-11-22
63107	趙六063107	user063107@example.test	0900063107	城市D	2024-11-23
63108	錢七063108	user063108@example.test	0900063108	城市E	2024-11-24
63109	孫八063109	user063109@example.test	0900063109	城市F	2024-11-25
63110	周九063110	user063110@example.test	0900063110	城市G	2024-11-26
63201	李四063201	user063201@example.test	0900063201	城市B	2025-02-25
63202	王五063202	user063202@example.test	0900063202	城市C	2025-02-26
63203	趙六063203	user063203@example.test	0900063203	城市D	2025-02-27
63204	錢七063204	user063204@example.test	0900063204	城市E	2025-02-28
63205	孫八063205	user063205@example.test	0900063205	城市F	2025-03-01
63206	周九063206	user063206@example.test	0900063206	城市G	2025-03-02
63207	吳十063207	user063207@example.test	0900063207	城市H	2025-03-03
63208	張三063208	user063208@example.test	0900063208	城市A	2025-03-04
63209	李四063209	user063209@example.test	0900063209	城市B	2025-03-05
63210	王五063210	user063210@example.test	0900063210	城市C	2025-03-06
63301	孫八063301	user063301@example.test	0900063301	城市F	2025-06-05
63302	周九063302	user063302@example.test	0900063302	城市G	2025-06-06
63303	吳十063303	user063303@example.test	0900063303	城市H	2025-06-07
63304	張三063304	user063304@example.test	0900063304	城市A	2025-06-08
63305	李四063305	user063305@example.test	0900063305	城市B	2025-06-09
63306	王五063306	user063306@example.test	0900063306	城市C	2025-06-10
63307	趙六063307	user063307@example.test	0900063307	城市D	2025-06-11
63308	錢七063308	user063308@example.test	0900063308	城市E	2025-06-12
63309	孫八063309	user063309@example.test	0900063309	城市F	2025-06-13
63310	周九063310	user063310@example.test	0900063310	城市G	2025-06-14
63401	李四063401	user063401@example.test	0900063401	城市B	2025-09-13
63402	王五063402	user063402@example.test	0900063402	城市C	2025-09-14
63403	趙六063403	user063403@example.test	0900063403	城市D	2025-09-15
63404	錢七063404	user063404@example.test	0900063404	城市E	2025-09-16
63405	孫八063405	user063405@example.test	0900063405	城市F	2025-09-17
63406	周九063406	user063406@example.test	0900063406	城市G	2025-09-18
63407	吳十063407	user063407@example.test	0900063407	城市H	2025-09-19
63408	張三063408	user063408@example.test	0900063408	城市A	2025-09-20
63409	李四063409	user063409@example.test	0900063409	城市B	2025-09-21
63410	王五063410	user063410@example.test	0900063410	城市C	2025-09-22
63501	孫八063501	user063501@example.test	0900063501	城市F	2025-12-22
63502	周九063502	user063502@example.test	0900063502	城市G	2025-12-23
63503	吳十063503	user063503@example.test	0900063503	城市H	2025-12-24
63504	張三063504	user063504@example.test	0900063504	城市A	2025-12-25
63505	李四063505	user063505@example.test	0900063505	城市B	2025-12-26
63506	王五063506	user063506@example.test	0900063506	城市C	2025-12-27
63507	趙六063507	user063507@example.test	0900063507	城市D	2025-12-28
63508	錢七063508	user063508@example.test	0900063508	城市E	2025-12-29
63509	孫八063509	user063509@example.test	0900063509	城市F	2025-12-30
63510	周九063510	user063510@example.test	0900063510	城市G	2023-01-01
63601	李四063601	user063601@example.test	0900063601	城市B	2023-04-02
63602	王五063602	user063602@example.test	0900063602	城市C	2023-04-03
63603	趙六063603	user063603@example.test	0900063603	城市D	2023-04-04
63604	錢七063604	user063604@example.test	0900063604	城市E	2023-04-05
63605	孫八063605	user063605@example.test	0900063605	城市F	2023-04-06
63606	周九063606	user063606@example.test	0900063606	城市G	2023-04-07
63607	吳十063607	user063607@example.test	0900063607	城市H	2023-04-08
63608	張三063608	user063608@example.test	0900063608	城市A	2023-04-09
63609	李四063609	user063609@example.test	0900063609	城市B	2023-04-10
63610	王五063610	user063610@example.test	0900063610	城市C	2023-04-11
63701	孫八063701	user063701@example.test	0900063701	城市F	2023-07-11
63702	周九063702	user063702@example.test	0900063702	城市G	2023-07-12
63703	吳十063703	user063703@example.test	0900063703	城市H	2023-07-13
63704	張三063704	user063704@example.test	0900063704	城市A	2023-07-14
63705	李四063705	user063705@example.test	0900063705	城市B	2023-07-15
63706	王五063706	user063706@example.test	0900063706	城市C	2023-07-16
63707	趙六063707	user063707@example.test	0900063707	城市D	2023-07-17
63708	錢七063708	user063708@example.test	0900063708	城市E	2023-07-18
63709	孫八063709	user063709@example.test	0900063709	城市F	2023-07-19
63710	周九063710	user063710@example.test	0900063710	城市G	2023-07-20
63801	李四063801	user063801@example.test	0900063801	城市B	2023-10-19
63802	王五063802	user063802@example.test	0900063802	城市C	2023-10-20
63803	趙六063803	user063803@example.test	0900063803	城市D	2023-10-21
63804	錢七063804	user063804@example.test	0900063804	城市E	2023-10-22
63805	孫八063805	user063805@example.test	0900063805	城市F	2023-10-23
63806	周九063806	user063806@example.test	0900063806	城市G	2023-10-24
63807	吳十063807	user063807@example.test	0900063807	城市H	2023-10-25
63808	張三063808	user063808@example.test	0900063808	城市A	2023-10-26
63809	李四063809	user063809@example.test	0900063809	城市B	2023-10-27
63810	王五063810	user063810@example.test	0900063810	城市C	2023-10-28
63901	孫八063901	user063901@example.test	0900063901	城市F	2024-01-27
63902	周九063902	user063902@example.test	0900063902	城市G	2024-01-28
63903	吳十063903	user063903@example.test	0900063903	城市H	2024-01-29
63904	張三063904	user063904@example.test	0900063904	城市A	2024-01-30
63905	李四063905	user063905@example.test	0900063905	城市B	2024-01-31
63906	王五063906	user063906@example.test	0900063906	城市C	2024-02-01
63907	趙六063907	user063907@example.test	0900063907	城市D	2024-02-02
63908	錢七063908	user063908@example.test	0900063908	城市E	2024-02-03
63909	孫八063909	user063909@example.test	0900063909	城市F	2024-02-04
63910	周九063910	user063910@example.test	0900063910	城市G	2024-02-05
64001	李四064001	user064001@example.test	0900064001	城市B	2024-05-06
64002	王五064002	user064002@example.test	0900064002	城市C	2024-05-07
64003	趙六064003	user064003@example.test	0900064003	城市D	2024-05-08
64004	錢七064004	user064004@example.test	0900064004	城市E	2024-05-09
64005	孫八064005	user064005@example.test	0900064005	城市F	2024-05-10
64006	周九064006	user064006@example.test	0900064006	城市G	2024-05-11
64007	吳十064007	user064007@example.test	0900064007	城市H	2024-05-12
64008	張三064008	user064008@example.test	0900064008	城市A	2024-05-13
64009	李四064009	user064009@example.test	0900064009	城市B	2024-05-14
64010	王五064010	user064010@example.test	0900064010	城市C	2024-05-15
64101	孫八064101	user064101@example.test	0900064101	城市F	2024-08-14
64102	周九064102	user064102@example.test	0900064102	城市G	2024-08-15
64103	吳十064103	user064103@example.test	0900064103	城市H	2024-08-16
64104	張三064104	user064104@example.test	0900064104	城市A	2024-08-17
64105	李四064105	user064105@example.test	0900064105	城市B	2024-08-18
64106	王五064106	user064106@example.test	0900064106	城市C	2024-08-19
64107	趙六064107	user064107@example.test	0900064107	城市D	2024-08-20
64108	錢七064108	user064108@example.test	0900064108	城市E	2024-08-21
64109	孫八064109	user064109@example.test	0900064109	城市F	2024-08-22
64110	周九064110	user064110@example.test	0900064110	城市G	2024-08-23
64201	李四064201	user064201@example.test	0900064201	城市B	2024-11-22
64202	王五064202	user064202@example.test	0900064202	城市C	2024-11-23
64203	趙六064203	user064203@example.test	0900064203	城市D	2024-11-24
64204	錢七064204	user064204@example.test	0900064204	城市E	2024-11-25
64205	孫八064205	user064205@example.test	0900064205	城市F	2024-11-26
64206	周九064206	user064206@example.test	0900064206	城市G	2024-11-27
64207	吳十064207	user064207@example.test	0900064207	城市H	2024-11-28
64208	張三064208	user064208@example.test	0900064208	城市A	2024-11-29
64209	李四064209	user064209@example.test	0900064209	城市B	2024-11-30
64210	王五064210	user064210@example.test	0900064210	城市C	2024-12-01
64301	孫八064301	user064301@example.test	0900064301	城市F	2025-03-02
64302	周九064302	user064302@example.test	0900064302	城市G	2025-03-03
64303	吳十064303	user064303@example.test	0900064303	城市H	2025-03-04
64304	張三064304	user064304@example.test	0900064304	城市A	2025-03-05
64305	李四064305	user064305@example.test	0900064305	城市B	2025-03-06
64306	王五064306	user064306@example.test	0900064306	城市C	2025-03-07
64307	趙六064307	user064307@example.test	0900064307	城市D	2025-03-08
64308	錢七064308	user064308@example.test	0900064308	城市E	2025-03-09
64309	孫八064309	user064309@example.test	0900064309	城市F	2025-03-10
64310	周九064310	user064310@example.test	0900064310	城市G	2025-03-11
64401	李四064401	user064401@example.test	0900064401	城市B	2025-06-10
64402	王五064402	user064402@example.test	0900064402	城市C	2025-06-11
64403	趙六064403	user064403@example.test	0900064403	城市D	2025-06-12
64404	錢七064404	user064404@example.test	0900064404	城市E	2025-06-13
64405	孫八064405	user064405@example.test	0900064405	城市F	2025-06-14
64406	周九064406	user064406@example.test	0900064406	城市G	2025-06-15
64407	吳十064407	user064407@example.test	0900064407	城市H	2025-06-16
64408	張三064408	user064408@example.test	0900064408	城市A	2025-06-17
64409	李四064409	user064409@example.test	0900064409	城市B	2025-06-18
64410	王五064410	user064410@example.test	0900064410	城市C	2025-06-19
64501	孫八064501	user064501@example.test	0900064501	城市F	2025-09-18
64502	周九064502	user064502@example.test	0900064502	城市G	2025-09-19
64503	吳十064503	user064503@example.test	0900064503	城市H	2025-09-20
64504	張三064504	user064504@example.test	0900064504	城市A	2025-09-21
64505	李四064505	user064505@example.test	0900064505	城市B	2025-09-22
64506	王五064506	user064506@example.test	0900064506	城市C	2025-09-23
64507	趙六064507	user064507@example.test	0900064507	城市D	2025-09-24
64508	錢七064508	user064508@example.test	0900064508	城市E	2025-09-25
64509	孫八064509	user064509@example.test	0900064509	城市F	2025-09-26
64510	周九064510	user064510@example.test	0900064510	城市G	2025-09-27
64601	李四064601	user064601@example.test	0900064601	城市B	2025-12-27
64602	王五064602	user064602@example.test	0900064602	城市C	2025-12-28
64603	趙六064603	user064603@example.test	0900064603	城市D	2025-12-29
64604	錢七064604	user064604@example.test	0900064604	城市E	2025-12-30
64605	孫八064605	user064605@example.test	0900064605	城市F	2023-01-01
64606	周九064606	user064606@example.test	0900064606	城市G	2023-01-02
64607	吳十064607	user064607@example.test	0900064607	城市H	2023-01-03
64608	張三064608	user064608@example.test	0900064608	城市A	2023-01-04
64609	李四064609	user064609@example.test	0900064609	城市B	2023-01-05
64610	王五064610	user064610@example.test	0900064610	城市C	2023-01-06
64701	孫八064701	user064701@example.test	0900064701	城市F	2023-04-07
64702	周九064702	user064702@example.test	0900064702	城市G	2023-04-08
64703	吳十064703	user064703@example.test	0900064703	城市H	2023-04-09
64704	張三064704	user064704@example.test	0900064704	城市A	2023-04-10
64705	李四064705	user064705@example.test	0900064705	城市B	2023-04-11
64706	王五064706	user064706@example.test	0900064706	城市C	2023-04-12
64707	趙六064707	user064707@example.test	0900064707	城市D	2023-04-13
64708	錢七064708	user064708@example.test	0900064708	城市E	2023-04-14
64709	孫八064709	user064709@example.test	0900064709	城市F	2023-04-15
64710	周九064710	user064710@example.test	0900064710	城市G	2023-04-16
64801	李四064801	user064801@example.test	0900064801	城市B	2023-07-16
64802	王五064802	user064802@example.test	0900064802	城市C	2023-07-17
64803	趙六064803	user064803@example.test	0900064803	城市D	2023-07-18
64804	錢七064804	user064804@example.test	0900064804	城市E	2023-07-19
64805	孫八064805	user064805@example.test	0900064805	城市F	2023-07-20
64806	周九064806	user064806@example.test	0900064806	城市G	2023-07-21
64807	吳十064807	user064807@example.test	0900064807	城市H	2023-07-22
64808	張三064808	user064808@example.test	0900064808	城市A	2023-07-23
64809	李四064809	user064809@example.test	0900064809	城市B	2023-07-24
64810	王五064810	user064810@example.test	0900064810	城市C	2023-07-25
64901	孫八064901	user064901@example.test	0900064901	城市F	2023-10-24
64902	周九064902	user064902@example.test	0900064902	城市G	2023-10-25
64903	吳十064903	user064903@example.test	0900064903	城市H	2023-10-26
64904	張三064904	user064904@example.test	0900064904	城市A	2023-10-27
64905	李四064905	user064905@example.test	0900064905	城市B	2023-10-28
64906	王五064906	user064906@example.test	0900064906	城市C	2023-10-29
64907	趙六064907	user064907@example.test	0900064907	城市D	2023-10-30
64908	錢七064908	user064908@example.test	0900064908	城市E	2023-10-31
64909	孫八064909	user064909@example.test	0900064909	城市F	2023-11-01
64910	周九064910	user064910@example.test	0900064910	城市G	2023-11-02
65001	李四065001	user065001@example.test	0900065001	城市B	2024-02-01
65002	王五065002	user065002@example.test	0900065002	城市C	2024-02-02
65003	趙六065003	user065003@example.test	0900065003	城市D	2024-02-03
65004	錢七065004	user065004@example.test	0900065004	城市E	2024-02-04
65005	孫八065005	user065005@example.test	0900065005	城市F	2024-02-05
65006	周九065006	user065006@example.test	0900065006	城市G	2024-02-06
65007	吳十065007	user065007@example.test	0900065007	城市H	2024-02-07
65008	張三065008	user065008@example.test	0900065008	城市A	2024-02-08
65009	李四065009	user065009@example.test	0900065009	城市B	2024-02-09
65010	王五065010	user065010@example.test	0900065010	城市C	2024-02-10
65101	孫八065101	user065101@example.test	0900065101	城市F	2024-05-11
65102	周九065102	user065102@example.test	0900065102	城市G	2024-05-12
65103	吳十065103	user065103@example.test	0900065103	城市H	2024-05-13
65104	張三065104	user065104@example.test	0900065104	城市A	2024-05-14
65105	李四065105	user065105@example.test	0900065105	城市B	2024-05-15
65106	王五065106	user065106@example.test	0900065106	城市C	2024-05-16
65107	趙六065107	user065107@example.test	0900065107	城市D	2024-05-17
65108	錢七065108	user065108@example.test	0900065108	城市E	2024-05-18
65109	孫八065109	user065109@example.test	0900065109	城市F	2024-05-19
65110	周九065110	user065110@example.test	0900065110	城市G	2024-05-20
65201	李四065201	user065201@example.test	0900065201	城市B	2024-08-19
65202	王五065202	user065202@example.test	0900065202	城市C	2024-08-20
65203	趙六065203	user065203@example.test	0900065203	城市D	2024-08-21
65204	錢七065204	user065204@example.test	0900065204	城市E	2024-08-22
65205	孫八065205	user065205@example.test	0900065205	城市F	2024-08-23
65206	周九065206	user065206@example.test	0900065206	城市G	2024-08-24
65207	吳十065207	user065207@example.test	0900065207	城市H	2024-08-25
65208	張三065208	user065208@example.test	0900065208	城市A	2024-08-26
65209	李四065209	user065209@example.test	0900065209	城市B	2024-08-27
65210	王五065210	user065210@example.test	0900065210	城市C	2024-08-28
65301	孫八065301	user065301@example.test	0900065301	城市F	2024-11-27
65302	周九065302	user065302@example.test	0900065302	城市G	2024-11-28
65303	吳十065303	user065303@example.test	0900065303	城市H	2024-11-29
65304	張三065304	user065304@example.test	0900065304	城市A	2024-11-30
65305	李四065305	user065305@example.test	0900065305	城市B	2024-12-01
65306	王五065306	user065306@example.test	0900065306	城市C	2024-12-02
65307	趙六065307	user065307@example.test	0900065307	城市D	2024-12-03
65308	錢七065308	user065308@example.test	0900065308	城市E	2024-12-04
65309	孫八065309	user065309@example.test	0900065309	城市F	2024-12-05
65310	周九065310	user065310@example.test	0900065310	城市G	2024-12-06
65401	李四065401	user065401@example.test	0900065401	城市B	2025-03-07
65402	王五065402	user065402@example.test	0900065402	城市C	2025-03-08
65403	趙六065403	user065403@example.test	0900065403	城市D	2025-03-09
65404	錢七065404	user065404@example.test	0900065404	城市E	2025-03-10
65405	孫八065405	user065405@example.test	0900065405	城市F	2025-03-11
65406	周九065406	user065406@example.test	0900065406	城市G	2025-03-12
65407	吳十065407	user065407@example.test	0900065407	城市H	2025-03-13
65408	張三065408	user065408@example.test	0900065408	城市A	2025-03-14
65409	李四065409	user065409@example.test	0900065409	城市B	2025-03-15
65410	王五065410	user065410@example.test	0900065410	城市C	2025-03-16
65501	孫八065501	user065501@example.test	0900065501	城市F	2025-06-15
65502	周九065502	user065502@example.test	0900065502	城市G	2025-06-16
65503	吳十065503	user065503@example.test	0900065503	城市H	2025-06-17
65504	張三065504	user065504@example.test	0900065504	城市A	2025-06-18
65505	李四065505	user065505@example.test	0900065505	城市B	2025-06-19
65506	王五065506	user065506@example.test	0900065506	城市C	2025-06-20
65507	趙六065507	user065507@example.test	0900065507	城市D	2025-06-21
65508	錢七065508	user065508@example.test	0900065508	城市E	2025-06-22
65509	孫八065509	user065509@example.test	0900065509	城市F	2025-06-23
65510	周九065510	user065510@example.test	0900065510	城市G	2025-06-24
65601	李四065601	user065601@example.test	0900065601	城市B	2025-09-23
65602	王五065602	user065602@example.test	0900065602	城市C	2025-09-24
65603	趙六065603	user065603@example.test	0900065603	城市D	2025-09-25
65604	錢七065604	user065604@example.test	0900065604	城市E	2025-09-26
65605	孫八065605	user065605@example.test	0900065605	城市F	2025-09-27
65606	周九065606	user065606@example.test	0900065606	城市G	2025-09-28
65607	吳十065607	user065607@example.test	0900065607	城市H	2025-09-29
65608	張三065608	user065608@example.test	0900065608	城市A	2025-09-30
65609	李四065609	user065609@example.test	0900065609	城市B	2025-10-01
65610	王五065610	user065610@example.test	0900065610	城市C	2025-10-02
65701	孫八065701	user065701@example.test	0900065701	城市F	2023-01-02
65702	周九065702	user065702@example.test	0900065702	城市G	2023-01-03
65703	吳十065703	user065703@example.test	0900065703	城市H	2023-01-04
65704	張三065704	user065704@example.test	0900065704	城市A	2023-01-05
65705	李四065705	user065705@example.test	0900065705	城市B	2023-01-06
65706	王五065706	user065706@example.test	0900065706	城市C	2023-01-07
65707	趙六065707	user065707@example.test	0900065707	城市D	2023-01-08
65708	錢七065708	user065708@example.test	0900065708	城市E	2023-01-09
65709	孫八065709	user065709@example.test	0900065709	城市F	2023-01-10
65710	周九065710	user065710@example.test	0900065710	城市G	2023-01-11
65801	李四065801	user065801@example.test	0900065801	城市B	2023-04-12
65802	王五065802	user065802@example.test	0900065802	城市C	2023-04-13
65803	趙六065803	user065803@example.test	0900065803	城市D	2023-04-14
65804	錢七065804	user065804@example.test	0900065804	城市E	2023-04-15
65805	孫八065805	user065805@example.test	0900065805	城市F	2023-04-16
65806	周九065806	user065806@example.test	0900065806	城市G	2023-04-17
65807	吳十065807	user065807@example.test	0900065807	城市H	2023-04-18
65808	張三065808	user065808@example.test	0900065808	城市A	2023-04-19
65809	李四065809	user065809@example.test	0900065809	城市B	2023-04-20
65810	王五065810	user065810@example.test	0900065810	城市C	2023-04-21
65901	孫八065901	user065901@example.test	0900065901	城市F	2023-07-21
65902	周九065902	user065902@example.test	0900065902	城市G	2023-07-22
65903	吳十065903	user065903@example.test	0900065903	城市H	2023-07-23
65904	張三065904	user065904@example.test	0900065904	城市A	2023-07-24
65905	李四065905	user065905@example.test	0900065905	城市B	2023-07-25
65906	王五065906	user065906@example.test	0900065906	城市C	2023-07-26
65907	趙六065907	user065907@example.test	0900065907	城市D	2023-07-27
65908	錢七065908	user065908@example.test	0900065908	城市E	2023-07-28
65909	孫八065909	user065909@example.test	0900065909	城市F	2023-07-29
65910	周九065910	user065910@example.test	0900065910	城市G	2023-07-30
66001	李四066001	user066001@example.test	0900066001	城市B	2023-10-29
66002	王五066002	user066002@example.test	0900066002	城市C	2023-10-30
66003	趙六066003	user066003@example.test	0900066003	城市D	2023-10-31
66004	錢七066004	user066004@example.test	0900066004	城市E	2023-11-01
66005	孫八066005	user066005@example.test	0900066005	城市F	2023-11-02
66006	周九066006	user066006@example.test	0900066006	城市G	2023-11-03
66007	吳十066007	user066007@example.test	0900066007	城市H	2023-11-04
66008	張三066008	user066008@example.test	0900066008	城市A	2023-11-05
66009	李四066009	user066009@example.test	0900066009	城市B	2023-11-06
66010	王五066010	user066010@example.test	0900066010	城市C	2023-11-07
66101	孫八066101	user066101@example.test	0900066101	城市F	2024-02-06
66102	周九066102	user066102@example.test	0900066102	城市G	2024-02-07
66103	吳十066103	user066103@example.test	0900066103	城市H	2024-02-08
66104	張三066104	user066104@example.test	0900066104	城市A	2024-02-09
66105	李四066105	user066105@example.test	0900066105	城市B	2024-02-10
66106	王五066106	user066106@example.test	0900066106	城市C	2024-02-11
66107	趙六066107	user066107@example.test	0900066107	城市D	2024-02-12
66108	錢七066108	user066108@example.test	0900066108	城市E	2024-02-13
66109	孫八066109	user066109@example.test	0900066109	城市F	2024-02-14
66110	周九066110	user066110@example.test	0900066110	城市G	2024-02-15
66201	李四066201	user066201@example.test	0900066201	城市B	2024-05-16
66202	王五066202	user066202@example.test	0900066202	城市C	2024-05-17
66203	趙六066203	user066203@example.test	0900066203	城市D	2024-05-18
66204	錢七066204	user066204@example.test	0900066204	城市E	2024-05-19
66205	孫八066205	user066205@example.test	0900066205	城市F	2024-05-20
66206	周九066206	user066206@example.test	0900066206	城市G	2024-05-21
66207	吳十066207	user066207@example.test	0900066207	城市H	2024-05-22
66208	張三066208	user066208@example.test	0900066208	城市A	2024-05-23
66209	李四066209	user066209@example.test	0900066209	城市B	2024-05-24
66210	王五066210	user066210@example.test	0900066210	城市C	2024-05-25
66301	孫八066301	user066301@example.test	0900066301	城市F	2024-08-24
66302	周九066302	user066302@example.test	0900066302	城市G	2024-08-25
66303	吳十066303	user066303@example.test	0900066303	城市H	2024-08-26
66304	張三066304	user066304@example.test	0900066304	城市A	2024-08-27
66305	李四066305	user066305@example.test	0900066305	城市B	2024-08-28
66306	王五066306	user066306@example.test	0900066306	城市C	2024-08-29
66307	趙六066307	user066307@example.test	0900066307	城市D	2024-08-30
66308	錢七066308	user066308@example.test	0900066308	城市E	2024-08-31
66309	孫八066309	user066309@example.test	0900066309	城市F	2024-09-01
66310	周九066310	user066310@example.test	0900066310	城市G	2024-09-02
66401	李四066401	user066401@example.test	0900066401	城市B	2024-12-02
66402	王五066402	user066402@example.test	0900066402	城市C	2024-12-03
66403	趙六066403	user066403@example.test	0900066403	城市D	2024-12-04
66404	錢七066404	user066404@example.test	0900066404	城市E	2024-12-05
66405	孫八066405	user066405@example.test	0900066405	城市F	2024-12-06
66406	周九066406	user066406@example.test	0900066406	城市G	2024-12-07
66407	吳十066407	user066407@example.test	0900066407	城市H	2024-12-08
66408	張三066408	user066408@example.test	0900066408	城市A	2024-12-09
66409	李四066409	user066409@example.test	0900066409	城市B	2024-12-10
66410	王五066410	user066410@example.test	0900066410	城市C	2024-12-11
66501	孫八066501	user066501@example.test	0900066501	城市F	2025-03-12
66502	周九066502	user066502@example.test	0900066502	城市G	2025-03-13
66503	吳十066503	user066503@example.test	0900066503	城市H	2025-03-14
66504	張三066504	user066504@example.test	0900066504	城市A	2025-03-15
66505	李四066505	user066505@example.test	0900066505	城市B	2025-03-16
66506	王五066506	user066506@example.test	0900066506	城市C	2025-03-17
66507	趙六066507	user066507@example.test	0900066507	城市D	2025-03-18
66508	錢七066508	user066508@example.test	0900066508	城市E	2025-03-19
66509	孫八066509	user066509@example.test	0900066509	城市F	2025-03-20
66510	周九066510	user066510@example.test	0900066510	城市G	2025-03-21
66601	李四066601	user066601@example.test	0900066601	城市B	2025-06-20
66602	王五066602	user066602@example.test	0900066602	城市C	2025-06-21
66603	趙六066603	user066603@example.test	0900066603	城市D	2025-06-22
66604	錢七066604	user066604@example.test	0900066604	城市E	2025-06-23
66605	孫八066605	user066605@example.test	0900066605	城市F	2025-06-24
66606	周九066606	user066606@example.test	0900066606	城市G	2025-06-25
66607	吳十066607	user066607@example.test	0900066607	城市H	2025-06-26
66608	張三066608	user066608@example.test	0900066608	城市A	2025-06-27
66609	李四066609	user066609@example.test	0900066609	城市B	2025-06-28
66610	王五066610	user066610@example.test	0900066610	城市C	2025-06-29
66701	孫八066701	user066701@example.test	0900066701	城市F	2025-09-28
66702	周九066702	user066702@example.test	0900066702	城市G	2025-09-29
66703	吳十066703	user066703@example.test	0900066703	城市H	2025-09-30
66704	張三066704	user066704@example.test	0900066704	城市A	2025-10-01
66705	李四066705	user066705@example.test	0900066705	城市B	2025-10-02
66706	王五066706	user066706@example.test	0900066706	城市C	2025-10-03
66707	趙六066707	user066707@example.test	0900066707	城市D	2025-10-04
66708	錢七066708	user066708@example.test	0900066708	城市E	2025-10-05
66709	孫八066709	user066709@example.test	0900066709	城市F	2025-10-06
66710	周九066710	user066710@example.test	0900066710	城市G	2025-10-07
66801	李四066801	user066801@example.test	0900066801	城市B	2023-01-07
66802	王五066802	user066802@example.test	0900066802	城市C	2023-01-08
66803	趙六066803	user066803@example.test	0900066803	城市D	2023-01-09
66804	錢七066804	user066804@example.test	0900066804	城市E	2023-01-10
66805	孫八066805	user066805@example.test	0900066805	城市F	2023-01-11
66806	周九066806	user066806@example.test	0900066806	城市G	2023-01-12
66807	吳十066807	user066807@example.test	0900066807	城市H	2023-01-13
66808	張三066808	user066808@example.test	0900066808	城市A	2023-01-14
66809	李四066809	user066809@example.test	0900066809	城市B	2023-01-15
66810	王五066810	user066810@example.test	0900066810	城市C	2023-01-16
66901	孫八066901	user066901@example.test	0900066901	城市F	2023-04-17
66902	周九066902	user066902@example.test	0900066902	城市G	2023-04-18
66903	吳十066903	user066903@example.test	0900066903	城市H	2023-04-19
66904	張三066904	user066904@example.test	0900066904	城市A	2023-04-20
66905	李四066905	user066905@example.test	0900066905	城市B	2023-04-21
66906	王五066906	user066906@example.test	0900066906	城市C	2023-04-22
66907	趙六066907	user066907@example.test	0900066907	城市D	2023-04-23
66908	錢七066908	user066908@example.test	0900066908	城市E	2023-04-24
66909	孫八066909	user066909@example.test	0900066909	城市F	2023-04-25
66910	周九066910	user066910@example.test	0900066910	城市G	2023-04-26
67001	李四067001	user067001@example.test	0900067001	城市B	2023-07-26
67002	王五067002	user067002@example.test	0900067002	城市C	2023-07-27
67003	趙六067003	user067003@example.test	0900067003	城市D	2023-07-28
67004	錢七067004	user067004@example.test	0900067004	城市E	2023-07-29
67005	孫八067005	user067005@example.test	0900067005	城市F	2023-07-30
67006	周九067006	user067006@example.test	0900067006	城市G	2023-07-31
67007	吳十067007	user067007@example.test	0900067007	城市H	2023-08-01
67008	張三067008	user067008@example.test	0900067008	城市A	2023-08-02
67009	李四067009	user067009@example.test	0900067009	城市B	2023-08-03
67010	王五067010	user067010@example.test	0900067010	城市C	2023-08-04
67101	孫八067101	user067101@example.test	0900067101	城市F	2023-11-03
67102	周九067102	user067102@example.test	0900067102	城市G	2023-11-04
67103	吳十067103	user067103@example.test	0900067103	城市H	2023-11-05
67104	張三067104	user067104@example.test	0900067104	城市A	2023-11-06
67105	李四067105	user067105@example.test	0900067105	城市B	2023-11-07
67106	王五067106	user067106@example.test	0900067106	城市C	2023-11-08
67107	趙六067107	user067107@example.test	0900067107	城市D	2023-11-09
67108	錢七067108	user067108@example.test	0900067108	城市E	2023-11-10
67109	孫八067109	user067109@example.test	0900067109	城市F	2023-11-11
67110	周九067110	user067110@example.test	0900067110	城市G	2023-11-12
67201	李四067201	user067201@example.test	0900067201	城市B	2024-02-11
67202	王五067202	user067202@example.test	0900067202	城市C	2024-02-12
67203	趙六067203	user067203@example.test	0900067203	城市D	2024-02-13
67204	錢七067204	user067204@example.test	0900067204	城市E	2024-02-14
67205	孫八067205	user067205@example.test	0900067205	城市F	2024-02-15
67206	周九067206	user067206@example.test	0900067206	城市G	2024-02-16
67207	吳十067207	user067207@example.test	0900067207	城市H	2024-02-17
67208	張三067208	user067208@example.test	0900067208	城市A	2024-02-18
67209	李四067209	user067209@example.test	0900067209	城市B	2024-02-19
67210	王五067210	user067210@example.test	0900067210	城市C	2024-02-20
67301	孫八067301	user067301@example.test	0900067301	城市F	2024-05-21
67302	周九067302	user067302@example.test	0900067302	城市G	2024-05-22
67303	吳十067303	user067303@example.test	0900067303	城市H	2024-05-23
67304	張三067304	user067304@example.test	0900067304	城市A	2024-05-24
67305	李四067305	user067305@example.test	0900067305	城市B	2024-05-25
67306	王五067306	user067306@example.test	0900067306	城市C	2024-05-26
67307	趙六067307	user067307@example.test	0900067307	城市D	2024-05-27
67308	錢七067308	user067308@example.test	0900067308	城市E	2024-05-28
67309	孫八067309	user067309@example.test	0900067309	城市F	2024-05-29
67310	周九067310	user067310@example.test	0900067310	城市G	2024-05-30
67401	李四067401	user067401@example.test	0900067401	城市B	2024-08-29
67402	王五067402	user067402@example.test	0900067402	城市C	2024-08-30
67403	趙六067403	user067403@example.test	0900067403	城市D	2024-08-31
67404	錢七067404	user067404@example.test	0900067404	城市E	2024-09-01
67405	孫八067405	user067405@example.test	0900067405	城市F	2024-09-02
67406	周九067406	user067406@example.test	0900067406	城市G	2024-09-03
67407	吳十067407	user067407@example.test	0900067407	城市H	2024-09-04
67408	張三067408	user067408@example.test	0900067408	城市A	2024-09-05
67409	李四067409	user067409@example.test	0900067409	城市B	2024-09-06
67410	王五067410	user067410@example.test	0900067410	城市C	2024-09-07
67501	孫八067501	user067501@example.test	0900067501	城市F	2024-12-07
67502	周九067502	user067502@example.test	0900067502	城市G	2024-12-08
67503	吳十067503	user067503@example.test	0900067503	城市H	2024-12-09
67504	張三067504	user067504@example.test	0900067504	城市A	2024-12-10
67505	李四067505	user067505@example.test	0900067505	城市B	2024-12-11
67506	王五067506	user067506@example.test	0900067506	城市C	2024-12-12
67507	趙六067507	user067507@example.test	0900067507	城市D	2024-12-13
67508	錢七067508	user067508@example.test	0900067508	城市E	2024-12-14
67509	孫八067509	user067509@example.test	0900067509	城市F	2024-12-15
67510	周九067510	user067510@example.test	0900067510	城市G	2024-12-16
67601	李四067601	user067601@example.test	0900067601	城市B	2025-03-17
67602	王五067602	user067602@example.test	0900067602	城市C	2025-03-18
67603	趙六067603	user067603@example.test	0900067603	城市D	2025-03-19
67604	錢七067604	user067604@example.test	0900067604	城市E	2025-03-20
67605	孫八067605	user067605@example.test	0900067605	城市F	2025-03-21
67606	周九067606	user067606@example.test	0900067606	城市G	2025-03-22
67607	吳十067607	user067607@example.test	0900067607	城市H	2025-03-23
67608	張三067608	user067608@example.test	0900067608	城市A	2025-03-24
67609	李四067609	user067609@example.test	0900067609	城市B	2025-03-25
67610	王五067610	user067610@example.test	0900067610	城市C	2025-03-26
67701	孫八067701	user067701@example.test	0900067701	城市F	2025-06-25
67702	周九067702	user067702@example.test	0900067702	城市G	2025-06-26
67703	吳十067703	user067703@example.test	0900067703	城市H	2025-06-27
67704	張三067704	user067704@example.test	0900067704	城市A	2025-06-28
67705	李四067705	user067705@example.test	0900067705	城市B	2025-06-29
67706	王五067706	user067706@example.test	0900067706	城市C	2025-06-30
67707	趙六067707	user067707@example.test	0900067707	城市D	2025-07-01
67708	錢七067708	user067708@example.test	0900067708	城市E	2025-07-02
67709	孫八067709	user067709@example.test	0900067709	城市F	2025-07-03
67710	周九067710	user067710@example.test	0900067710	城市G	2025-07-04
67801	李四067801	user067801@example.test	0900067801	城市B	2025-10-03
67802	王五067802	user067802@example.test	0900067802	城市C	2025-10-04
67803	趙六067803	user067803@example.test	0900067803	城市D	2025-10-05
67804	錢七067804	user067804@example.test	0900067804	城市E	2025-10-06
67805	孫八067805	user067805@example.test	0900067805	城市F	2025-10-07
67806	周九067806	user067806@example.test	0900067806	城市G	2025-10-08
67807	吳十067807	user067807@example.test	0900067807	城市H	2025-10-09
67808	張三067808	user067808@example.test	0900067808	城市A	2025-10-10
67809	李四067809	user067809@example.test	0900067809	城市B	2025-10-11
67810	王五067810	user067810@example.test	0900067810	城市C	2025-10-12
67901	孫八067901	user067901@example.test	0900067901	城市F	2023-01-12
67902	周九067902	user067902@example.test	0900067902	城市G	2023-01-13
67903	吳十067903	user067903@example.test	0900067903	城市H	2023-01-14
67904	張三067904	user067904@example.test	0900067904	城市A	2023-01-15
67905	李四067905	user067905@example.test	0900067905	城市B	2023-01-16
67906	王五067906	user067906@example.test	0900067906	城市C	2023-01-17
67907	趙六067907	user067907@example.test	0900067907	城市D	2023-01-18
67908	錢七067908	user067908@example.test	0900067908	城市E	2023-01-19
67909	孫八067909	user067909@example.test	0900067909	城市F	2023-01-20
67910	周九067910	user067910@example.test	0900067910	城市G	2023-01-21
68001	李四068001	user068001@example.test	0900068001	城市B	2023-04-22
68002	王五068002	user068002@example.test	0900068002	城市C	2023-04-23
68003	趙六068003	user068003@example.test	0900068003	城市D	2023-04-24
68004	錢七068004	user068004@example.test	0900068004	城市E	2023-04-25
68005	孫八068005	user068005@example.test	0900068005	城市F	2023-04-26
68006	周九068006	user068006@example.test	0900068006	城市G	2023-04-27
68007	吳十068007	user068007@example.test	0900068007	城市H	2023-04-28
68008	張三068008	user068008@example.test	0900068008	城市A	2023-04-29
68009	李四068009	user068009@example.test	0900068009	城市B	2023-04-30
68010	王五068010	user068010@example.test	0900068010	城市C	2023-05-01
68101	孫八068101	user068101@example.test	0900068101	城市F	2023-07-31
68102	周九068102	user068102@example.test	0900068102	城市G	2023-08-01
68103	吳十068103	user068103@example.test	0900068103	城市H	2023-08-02
68104	張三068104	user068104@example.test	0900068104	城市A	2023-08-03
68105	李四068105	user068105@example.test	0900068105	城市B	2023-08-04
68106	王五068106	user068106@example.test	0900068106	城市C	2023-08-05
68107	趙六068107	user068107@example.test	0900068107	城市D	2023-08-06
68108	錢七068108	user068108@example.test	0900068108	城市E	2023-08-07
68109	孫八068109	user068109@example.test	0900068109	城市F	2023-08-08
68110	周九068110	user068110@example.test	0900068110	城市G	2023-08-09
68201	李四068201	user068201@example.test	0900068201	城市B	2023-11-08
68202	王五068202	user068202@example.test	0900068202	城市C	2023-11-09
68203	趙六068203	user068203@example.test	0900068203	城市D	2023-11-10
68204	錢七068204	user068204@example.test	0900068204	城市E	2023-11-11
68205	孫八068205	user068205@example.test	0900068205	城市F	2023-11-12
68206	周九068206	user068206@example.test	0900068206	城市G	2023-11-13
68207	吳十068207	user068207@example.test	0900068207	城市H	2023-11-14
68208	張三068208	user068208@example.test	0900068208	城市A	2023-11-15
68209	李四068209	user068209@example.test	0900068209	城市B	2023-11-16
68210	王五068210	user068210@example.test	0900068210	城市C	2023-11-17
68301	孫八068301	user068301@example.test	0900068301	城市F	2024-02-16
68302	周九068302	user068302@example.test	0900068302	城市G	2024-02-17
68303	吳十068303	user068303@example.test	0900068303	城市H	2024-02-18
68304	張三068304	user068304@example.test	0900068304	城市A	2024-02-19
68305	李四068305	user068305@example.test	0900068305	城市B	2024-02-20
68306	王五068306	user068306@example.test	0900068306	城市C	2024-02-21
68307	趙六068307	user068307@example.test	0900068307	城市D	2024-02-22
68308	錢七068308	user068308@example.test	0900068308	城市E	2024-02-23
68309	孫八068309	user068309@example.test	0900068309	城市F	2024-02-24
68310	周九068310	user068310@example.test	0900068310	城市G	2024-02-25
68401	李四068401	user068401@example.test	0900068401	城市B	2024-05-26
68402	王五068402	user068402@example.test	0900068402	城市C	2024-05-27
68403	趙六068403	user068403@example.test	0900068403	城市D	2024-05-28
68404	錢七068404	user068404@example.test	0900068404	城市E	2024-05-29
68405	孫八068405	user068405@example.test	0900068405	城市F	2024-05-30
68406	周九068406	user068406@example.test	0900068406	城市G	2024-05-31
68407	吳十068407	user068407@example.test	0900068407	城市H	2024-06-01
68408	張三068408	user068408@example.test	0900068408	城市A	2024-06-02
68409	李四068409	user068409@example.test	0900068409	城市B	2024-06-03
68410	王五068410	user068410@example.test	0900068410	城市C	2024-06-04
68501	孫八068501	user068501@example.test	0900068501	城市F	2024-09-03
68502	周九068502	user068502@example.test	0900068502	城市G	2024-09-04
68503	吳十068503	user068503@example.test	0900068503	城市H	2024-09-05
68504	張三068504	user068504@example.test	0900068504	城市A	2024-09-06
68505	李四068505	user068505@example.test	0900068505	城市B	2024-09-07
68506	王五068506	user068506@example.test	0900068506	城市C	2024-09-08
68507	趙六068507	user068507@example.test	0900068507	城市D	2024-09-09
68508	錢七068508	user068508@example.test	0900068508	城市E	2024-09-10
68509	孫八068509	user068509@example.test	0900068509	城市F	2024-09-11
68510	周九068510	user068510@example.test	0900068510	城市G	2024-09-12
68601	李四068601	user068601@example.test	0900068601	城市B	2024-12-12
68602	王五068602	user068602@example.test	0900068602	城市C	2024-12-13
68603	趙六068603	user068603@example.test	0900068603	城市D	2024-12-14
68604	錢七068604	user068604@example.test	0900068604	城市E	2024-12-15
68605	孫八068605	user068605@example.test	0900068605	城市F	2024-12-16
68606	周九068606	user068606@example.test	0900068606	城市G	2024-12-17
68607	吳十068607	user068607@example.test	0900068607	城市H	2024-12-18
68608	張三068608	user068608@example.test	0900068608	城市A	2024-12-19
68609	李四068609	user068609@example.test	0900068609	城市B	2024-12-20
68610	王五068610	user068610@example.test	0900068610	城市C	2024-12-21
68701	孫八068701	user068701@example.test	0900068701	城市F	2025-03-22
68702	周九068702	user068702@example.test	0900068702	城市G	2025-03-23
68703	吳十068703	user068703@example.test	0900068703	城市H	2025-03-24
68704	張三068704	user068704@example.test	0900068704	城市A	2025-03-25
68705	李四068705	user068705@example.test	0900068705	城市B	2025-03-26
68706	王五068706	user068706@example.test	0900068706	城市C	2025-03-27
68707	趙六068707	user068707@example.test	0900068707	城市D	2025-03-28
68708	錢七068708	user068708@example.test	0900068708	城市E	2025-03-29
68709	孫八068709	user068709@example.test	0900068709	城市F	2025-03-30
68710	周九068710	user068710@example.test	0900068710	城市G	2025-03-31
68801	李四068801	user068801@example.test	0900068801	城市B	2025-06-30
68802	王五068802	user068802@example.test	0900068802	城市C	2025-07-01
68803	趙六068803	user068803@example.test	0900068803	城市D	2025-07-02
68804	錢七068804	user068804@example.test	0900068804	城市E	2025-07-03
68805	孫八068805	user068805@example.test	0900068805	城市F	2025-07-04
68806	周九068806	user068806@example.test	0900068806	城市G	2025-07-05
68807	吳十068807	user068807@example.test	0900068807	城市H	2025-07-06
68808	張三068808	user068808@example.test	0900068808	城市A	2025-07-07
68809	李四068809	user068809@example.test	0900068809	城市B	2025-07-08
68810	王五068810	user068810@example.test	0900068810	城市C	2025-07-09
68901	孫八068901	user068901@example.test	0900068901	城市F	2025-10-08
68902	周九068902	user068902@example.test	0900068902	城市G	2025-10-09
68903	吳十068903	user068903@example.test	0900068903	城市H	2025-10-10
68904	張三068904	user068904@example.test	0900068904	城市A	2025-10-11
68905	李四068905	user068905@example.test	0900068905	城市B	2025-10-12
68906	王五068906	user068906@example.test	0900068906	城市C	2025-10-13
68907	趙六068907	user068907@example.test	0900068907	城市D	2025-10-14
68908	錢七068908	user068908@example.test	0900068908	城市E	2025-10-15
68909	孫八068909	user068909@example.test	0900068909	城市F	2025-10-16
68910	周九068910	user068910@example.test	0900068910	城市G	2025-10-17
69001	李四069001	user069001@example.test	0900069001	城市B	2023-01-17
69002	王五069002	user069002@example.test	0900069002	城市C	2023-01-18
69003	趙六069003	user069003@example.test	0900069003	城市D	2023-01-19
69004	錢七069004	user069004@example.test	0900069004	城市E	2023-01-20
69005	孫八069005	user069005@example.test	0900069005	城市F	2023-01-21
69006	周九069006	user069006@example.test	0900069006	城市G	2023-01-22
69007	吳十069007	user069007@example.test	0900069007	城市H	2023-01-23
69008	張三069008	user069008@example.test	0900069008	城市A	2023-01-24
69009	李四069009	user069009@example.test	0900069009	城市B	2023-01-25
69010	王五069010	user069010@example.test	0900069010	城市C	2023-01-26
69101	孫八069101	user069101@example.test	0900069101	城市F	2023-04-27
69102	周九069102	user069102@example.test	0900069102	城市G	2023-04-28
69103	吳十069103	user069103@example.test	0900069103	城市H	2023-04-29
69104	張三069104	user069104@example.test	0900069104	城市A	2023-04-30
69105	李四069105	user069105@example.test	0900069105	城市B	2023-05-01
69106	王五069106	user069106@example.test	0900069106	城市C	2023-05-02
69107	趙六069107	user069107@example.test	0900069107	城市D	2023-05-03
69108	錢七069108	user069108@example.test	0900069108	城市E	2023-05-04
69109	孫八069109	user069109@example.test	0900069109	城市F	2023-05-05
69110	周九069110	user069110@example.test	0900069110	城市G	2023-05-06
69201	李四069201	user069201@example.test	0900069201	城市B	2023-08-05
69202	王五069202	user069202@example.test	0900069202	城市C	2023-08-06
69203	趙六069203	user069203@example.test	0900069203	城市D	2023-08-07
69204	錢七069204	user069204@example.test	0900069204	城市E	2023-08-08
69205	孫八069205	user069205@example.test	0900069205	城市F	2023-08-09
69206	周九069206	user069206@example.test	0900069206	城市G	2023-08-10
69207	吳十069207	user069207@example.test	0900069207	城市H	2023-08-11
69208	張三069208	user069208@example.test	0900069208	城市A	2023-08-12
69209	李四069209	user069209@example.test	0900069209	城市B	2023-08-13
69210	王五069210	user069210@example.test	0900069210	城市C	2023-08-14
69301	孫八069301	user069301@example.test	0900069301	城市F	2023-11-13
69302	周九069302	user069302@example.test	0900069302	城市G	2023-11-14
69303	吳十069303	user069303@example.test	0900069303	城市H	2023-11-15
69304	張三069304	user069304@example.test	0900069304	城市A	2023-11-16
69305	李四069305	user069305@example.test	0900069305	城市B	2023-11-17
69306	王五069306	user069306@example.test	0900069306	城市C	2023-11-18
69307	趙六069307	user069307@example.test	0900069307	城市D	2023-11-19
69308	錢七069308	user069308@example.test	0900069308	城市E	2023-11-20
69309	孫八069309	user069309@example.test	0900069309	城市F	2023-11-21
69310	周九069310	user069310@example.test	0900069310	城市G	2023-11-22
69401	李四069401	user069401@example.test	0900069401	城市B	2024-02-21
69402	王五069402	user069402@example.test	0900069402	城市C	2024-02-22
69403	趙六069403	user069403@example.test	0900069403	城市D	2024-02-23
69404	錢七069404	user069404@example.test	0900069404	城市E	2024-02-24
69405	孫八069405	user069405@example.test	0900069405	城市F	2024-02-25
69406	周九069406	user069406@example.test	0900069406	城市G	2024-02-26
69407	吳十069407	user069407@example.test	0900069407	城市H	2024-02-27
69408	張三069408	user069408@example.test	0900069408	城市A	2024-02-28
69409	李四069409	user069409@example.test	0900069409	城市B	2024-02-29
69410	王五069410	user069410@example.test	0900069410	城市C	2024-03-01
69501	孫八069501	user069501@example.test	0900069501	城市F	2024-05-31
69502	周九069502	user069502@example.test	0900069502	城市G	2024-06-01
69503	吳十069503	user069503@example.test	0900069503	城市H	2024-06-02
69504	張三069504	user069504@example.test	0900069504	城市A	2024-06-03
69505	李四069505	user069505@example.test	0900069505	城市B	2024-06-04
69506	王五069506	user069506@example.test	0900069506	城市C	2024-06-05
69507	趙六069507	user069507@example.test	0900069507	城市D	2024-06-06
69508	錢七069508	user069508@example.test	0900069508	城市E	2024-06-07
69509	孫八069509	user069509@example.test	0900069509	城市F	2024-06-08
69510	周九069510	user069510@example.test	0900069510	城市G	2024-06-09
69601	李四069601	user069601@example.test	0900069601	城市B	2024-09-08
69602	王五069602	user069602@example.test	0900069602	城市C	2024-09-09
69603	趙六069603	user069603@example.test	0900069603	城市D	2024-09-10
69604	錢七069604	user069604@example.test	0900069604	城市E	2024-09-11
69605	孫八069605	user069605@example.test	0900069605	城市F	2024-09-12
69606	周九069606	user069606@example.test	0900069606	城市G	2024-09-13
69607	吳十069607	user069607@example.test	0900069607	城市H	2024-09-14
69608	張三069608	user069608@example.test	0900069608	城市A	2024-09-15
69609	李四069609	user069609@example.test	0900069609	城市B	2024-09-16
69610	王五069610	user069610@example.test	0900069610	城市C	2024-09-17
69701	孫八069701	user069701@example.test	0900069701	城市F	2024-12-17
69702	周九069702	user069702@example.test	0900069702	城市G	2024-12-18
69703	吳十069703	user069703@example.test	0900069703	城市H	2024-12-19
69704	張三069704	user069704@example.test	0900069704	城市A	2024-12-20
69705	李四069705	user069705@example.test	0900069705	城市B	2024-12-21
69706	王五069706	user069706@example.test	0900069706	城市C	2024-12-22
69707	趙六069707	user069707@example.test	0900069707	城市D	2024-12-23
69708	錢七069708	user069708@example.test	0900069708	城市E	2024-12-24
69709	孫八069709	user069709@example.test	0900069709	城市F	2024-12-25
69710	周九069710	user069710@example.test	0900069710	城市G	2024-12-26
69801	李四069801	user069801@example.test	0900069801	城市B	2025-03-27
69802	王五069802	user069802@example.test	0900069802	城市C	2025-03-28
69803	趙六069803	user069803@example.test	0900069803	城市D	2025-03-29
69804	錢七069804	user069804@example.test	0900069804	城市E	2025-03-30
69805	孫八069805	user069805@example.test	0900069805	城市F	2025-03-31
69806	周九069806	user069806@example.test	0900069806	城市G	2025-04-01
69807	吳十069807	user069807@example.test	0900069807	城市H	2025-04-02
69808	張三069808	user069808@example.test	0900069808	城市A	2025-04-03
69809	李四069809	user069809@example.test	0900069809	城市B	2025-04-04
69810	王五069810	user069810@example.test	0900069810	城市C	2025-04-05
69901	孫八069901	user069901@example.test	0900069901	城市F	2025-07-05
69902	周九069902	user069902@example.test	0900069902	城市G	2025-07-06
69903	吳十069903	user069903@example.test	0900069903	城市H	2025-07-07
69904	張三069904	user069904@example.test	0900069904	城市A	2025-07-08
69905	李四069905	user069905@example.test	0900069905	城市B	2025-07-09
69906	王五069906	user069906@example.test	0900069906	城市C	2025-07-10
69907	趙六069907	user069907@example.test	0900069907	城市D	2025-07-11
69908	錢七069908	user069908@example.test	0900069908	城市E	2025-07-12
69909	孫八069909	user069909@example.test	0900069909	城市F	2025-07-13
69910	周九069910	user069910@example.test	0900069910	城市G	2025-07-14
70001	李四070001	user070001@example.test	0900070001	城市B	2025-10-13
70002	王五070002	user070002@example.test	0900070002	城市C	2025-10-14
70003	趙六070003	user070003@example.test	0900070003	城市D	2025-10-15
70004	錢七070004	user070004@example.test	0900070004	城市E	2025-10-16
70005	孫八070005	user070005@example.test	0900070005	城市F	2025-10-17
70006	周九070006	user070006@example.test	0900070006	城市G	2025-10-18
70007	吳十070007	user070007@example.test	0900070007	城市H	2025-10-19
70008	張三070008	user070008@example.test	0900070008	城市A	2025-10-20
70009	李四070009	user070009@example.test	0900070009	城市B	2025-10-21
70010	王五070010	user070010@example.test	0900070010	城市C	2025-10-22
70101	孫八070101	user070101@example.test	0900070101	城市F	2023-01-22
70102	周九070102	user070102@example.test	0900070102	城市G	2023-01-23
70103	吳十070103	user070103@example.test	0900070103	城市H	2023-01-24
70104	張三070104	user070104@example.test	0900070104	城市A	2023-01-25
70105	李四070105	user070105@example.test	0900070105	城市B	2023-01-26
70106	王五070106	user070106@example.test	0900070106	城市C	2023-01-27
70107	趙六070107	user070107@example.test	0900070107	城市D	2023-01-28
70108	錢七070108	user070108@example.test	0900070108	城市E	2023-01-29
70109	孫八070109	user070109@example.test	0900070109	城市F	2023-01-30
70110	周九070110	user070110@example.test	0900070110	城市G	2023-01-31
70201	李四070201	user070201@example.test	0900070201	城市B	2023-05-02
70202	王五070202	user070202@example.test	0900070202	城市C	2023-05-03
70203	趙六070203	user070203@example.test	0900070203	城市D	2023-05-04
70204	錢七070204	user070204@example.test	0900070204	城市E	2023-05-05
70205	孫八070205	user070205@example.test	0900070205	城市F	2023-05-06
70206	周九070206	user070206@example.test	0900070206	城市G	2023-05-07
70207	吳十070207	user070207@example.test	0900070207	城市H	2023-05-08
70208	張三070208	user070208@example.test	0900070208	城市A	2023-05-09
70209	李四070209	user070209@example.test	0900070209	城市B	2023-05-10
70210	王五070210	user070210@example.test	0900070210	城市C	2023-05-11
70301	孫八070301	user070301@example.test	0900070301	城市F	2023-08-10
70302	周九070302	user070302@example.test	0900070302	城市G	2023-08-11
70303	吳十070303	user070303@example.test	0900070303	城市H	2023-08-12
70304	張三070304	user070304@example.test	0900070304	城市A	2023-08-13
70305	李四070305	user070305@example.test	0900070305	城市B	2023-08-14
70306	王五070306	user070306@example.test	0900070306	城市C	2023-08-15
70307	趙六070307	user070307@example.test	0900070307	城市D	2023-08-16
70308	錢七070308	user070308@example.test	0900070308	城市E	2023-08-17
70309	孫八070309	user070309@example.test	0900070309	城市F	2023-08-18
70310	周九070310	user070310@example.test	0900070310	城市G	2023-08-19
70401	李四070401	user070401@example.test	0900070401	城市B	2023-11-18
70402	王五070402	user070402@example.test	0900070402	城市C	2023-11-19
70403	趙六070403	user070403@example.test	0900070403	城市D	2023-11-20
70404	錢七070404	user070404@example.test	0900070404	城市E	2023-11-21
70405	孫八070405	user070405@example.test	0900070405	城市F	2023-11-22
70406	周九070406	user070406@example.test	0900070406	城市G	2023-11-23
70407	吳十070407	user070407@example.test	0900070407	城市H	2023-11-24
70408	張三070408	user070408@example.test	0900070408	城市A	2023-11-25
70409	李四070409	user070409@example.test	0900070409	城市B	2023-11-26
70410	王五070410	user070410@example.test	0900070410	城市C	2023-11-27
70501	孫八070501	user070501@example.test	0900070501	城市F	2024-02-26
70502	周九070502	user070502@example.test	0900070502	城市G	2024-02-27
70503	吳十070503	user070503@example.test	0900070503	城市H	2024-02-28
70504	張三070504	user070504@example.test	0900070504	城市A	2024-02-29
70505	李四070505	user070505@example.test	0900070505	城市B	2024-03-01
70506	王五070506	user070506@example.test	0900070506	城市C	2024-03-02
70507	趙六070507	user070507@example.test	0900070507	城市D	2024-03-03
70508	錢七070508	user070508@example.test	0900070508	城市E	2024-03-04
70509	孫八070509	user070509@example.test	0900070509	城市F	2024-03-05
70510	周九070510	user070510@example.test	0900070510	城市G	2024-03-06
70601	李四070601	user070601@example.test	0900070601	城市B	2024-06-05
70602	王五070602	user070602@example.test	0900070602	城市C	2024-06-06
70603	趙六070603	user070603@example.test	0900070603	城市D	2024-06-07
70604	錢七070604	user070604@example.test	0900070604	城市E	2024-06-08
70605	孫八070605	user070605@example.test	0900070605	城市F	2024-06-09
70606	周九070606	user070606@example.test	0900070606	城市G	2024-06-10
70607	吳十070607	user070607@example.test	0900070607	城市H	2024-06-11
70608	張三070608	user070608@example.test	0900070608	城市A	2024-06-12
70609	李四070609	user070609@example.test	0900070609	城市B	2024-06-13
70610	王五070610	user070610@example.test	0900070610	城市C	2024-06-14
70701	孫八070701	user070701@example.test	0900070701	城市F	2024-09-13
70702	周九070702	user070702@example.test	0900070702	城市G	2024-09-14
70703	吳十070703	user070703@example.test	0900070703	城市H	2024-09-15
70704	張三070704	user070704@example.test	0900070704	城市A	2024-09-16
70705	李四070705	user070705@example.test	0900070705	城市B	2024-09-17
70706	王五070706	user070706@example.test	0900070706	城市C	2024-09-18
70707	趙六070707	user070707@example.test	0900070707	城市D	2024-09-19
70708	錢七070708	user070708@example.test	0900070708	城市E	2024-09-20
70709	孫八070709	user070709@example.test	0900070709	城市F	2024-09-21
70710	周九070710	user070710@example.test	0900070710	城市G	2024-09-22
70801	李四070801	user070801@example.test	0900070801	城市B	2024-12-22
70802	王五070802	user070802@example.test	0900070802	城市C	2024-12-23
70803	趙六070803	user070803@example.test	0900070803	城市D	2024-12-24
70804	錢七070804	user070804@example.test	0900070804	城市E	2024-12-25
70805	孫八070805	user070805@example.test	0900070805	城市F	2024-12-26
70806	周九070806	user070806@example.test	0900070806	城市G	2024-12-27
70807	吳十070807	user070807@example.test	0900070807	城市H	2024-12-28
70808	張三070808	user070808@example.test	0900070808	城市A	2024-12-29
70809	李四070809	user070809@example.test	0900070809	城市B	2024-12-30
70810	王五070810	user070810@example.test	0900070810	城市C	2024-12-31
70901	孫八070901	user070901@example.test	0900070901	城市F	2025-04-01
70902	周九070902	user070902@example.test	0900070902	城市G	2025-04-02
70903	吳十070903	user070903@example.test	0900070903	城市H	2025-04-03
70904	張三070904	user070904@example.test	0900070904	城市A	2025-04-04
70905	李四070905	user070905@example.test	0900070905	城市B	2025-04-05
70906	王五070906	user070906@example.test	0900070906	城市C	2025-04-06
70907	趙六070907	user070907@example.test	0900070907	城市D	2025-04-07
70908	錢七070908	user070908@example.test	0900070908	城市E	2025-04-08
70909	孫八070909	user070909@example.test	0900070909	城市F	2025-04-09
70910	周九070910	user070910@example.test	0900070910	城市G	2025-04-10
71001	李四071001	user071001@example.test	0900071001	城市B	2025-07-10
71002	王五071002	user071002@example.test	0900071002	城市C	2025-07-11
71003	趙六071003	user071003@example.test	0900071003	城市D	2025-07-12
71004	錢七071004	user071004@example.test	0900071004	城市E	2025-07-13
71005	孫八071005	user071005@example.test	0900071005	城市F	2025-07-14
71006	周九071006	user071006@example.test	0900071006	城市G	2025-07-15
71007	吳十071007	user071007@example.test	0900071007	城市H	2025-07-16
71008	張三071008	user071008@example.test	0900071008	城市A	2025-07-17
71009	李四071009	user071009@example.test	0900071009	城市B	2025-07-18
71010	王五071010	user071010@example.test	0900071010	城市C	2025-07-19
71101	孫八071101	user071101@example.test	0900071101	城市F	2025-10-18
71102	周九071102	user071102@example.test	0900071102	城市G	2025-10-19
71103	吳十071103	user071103@example.test	0900071103	城市H	2025-10-20
71104	張三071104	user071104@example.test	0900071104	城市A	2025-10-21
71105	李四071105	user071105@example.test	0900071105	城市B	2025-10-22
71106	王五071106	user071106@example.test	0900071106	城市C	2025-10-23
71107	趙六071107	user071107@example.test	0900071107	城市D	2025-10-24
71108	錢七071108	user071108@example.test	0900071108	城市E	2025-10-25
71109	孫八071109	user071109@example.test	0900071109	城市F	2025-10-26
71110	周九071110	user071110@example.test	0900071110	城市G	2025-10-27
71201	李四071201	user071201@example.test	0900071201	城市B	2023-01-27
71202	王五071202	user071202@example.test	0900071202	城市C	2023-01-28
71203	趙六071203	user071203@example.test	0900071203	城市D	2023-01-29
71204	錢七071204	user071204@example.test	0900071204	城市E	2023-01-30
71205	孫八071205	user071205@example.test	0900071205	城市F	2023-01-31
71206	周九071206	user071206@example.test	0900071206	城市G	2023-02-01
71207	吳十071207	user071207@example.test	0900071207	城市H	2023-02-02
71208	張三071208	user071208@example.test	0900071208	城市A	2023-02-03
71209	李四071209	user071209@example.test	0900071209	城市B	2023-02-04
71210	王五071210	user071210@example.test	0900071210	城市C	2023-02-05
71301	孫八071301	user071301@example.test	0900071301	城市F	2023-05-07
71302	周九071302	user071302@example.test	0900071302	城市G	2023-05-08
71303	吳十071303	user071303@example.test	0900071303	城市H	2023-05-09
71304	張三071304	user071304@example.test	0900071304	城市A	2023-05-10
71305	李四071305	user071305@example.test	0900071305	城市B	2023-05-11
71306	王五071306	user071306@example.test	0900071306	城市C	2023-05-12
71307	趙六071307	user071307@example.test	0900071307	城市D	2023-05-13
71308	錢七071308	user071308@example.test	0900071308	城市E	2023-05-14
71309	孫八071309	user071309@example.test	0900071309	城市F	2023-05-15
71310	周九071310	user071310@example.test	0900071310	城市G	2023-05-16
71401	李四071401	user071401@example.test	0900071401	城市B	2023-08-15
71402	王五071402	user071402@example.test	0900071402	城市C	2023-08-16
71403	趙六071403	user071403@example.test	0900071403	城市D	2023-08-17
71404	錢七071404	user071404@example.test	0900071404	城市E	2023-08-18
71405	孫八071405	user071405@example.test	0900071405	城市F	2023-08-19
71406	周九071406	user071406@example.test	0900071406	城市G	2023-08-20
71407	吳十071407	user071407@example.test	0900071407	城市H	2023-08-21
71408	張三071408	user071408@example.test	0900071408	城市A	2023-08-22
71409	李四071409	user071409@example.test	0900071409	城市B	2023-08-23
71410	王五071410	user071410@example.test	0900071410	城市C	2023-08-24
71501	孫八071501	user071501@example.test	0900071501	城市F	2023-11-23
71502	周九071502	user071502@example.test	0900071502	城市G	2023-11-24
71503	吳十071503	user071503@example.test	0900071503	城市H	2023-11-25
71504	張三071504	user071504@example.test	0900071504	城市A	2023-11-26
71505	李四071505	user071505@example.test	0900071505	城市B	2023-11-27
71506	王五071506	user071506@example.test	0900071506	城市C	2023-11-28
71507	趙六071507	user071507@example.test	0900071507	城市D	2023-11-29
71508	錢七071508	user071508@example.test	0900071508	城市E	2023-11-30
71509	孫八071509	user071509@example.test	0900071509	城市F	2023-12-01
71510	周九071510	user071510@example.test	0900071510	城市G	2023-12-02
71601	李四071601	user071601@example.test	0900071601	城市B	2024-03-02
71602	王五071602	user071602@example.test	0900071602	城市C	2024-03-03
71603	趙六071603	user071603@example.test	0900071603	城市D	2024-03-04
71604	錢七071604	user071604@example.test	0900071604	城市E	2024-03-05
71605	孫八071605	user071605@example.test	0900071605	城市F	2024-03-06
71606	周九071606	user071606@example.test	0900071606	城市G	2024-03-07
71607	吳十071607	user071607@example.test	0900071607	城市H	2024-03-08
71608	張三071608	user071608@example.test	0900071608	城市A	2024-03-09
71609	李四071609	user071609@example.test	0900071609	城市B	2024-03-10
71610	王五071610	user071610@example.test	0900071610	城市C	2024-03-11
71701	孫八071701	user071701@example.test	0900071701	城市F	2024-06-10
71702	周九071702	user071702@example.test	0900071702	城市G	2024-06-11
71703	吳十071703	user071703@example.test	0900071703	城市H	2024-06-12
71704	張三071704	user071704@example.test	0900071704	城市A	2024-06-13
71705	李四071705	user071705@example.test	0900071705	城市B	2024-06-14
71706	王五071706	user071706@example.test	0900071706	城市C	2024-06-15
71707	趙六071707	user071707@example.test	0900071707	城市D	2024-06-16
71708	錢七071708	user071708@example.test	0900071708	城市E	2024-06-17
71709	孫八071709	user071709@example.test	0900071709	城市F	2024-06-18
71710	周九071710	user071710@example.test	0900071710	城市G	2024-06-19
71801	李四071801	user071801@example.test	0900071801	城市B	2024-09-18
71802	王五071802	user071802@example.test	0900071802	城市C	2024-09-19
71803	趙六071803	user071803@example.test	0900071803	城市D	2024-09-20
71804	錢七071804	user071804@example.test	0900071804	城市E	2024-09-21
71805	孫八071805	user071805@example.test	0900071805	城市F	2024-09-22
71806	周九071806	user071806@example.test	0900071806	城市G	2024-09-23
71807	吳十071807	user071807@example.test	0900071807	城市H	2024-09-24
71808	張三071808	user071808@example.test	0900071808	城市A	2024-09-25
71809	李四071809	user071809@example.test	0900071809	城市B	2024-09-26
71810	王五071810	user071810@example.test	0900071810	城市C	2024-09-27
71901	孫八071901	user071901@example.test	0900071901	城市F	2024-12-27
71902	周九071902	user071902@example.test	0900071902	城市G	2024-12-28
71903	吳十071903	user071903@example.test	0900071903	城市H	2024-12-29
71904	張三071904	user071904@example.test	0900071904	城市A	2024-12-30
71905	李四071905	user071905@example.test	0900071905	城市B	2024-12-31
71906	王五071906	user071906@example.test	0900071906	城市C	2025-01-01
71907	趙六071907	user071907@example.test	0900071907	城市D	2025-01-02
71908	錢七071908	user071908@example.test	0900071908	城市E	2025-01-03
71909	孫八071909	user071909@example.test	0900071909	城市F	2025-01-04
71910	周九071910	user071910@example.test	0900071910	城市G	2025-01-05
72001	李四072001	user072001@example.test	0900072001	城市B	2025-04-06
72002	王五072002	user072002@example.test	0900072002	城市C	2025-04-07
72003	趙六072003	user072003@example.test	0900072003	城市D	2025-04-08
72004	錢七072004	user072004@example.test	0900072004	城市E	2025-04-09
72005	孫八072005	user072005@example.test	0900072005	城市F	2025-04-10
72006	周九072006	user072006@example.test	0900072006	城市G	2025-04-11
72007	吳十072007	user072007@example.test	0900072007	城市H	2025-04-12
72008	張三072008	user072008@example.test	0900072008	城市A	2025-04-13
72009	李四072009	user072009@example.test	0900072009	城市B	2025-04-14
72010	王五072010	user072010@example.test	0900072010	城市C	2025-04-15
72101	孫八072101	user072101@example.test	0900072101	城市F	2025-07-15
72102	周九072102	user072102@example.test	0900072102	城市G	2025-07-16
72103	吳十072103	user072103@example.test	0900072103	城市H	2025-07-17
72104	張三072104	user072104@example.test	0900072104	城市A	2025-07-18
72105	李四072105	user072105@example.test	0900072105	城市B	2025-07-19
72106	王五072106	user072106@example.test	0900072106	城市C	2025-07-20
72107	趙六072107	user072107@example.test	0900072107	城市D	2025-07-21
72108	錢七072108	user072108@example.test	0900072108	城市E	2025-07-22
72109	孫八072109	user072109@example.test	0900072109	城市F	2025-07-23
72110	周九072110	user072110@example.test	0900072110	城市G	2025-07-24
72201	李四072201	user072201@example.test	0900072201	城市B	2025-10-23
72202	王五072202	user072202@example.test	0900072202	城市C	2025-10-24
72203	趙六072203	user072203@example.test	0900072203	城市D	2025-10-25
72204	錢七072204	user072204@example.test	0900072204	城市E	2025-10-26
72205	孫八072205	user072205@example.test	0900072205	城市F	2025-10-27
72206	周九072206	user072206@example.test	0900072206	城市G	2025-10-28
72207	吳十072207	user072207@example.test	0900072207	城市H	2025-10-29
72208	張三072208	user072208@example.test	0900072208	城市A	2025-10-30
72209	李四072209	user072209@example.test	0900072209	城市B	2025-10-31
72210	王五072210	user072210@example.test	0900072210	城市C	2025-11-01
72301	孫八072301	user072301@example.test	0900072301	城市F	2023-02-01
72302	周九072302	user072302@example.test	0900072302	城市G	2023-02-02
72303	吳十072303	user072303@example.test	0900072303	城市H	2023-02-03
72304	張三072304	user072304@example.test	0900072304	城市A	2023-02-04
72305	李四072305	user072305@example.test	0900072305	城市B	2023-02-05
72306	王五072306	user072306@example.test	0900072306	城市C	2023-02-06
72307	趙六072307	user072307@example.test	0900072307	城市D	2023-02-07
72308	錢七072308	user072308@example.test	0900072308	城市E	2023-02-08
72309	孫八072309	user072309@example.test	0900072309	城市F	2023-02-09
72310	周九072310	user072310@example.test	0900072310	城市G	2023-02-10
72401	李四072401	user072401@example.test	0900072401	城市B	2023-05-12
72402	王五072402	user072402@example.test	0900072402	城市C	2023-05-13
72403	趙六072403	user072403@example.test	0900072403	城市D	2023-05-14
72404	錢七072404	user072404@example.test	0900072404	城市E	2023-05-15
72405	孫八072405	user072405@example.test	0900072405	城市F	2023-05-16
72406	周九072406	user072406@example.test	0900072406	城市G	2023-05-17
72407	吳十072407	user072407@example.test	0900072407	城市H	2023-05-18
72408	張三072408	user072408@example.test	0900072408	城市A	2023-05-19
72409	李四072409	user072409@example.test	0900072409	城市B	2023-05-20
72410	王五072410	user072410@example.test	0900072410	城市C	2023-05-21
72501	孫八072501	user072501@example.test	0900072501	城市F	2023-08-20
72502	周九072502	user072502@example.test	0900072502	城市G	2023-08-21
72503	吳十072503	user072503@example.test	0900072503	城市H	2023-08-22
72504	張三072504	user072504@example.test	0900072504	城市A	2023-08-23
72505	李四072505	user072505@example.test	0900072505	城市B	2023-08-24
72506	王五072506	user072506@example.test	0900072506	城市C	2023-08-25
72507	趙六072507	user072507@example.test	0900072507	城市D	2023-08-26
72508	錢七072508	user072508@example.test	0900072508	城市E	2023-08-27
72509	孫八072509	user072509@example.test	0900072509	城市F	2023-08-28
72510	周九072510	user072510@example.test	0900072510	城市G	2023-08-29
72601	李四072601	user072601@example.test	0900072601	城市B	2023-11-28
72602	王五072602	user072602@example.test	0900072602	城市C	2023-11-29
72603	趙六072603	user072603@example.test	0900072603	城市D	2023-11-30
72604	錢七072604	user072604@example.test	0900072604	城市E	2023-12-01
72605	孫八072605	user072605@example.test	0900072605	城市F	2023-12-02
72606	周九072606	user072606@example.test	0900072606	城市G	2023-12-03
72607	吳十072607	user072607@example.test	0900072607	城市H	2023-12-04
72608	張三072608	user072608@example.test	0900072608	城市A	2023-12-05
72609	李四072609	user072609@example.test	0900072609	城市B	2023-12-06
72610	王五072610	user072610@example.test	0900072610	城市C	2023-12-07
72701	孫八072701	user072701@example.test	0900072701	城市F	2024-03-07
72702	周九072702	user072702@example.test	0900072702	城市G	2024-03-08
72703	吳十072703	user072703@example.test	0900072703	城市H	2024-03-09
72704	張三072704	user072704@example.test	0900072704	城市A	2024-03-10
72705	李四072705	user072705@example.test	0900072705	城市B	2024-03-11
72706	王五072706	user072706@example.test	0900072706	城市C	2024-03-12
72707	趙六072707	user072707@example.test	0900072707	城市D	2024-03-13
72708	錢七072708	user072708@example.test	0900072708	城市E	2024-03-14
72709	孫八072709	user072709@example.test	0900072709	城市F	2024-03-15
72710	周九072710	user072710@example.test	0900072710	城市G	2024-03-16
72801	李四072801	user072801@example.test	0900072801	城市B	2024-06-15
72802	王五072802	user072802@example.test	0900072802	城市C	2024-06-16
72803	趙六072803	user072803@example.test	0900072803	城市D	2024-06-17
72804	錢七072804	user072804@example.test	0900072804	城市E	2024-06-18
72805	孫八072805	user072805@example.test	0900072805	城市F	2024-06-19
72806	周九072806	user072806@example.test	0900072806	城市G	2024-06-20
72807	吳十072807	user072807@example.test	0900072807	城市H	2024-06-21
72808	張三072808	user072808@example.test	0900072808	城市A	2024-06-22
72809	李四072809	user072809@example.test	0900072809	城市B	2024-06-23
72810	王五072810	user072810@example.test	0900072810	城市C	2024-06-24
72901	孫八072901	user072901@example.test	0900072901	城市F	2024-09-23
72902	周九072902	user072902@example.test	0900072902	城市G	2024-09-24
72903	吳十072903	user072903@example.test	0900072903	城市H	2024-09-25
72904	張三072904	user072904@example.test	0900072904	城市A	2024-09-26
72905	李四072905	user072905@example.test	0900072905	城市B	2024-09-27
72906	王五072906	user072906@example.test	0900072906	城市C	2024-09-28
72907	趙六072907	user072907@example.test	0900072907	城市D	2024-09-29
72908	錢七072908	user072908@example.test	0900072908	城市E	2024-09-30
72909	孫八072909	user072909@example.test	0900072909	城市F	2024-10-01
72910	周九072910	user072910@example.test	0900072910	城市G	2024-10-02
73001	李四073001	user073001@example.test	0900073001	城市B	2025-01-01
73002	王五073002	user073002@example.test	0900073002	城市C	2025-01-02
73003	趙六073003	user073003@example.test	0900073003	城市D	2025-01-03
73004	錢七073004	user073004@example.test	0900073004	城市E	2025-01-04
73005	孫八073005	user073005@example.test	0900073005	城市F	2025-01-05
73006	周九073006	user073006@example.test	0900073006	城市G	2025-01-06
73007	吳十073007	user073007@example.test	0900073007	城市H	2025-01-07
73008	張三073008	user073008@example.test	0900073008	城市A	2025-01-08
73009	李四073009	user073009@example.test	0900073009	城市B	2025-01-09
73010	王五073010	user073010@example.test	0900073010	城市C	2025-01-10
73101	孫八073101	user073101@example.test	0900073101	城市F	2025-04-11
73102	周九073102	user073102@example.test	0900073102	城市G	2025-04-12
73103	吳十073103	user073103@example.test	0900073103	城市H	2025-04-13
73104	張三073104	user073104@example.test	0900073104	城市A	2025-04-14
73105	李四073105	user073105@example.test	0900073105	城市B	2025-04-15
73106	王五073106	user073106@example.test	0900073106	城市C	2025-04-16
73107	趙六073107	user073107@example.test	0900073107	城市D	2025-04-17
73108	錢七073108	user073108@example.test	0900073108	城市E	2025-04-18
73109	孫八073109	user073109@example.test	0900073109	城市F	2025-04-19
73110	周九073110	user073110@example.test	0900073110	城市G	2025-04-20
73201	李四073201	user073201@example.test	0900073201	城市B	2025-07-20
73202	王五073202	user073202@example.test	0900073202	城市C	2025-07-21
73203	趙六073203	user073203@example.test	0900073203	城市D	2025-07-22
73204	錢七073204	user073204@example.test	0900073204	城市E	2025-07-23
73205	孫八073205	user073205@example.test	0900073205	城市F	2025-07-24
73206	周九073206	user073206@example.test	0900073206	城市G	2025-07-25
73207	吳十073207	user073207@example.test	0900073207	城市H	2025-07-26
73208	張三073208	user073208@example.test	0900073208	城市A	2025-07-27
73209	李四073209	user073209@example.test	0900073209	城市B	2025-07-28
73210	王五073210	user073210@example.test	0900073210	城市C	2025-07-29
73301	孫八073301	user073301@example.test	0900073301	城市F	2025-10-28
73302	周九073302	user073302@example.test	0900073302	城市G	2025-10-29
73303	吳十073303	user073303@example.test	0900073303	城市H	2025-10-30
73304	張三073304	user073304@example.test	0900073304	城市A	2025-10-31
73305	李四073305	user073305@example.test	0900073305	城市B	2025-11-01
73306	王五073306	user073306@example.test	0900073306	城市C	2025-11-02
73307	趙六073307	user073307@example.test	0900073307	城市D	2025-11-03
73308	錢七073308	user073308@example.test	0900073308	城市E	2025-11-04
73309	孫八073309	user073309@example.test	0900073309	城市F	2025-11-05
73310	周九073310	user073310@example.test	0900073310	城市G	2025-11-06
73401	李四073401	user073401@example.test	0900073401	城市B	2023-02-06
73402	王五073402	user073402@example.test	0900073402	城市C	2023-02-07
73403	趙六073403	user073403@example.test	0900073403	城市D	2023-02-08
73404	錢七073404	user073404@example.test	0900073404	城市E	2023-02-09
73405	孫八073405	user073405@example.test	0900073405	城市F	2023-02-10
73406	周九073406	user073406@example.test	0900073406	城市G	2023-02-11
73407	吳十073407	user073407@example.test	0900073407	城市H	2023-02-12
73408	張三073408	user073408@example.test	0900073408	城市A	2023-02-13
73409	李四073409	user073409@example.test	0900073409	城市B	2023-02-14
73410	王五073410	user073410@example.test	0900073410	城市C	2023-02-15
73501	孫八073501	user073501@example.test	0900073501	城市F	2023-05-17
73502	周九073502	user073502@example.test	0900073502	城市G	2023-05-18
73503	吳十073503	user073503@example.test	0900073503	城市H	2023-05-19
73504	張三073504	user073504@example.test	0900073504	城市A	2023-05-20
73505	李四073505	user073505@example.test	0900073505	城市B	2023-05-21
73506	王五073506	user073506@example.test	0900073506	城市C	2023-05-22
73507	趙六073507	user073507@example.test	0900073507	城市D	2023-05-23
73508	錢七073508	user073508@example.test	0900073508	城市E	2023-05-24
73509	孫八073509	user073509@example.test	0900073509	城市F	2023-05-25
73510	周九073510	user073510@example.test	0900073510	城市G	2023-05-26
73601	李四073601	user073601@example.test	0900073601	城市B	2023-08-25
73602	王五073602	user073602@example.test	0900073602	城市C	2023-08-26
73603	趙六073603	user073603@example.test	0900073603	城市D	2023-08-27
73604	錢七073604	user073604@example.test	0900073604	城市E	2023-08-28
73605	孫八073605	user073605@example.test	0900073605	城市F	2023-08-29
73606	周九073606	user073606@example.test	0900073606	城市G	2023-08-30
73607	吳十073607	user073607@example.test	0900073607	城市H	2023-08-31
73608	張三073608	user073608@example.test	0900073608	城市A	2023-09-01
73609	李四073609	user073609@example.test	0900073609	城市B	2023-09-02
73610	王五073610	user073610@example.test	0900073610	城市C	2023-09-03
73701	孫八073701	user073701@example.test	0900073701	城市F	2023-12-03
73702	周九073702	user073702@example.test	0900073702	城市G	2023-12-04
73703	吳十073703	user073703@example.test	0900073703	城市H	2023-12-05
73704	張三073704	user073704@example.test	0900073704	城市A	2023-12-06
73705	李四073705	user073705@example.test	0900073705	城市B	2023-12-07
73706	王五073706	user073706@example.test	0900073706	城市C	2023-12-08
73707	趙六073707	user073707@example.test	0900073707	城市D	2023-12-09
73708	錢七073708	user073708@example.test	0900073708	城市E	2023-12-10
73709	孫八073709	user073709@example.test	0900073709	城市F	2023-12-11
73710	周九073710	user073710@example.test	0900073710	城市G	2023-12-12
73801	李四073801	user073801@example.test	0900073801	城市B	2024-03-12
73802	王五073802	user073802@example.test	0900073802	城市C	2024-03-13
73803	趙六073803	user073803@example.test	0900073803	城市D	2024-03-14
73804	錢七073804	user073804@example.test	0900073804	城市E	2024-03-15
73805	孫八073805	user073805@example.test	0900073805	城市F	2024-03-16
73806	周九073806	user073806@example.test	0900073806	城市G	2024-03-17
73807	吳十073807	user073807@example.test	0900073807	城市H	2024-03-18
73808	張三073808	user073808@example.test	0900073808	城市A	2024-03-19
73809	李四073809	user073809@example.test	0900073809	城市B	2024-03-20
73810	王五073810	user073810@example.test	0900073810	城市C	2024-03-21
73901	孫八073901	user073901@example.test	0900073901	城市F	2024-06-20
73902	周九073902	user073902@example.test	0900073902	城市G	2024-06-21
73903	吳十073903	user073903@example.test	0900073903	城市H	2024-06-22
73904	張三073904	user073904@example.test	0900073904	城市A	2024-06-23
73905	李四073905	user073905@example.test	0900073905	城市B	2024-06-24
73906	王五073906	user073906@example.test	0900073906	城市C	2024-06-25
73907	趙六073907	user073907@example.test	0900073907	城市D	2024-06-26
73908	錢七073908	user073908@example.test	0900073908	城市E	2024-06-27
73909	孫八073909	user073909@example.test	0900073909	城市F	2024-06-28
73910	周九073910	user073910@example.test	0900073910	城市G	2024-06-29
74001	李四074001	user074001@example.test	0900074001	城市B	2024-09-28
74002	王五074002	user074002@example.test	0900074002	城市C	2024-09-29
74003	趙六074003	user074003@example.test	0900074003	城市D	2024-09-30
74004	錢七074004	user074004@example.test	0900074004	城市E	2024-10-01
74005	孫八074005	user074005@example.test	0900074005	城市F	2024-10-02
74006	周九074006	user074006@example.test	0900074006	城市G	2024-10-03
74007	吳十074007	user074007@example.test	0900074007	城市H	2024-10-04
74008	張三074008	user074008@example.test	0900074008	城市A	2024-10-05
74009	李四074009	user074009@example.test	0900074009	城市B	2024-10-06
74010	王五074010	user074010@example.test	0900074010	城市C	2024-10-07
74101	孫八074101	user074101@example.test	0900074101	城市F	2025-01-06
74102	周九074102	user074102@example.test	0900074102	城市G	2025-01-07
74103	吳十074103	user074103@example.test	0900074103	城市H	2025-01-08
74104	張三074104	user074104@example.test	0900074104	城市A	2025-01-09
74105	李四074105	user074105@example.test	0900074105	城市B	2025-01-10
74106	王五074106	user074106@example.test	0900074106	城市C	2025-01-11
74107	趙六074107	user074107@example.test	0900074107	城市D	2025-01-12
74108	錢七074108	user074108@example.test	0900074108	城市E	2025-01-13
74109	孫八074109	user074109@example.test	0900074109	城市F	2025-01-14
74110	周九074110	user074110@example.test	0900074110	城市G	2025-01-15
74201	李四074201	user074201@example.test	0900074201	城市B	2025-04-16
74202	王五074202	user074202@example.test	0900074202	城市C	2025-04-17
74203	趙六074203	user074203@example.test	0900074203	城市D	2025-04-18
74204	錢七074204	user074204@example.test	0900074204	城市E	2025-04-19
74205	孫八074205	user074205@example.test	0900074205	城市F	2025-04-20
74206	周九074206	user074206@example.test	0900074206	城市G	2025-04-21
74207	吳十074207	user074207@example.test	0900074207	城市H	2025-04-22
74208	張三074208	user074208@example.test	0900074208	城市A	2025-04-23
74209	李四074209	user074209@example.test	0900074209	城市B	2025-04-24
74210	王五074210	user074210@example.test	0900074210	城市C	2025-04-25
74301	孫八074301	user074301@example.test	0900074301	城市F	2025-07-25
74302	周九074302	user074302@example.test	0900074302	城市G	2025-07-26
74303	吳十074303	user074303@example.test	0900074303	城市H	2025-07-27
74304	張三074304	user074304@example.test	0900074304	城市A	2025-07-28
74305	李四074305	user074305@example.test	0900074305	城市B	2025-07-29
74306	王五074306	user074306@example.test	0900074306	城市C	2025-07-30
74307	趙六074307	user074307@example.test	0900074307	城市D	2025-07-31
74308	錢七074308	user074308@example.test	0900074308	城市E	2025-08-01
74309	孫八074309	user074309@example.test	0900074309	城市F	2025-08-02
74310	周九074310	user074310@example.test	0900074310	城市G	2025-08-03
74401	李四074401	user074401@example.test	0900074401	城市B	2025-11-02
74402	王五074402	user074402@example.test	0900074402	城市C	2025-11-03
74403	趙六074403	user074403@example.test	0900074403	城市D	2025-11-04
74404	錢七074404	user074404@example.test	0900074404	城市E	2025-11-05
74405	孫八074405	user074405@example.test	0900074405	城市F	2025-11-06
74406	周九074406	user074406@example.test	0900074406	城市G	2025-11-07
74407	吳十074407	user074407@example.test	0900074407	城市H	2025-11-08
74408	張三074408	user074408@example.test	0900074408	城市A	2025-11-09
74409	李四074409	user074409@example.test	0900074409	城市B	2025-11-10
74410	王五074410	user074410@example.test	0900074410	城市C	2025-11-11
74501	孫八074501	user074501@example.test	0900074501	城市F	2023-02-11
74502	周九074502	user074502@example.test	0900074502	城市G	2023-02-12
74503	吳十074503	user074503@example.test	0900074503	城市H	2023-02-13
74504	張三074504	user074504@example.test	0900074504	城市A	2023-02-14
74505	李四074505	user074505@example.test	0900074505	城市B	2023-02-15
74506	王五074506	user074506@example.test	0900074506	城市C	2023-02-16
74507	趙六074507	user074507@example.test	0900074507	城市D	2023-02-17
74508	錢七074508	user074508@example.test	0900074508	城市E	2023-02-18
74509	孫八074509	user074509@example.test	0900074509	城市F	2023-02-19
74510	周九074510	user074510@example.test	0900074510	城市G	2023-02-20
74601	李四074601	user074601@example.test	0900074601	城市B	2023-05-22
74602	王五074602	user074602@example.test	0900074602	城市C	2023-05-23
74603	趙六074603	user074603@example.test	0900074603	城市D	2023-05-24
74604	錢七074604	user074604@example.test	0900074604	城市E	2023-05-25
74605	孫八074605	user074605@example.test	0900074605	城市F	2023-05-26
74606	周九074606	user074606@example.test	0900074606	城市G	2023-05-27
74607	吳十074607	user074607@example.test	0900074607	城市H	2023-05-28
74608	張三074608	user074608@example.test	0900074608	城市A	2023-05-29
74609	李四074609	user074609@example.test	0900074609	城市B	2023-05-30
74610	王五074610	user074610@example.test	0900074610	城市C	2023-05-31
74701	孫八074701	user074701@example.test	0900074701	城市F	2023-08-30
74702	周九074702	user074702@example.test	0900074702	城市G	2023-08-31
74703	吳十074703	user074703@example.test	0900074703	城市H	2023-09-01
74704	張三074704	user074704@example.test	0900074704	城市A	2023-09-02
74705	李四074705	user074705@example.test	0900074705	城市B	2023-09-03
74706	王五074706	user074706@example.test	0900074706	城市C	2023-09-04
74707	趙六074707	user074707@example.test	0900074707	城市D	2023-09-05
74708	錢七074708	user074708@example.test	0900074708	城市E	2023-09-06
74709	孫八074709	user074709@example.test	0900074709	城市F	2023-09-07
74710	周九074710	user074710@example.test	0900074710	城市G	2023-09-08
74801	李四074801	user074801@example.test	0900074801	城市B	2023-12-08
74802	王五074802	user074802@example.test	0900074802	城市C	2023-12-09
74803	趙六074803	user074803@example.test	0900074803	城市D	2023-12-10
74804	錢七074804	user074804@example.test	0900074804	城市E	2023-12-11
74805	孫八074805	user074805@example.test	0900074805	城市F	2023-12-12
74806	周九074806	user074806@example.test	0900074806	城市G	2023-12-13
74807	吳十074807	user074807@example.test	0900074807	城市H	2023-12-14
74808	張三074808	user074808@example.test	0900074808	城市A	2023-12-15
74809	李四074809	user074809@example.test	0900074809	城市B	2023-12-16
74810	王五074810	user074810@example.test	0900074810	城市C	2023-12-17
74901	孫八074901	user074901@example.test	0900074901	城市F	2024-03-17
74902	周九074902	user074902@example.test	0900074902	城市G	2024-03-18
74903	吳十074903	user074903@example.test	0900074903	城市H	2024-03-19
74904	張三074904	user074904@example.test	0900074904	城市A	2024-03-20
74905	李四074905	user074905@example.test	0900074905	城市B	2024-03-21
74906	王五074906	user074906@example.test	0900074906	城市C	2024-03-22
74907	趙六074907	user074907@example.test	0900074907	城市D	2024-03-23
74908	錢七074908	user074908@example.test	0900074908	城市E	2024-03-24
74909	孫八074909	user074909@example.test	0900074909	城市F	2024-03-25
74910	周九074910	user074910@example.test	0900074910	城市G	2024-03-26
75001	李四075001	user075001@example.test	0900075001	城市B	2024-06-25
75002	王五075002	user075002@example.test	0900075002	城市C	2024-06-26
75003	趙六075003	user075003@example.test	0900075003	城市D	2024-06-27
75004	錢七075004	user075004@example.test	0900075004	城市E	2024-06-28
75005	孫八075005	user075005@example.test	0900075005	城市F	2024-06-29
75006	周九075006	user075006@example.test	0900075006	城市G	2024-06-30
75007	吳十075007	user075007@example.test	0900075007	城市H	2024-07-01
75008	張三075008	user075008@example.test	0900075008	城市A	2024-07-02
75009	李四075009	user075009@example.test	0900075009	城市B	2024-07-03
75010	王五075010	user075010@example.test	0900075010	城市C	2024-07-04
75101	孫八075101	user075101@example.test	0900075101	城市F	2024-10-03
75102	周九075102	user075102@example.test	0900075102	城市G	2024-10-04
75103	吳十075103	user075103@example.test	0900075103	城市H	2024-10-05
75104	張三075104	user075104@example.test	0900075104	城市A	2024-10-06
75105	李四075105	user075105@example.test	0900075105	城市B	2024-10-07
75106	王五075106	user075106@example.test	0900075106	城市C	2024-10-08
75107	趙六075107	user075107@example.test	0900075107	城市D	2024-10-09
75108	錢七075108	user075108@example.test	0900075108	城市E	2024-10-10
75109	孫八075109	user075109@example.test	0900075109	城市F	2024-10-11
75110	周九075110	user075110@example.test	0900075110	城市G	2024-10-12
75201	李四075201	user075201@example.test	0900075201	城市B	2025-01-11
75202	王五075202	user075202@example.test	0900075202	城市C	2025-01-12
75203	趙六075203	user075203@example.test	0900075203	城市D	2025-01-13
75204	錢七075204	user075204@example.test	0900075204	城市E	2025-01-14
75205	孫八075205	user075205@example.test	0900075205	城市F	2025-01-15
75206	周九075206	user075206@example.test	0900075206	城市G	2025-01-16
75207	吳十075207	user075207@example.test	0900075207	城市H	2025-01-17
75208	張三075208	user075208@example.test	0900075208	城市A	2025-01-18
75209	李四075209	user075209@example.test	0900075209	城市B	2025-01-19
75210	王五075210	user075210@example.test	0900075210	城市C	2025-01-20
75301	孫八075301	user075301@example.test	0900075301	城市F	2025-04-21
75302	周九075302	user075302@example.test	0900075302	城市G	2025-04-22
75303	吳十075303	user075303@example.test	0900075303	城市H	2025-04-23
75304	張三075304	user075304@example.test	0900075304	城市A	2025-04-24
75305	李四075305	user075305@example.test	0900075305	城市B	2025-04-25
75306	王五075306	user075306@example.test	0900075306	城市C	2025-04-26
75307	趙六075307	user075307@example.test	0900075307	城市D	2025-04-27
75308	錢七075308	user075308@example.test	0900075308	城市E	2025-04-28
75309	孫八075309	user075309@example.test	0900075309	城市F	2025-04-29
75310	周九075310	user075310@example.test	0900075310	城市G	2025-04-30
75401	李四075401	user075401@example.test	0900075401	城市B	2025-07-30
75402	王五075402	user075402@example.test	0900075402	城市C	2025-07-31
75403	趙六075403	user075403@example.test	0900075403	城市D	2025-08-01
75404	錢七075404	user075404@example.test	0900075404	城市E	2025-08-02
75405	孫八075405	user075405@example.test	0900075405	城市F	2025-08-03
75406	周九075406	user075406@example.test	0900075406	城市G	2025-08-04
75407	吳十075407	user075407@example.test	0900075407	城市H	2025-08-05
75408	張三075408	user075408@example.test	0900075408	城市A	2025-08-06
75409	李四075409	user075409@example.test	0900075409	城市B	2025-08-07
75410	王五075410	user075410@example.test	0900075410	城市C	2025-08-08
75501	孫八075501	user075501@example.test	0900075501	城市F	2025-11-07
75502	周九075502	user075502@example.test	0900075502	城市G	2025-11-08
75503	吳十075503	user075503@example.test	0900075503	城市H	2025-11-09
75504	張三075504	user075504@example.test	0900075504	城市A	2025-11-10
75505	李四075505	user075505@example.test	0900075505	城市B	2025-11-11
75506	王五075506	user075506@example.test	0900075506	城市C	2025-11-12
75507	趙六075507	user075507@example.test	0900075507	城市D	2025-11-13
75508	錢七075508	user075508@example.test	0900075508	城市E	2025-11-14
75509	孫八075509	user075509@example.test	0900075509	城市F	2025-11-15
75510	周九075510	user075510@example.test	0900075510	城市G	2025-11-16
75601	李四075601	user075601@example.test	0900075601	城市B	2023-02-16
75602	王五075602	user075602@example.test	0900075602	城市C	2023-02-17
75603	趙六075603	user075603@example.test	0900075603	城市D	2023-02-18
75604	錢七075604	user075604@example.test	0900075604	城市E	2023-02-19
75605	孫八075605	user075605@example.test	0900075605	城市F	2023-02-20
75606	周九075606	user075606@example.test	0900075606	城市G	2023-02-21
75607	吳十075607	user075607@example.test	0900075607	城市H	2023-02-22
75608	張三075608	user075608@example.test	0900075608	城市A	2023-02-23
75609	李四075609	user075609@example.test	0900075609	城市B	2023-02-24
75610	王五075610	user075610@example.test	0900075610	城市C	2023-02-25
75701	孫八075701	user075701@example.test	0900075701	城市F	2023-05-27
75702	周九075702	user075702@example.test	0900075702	城市G	2023-05-28
75703	吳十075703	user075703@example.test	0900075703	城市H	2023-05-29
75704	張三075704	user075704@example.test	0900075704	城市A	2023-05-30
75705	李四075705	user075705@example.test	0900075705	城市B	2023-05-31
75706	王五075706	user075706@example.test	0900075706	城市C	2023-06-01
75707	趙六075707	user075707@example.test	0900075707	城市D	2023-06-02
75708	錢七075708	user075708@example.test	0900075708	城市E	2023-06-03
75709	孫八075709	user075709@example.test	0900075709	城市F	2023-06-04
75710	周九075710	user075710@example.test	0900075710	城市G	2023-06-05
75801	李四075801	user075801@example.test	0900075801	城市B	2023-09-04
75802	王五075802	user075802@example.test	0900075802	城市C	2023-09-05
75803	趙六075803	user075803@example.test	0900075803	城市D	2023-09-06
75804	錢七075804	user075804@example.test	0900075804	城市E	2023-09-07
75805	孫八075805	user075805@example.test	0900075805	城市F	2023-09-08
75806	周九075806	user075806@example.test	0900075806	城市G	2023-09-09
75807	吳十075807	user075807@example.test	0900075807	城市H	2023-09-10
75808	張三075808	user075808@example.test	0900075808	城市A	2023-09-11
75809	李四075809	user075809@example.test	0900075809	城市B	2023-09-12
75810	王五075810	user075810@example.test	0900075810	城市C	2023-09-13
75901	孫八075901	user075901@example.test	0900075901	城市F	2023-12-13
75902	周九075902	user075902@example.test	0900075902	城市G	2023-12-14
75903	吳十075903	user075903@example.test	0900075903	城市H	2023-12-15
75904	張三075904	user075904@example.test	0900075904	城市A	2023-12-16
75905	李四075905	user075905@example.test	0900075905	城市B	2023-12-17
75906	王五075906	user075906@example.test	0900075906	城市C	2023-12-18
75907	趙六075907	user075907@example.test	0900075907	城市D	2023-12-19
75908	錢七075908	user075908@example.test	0900075908	城市E	2023-12-20
75909	孫八075909	user075909@example.test	0900075909	城市F	2023-12-21
75910	周九075910	user075910@example.test	0900075910	城市G	2023-12-22
76001	李四076001	user076001@example.test	0900076001	城市B	2024-03-22
76002	王五076002	user076002@example.test	0900076002	城市C	2024-03-23
76003	趙六076003	user076003@example.test	0900076003	城市D	2024-03-24
76004	錢七076004	user076004@example.test	0900076004	城市E	2024-03-25
76005	孫八076005	user076005@example.test	0900076005	城市F	2024-03-26
76006	周九076006	user076006@example.test	0900076006	城市G	2024-03-27
76007	吳十076007	user076007@example.test	0900076007	城市H	2024-03-28
76008	張三076008	user076008@example.test	0900076008	城市A	2024-03-29
76009	李四076009	user076009@example.test	0900076009	城市B	2024-03-30
76010	王五076010	user076010@example.test	0900076010	城市C	2024-03-31
76101	孫八076101	user076101@example.test	0900076101	城市F	2024-06-30
76102	周九076102	user076102@example.test	0900076102	城市G	2024-07-01
76103	吳十076103	user076103@example.test	0900076103	城市H	2024-07-02
76104	張三076104	user076104@example.test	0900076104	城市A	2024-07-03
76105	李四076105	user076105@example.test	0900076105	城市B	2024-07-04
76106	王五076106	user076106@example.test	0900076106	城市C	2024-07-05
76107	趙六076107	user076107@example.test	0900076107	城市D	2024-07-06
76108	錢七076108	user076108@example.test	0900076108	城市E	2024-07-07
76109	孫八076109	user076109@example.test	0900076109	城市F	2024-07-08
76110	周九076110	user076110@example.test	0900076110	城市G	2024-07-09
76201	李四076201	user076201@example.test	0900076201	城市B	2024-10-08
76202	王五076202	user076202@example.test	0900076202	城市C	2024-10-09
76203	趙六076203	user076203@example.test	0900076203	城市D	2024-10-10
76204	錢七076204	user076204@example.test	0900076204	城市E	2024-10-11
76205	孫八076205	user076205@example.test	0900076205	城市F	2024-10-12
76206	周九076206	user076206@example.test	0900076206	城市G	2024-10-13
76207	吳十076207	user076207@example.test	0900076207	城市H	2024-10-14
76208	張三076208	user076208@example.test	0900076208	城市A	2024-10-15
76209	李四076209	user076209@example.test	0900076209	城市B	2024-10-16
76210	王五076210	user076210@example.test	0900076210	城市C	2024-10-17
76301	孫八076301	user076301@example.test	0900076301	城市F	2025-01-16
76302	周九076302	user076302@example.test	0900076302	城市G	2025-01-17
76303	吳十076303	user076303@example.test	0900076303	城市H	2025-01-18
76304	張三076304	user076304@example.test	0900076304	城市A	2025-01-19
76305	李四076305	user076305@example.test	0900076305	城市B	2025-01-20
76306	王五076306	user076306@example.test	0900076306	城市C	2025-01-21
76307	趙六076307	user076307@example.test	0900076307	城市D	2025-01-22
76308	錢七076308	user076308@example.test	0900076308	城市E	2025-01-23
76309	孫八076309	user076309@example.test	0900076309	城市F	2025-01-24
76310	周九076310	user076310@example.test	0900076310	城市G	2025-01-25
76401	李四076401	user076401@example.test	0900076401	城市B	2025-04-26
76402	王五076402	user076402@example.test	0900076402	城市C	2025-04-27
76403	趙六076403	user076403@example.test	0900076403	城市D	2025-04-28
76404	錢七076404	user076404@example.test	0900076404	城市E	2025-04-29
76405	孫八076405	user076405@example.test	0900076405	城市F	2025-04-30
76406	周九076406	user076406@example.test	0900076406	城市G	2025-05-01
76407	吳十076407	user076407@example.test	0900076407	城市H	2025-05-02
76408	張三076408	user076408@example.test	0900076408	城市A	2025-05-03
76409	李四076409	user076409@example.test	0900076409	城市B	2025-05-04
76410	王五076410	user076410@example.test	0900076410	城市C	2025-05-05
76501	孫八076501	user076501@example.test	0900076501	城市F	2025-08-04
76502	周九076502	user076502@example.test	0900076502	城市G	2025-08-05
76503	吳十076503	user076503@example.test	0900076503	城市H	2025-08-06
76504	張三076504	user076504@example.test	0900076504	城市A	2025-08-07
76505	李四076505	user076505@example.test	0900076505	城市B	2025-08-08
76506	王五076506	user076506@example.test	0900076506	城市C	2025-08-09
76507	趙六076507	user076507@example.test	0900076507	城市D	2025-08-10
76508	錢七076508	user076508@example.test	0900076508	城市E	2025-08-11
76509	孫八076509	user076509@example.test	0900076509	城市F	2025-08-12
76510	周九076510	user076510@example.test	0900076510	城市G	2025-08-13
76601	李四076601	user076601@example.test	0900076601	城市B	2025-11-12
76602	王五076602	user076602@example.test	0900076602	城市C	2025-11-13
76603	趙六076603	user076603@example.test	0900076603	城市D	2025-11-14
76604	錢七076604	user076604@example.test	0900076604	城市E	2025-11-15
76605	孫八076605	user076605@example.test	0900076605	城市F	2025-11-16
76606	周九076606	user076606@example.test	0900076606	城市G	2025-11-17
76607	吳十076607	user076607@example.test	0900076607	城市H	2025-11-18
76608	張三076608	user076608@example.test	0900076608	城市A	2025-11-19
76609	李四076609	user076609@example.test	0900076609	城市B	2025-11-20
76610	王五076610	user076610@example.test	0900076610	城市C	2025-11-21
76701	孫八076701	user076701@example.test	0900076701	城市F	2023-02-21
76702	周九076702	user076702@example.test	0900076702	城市G	2023-02-22
76703	吳十076703	user076703@example.test	0900076703	城市H	2023-02-23
76704	張三076704	user076704@example.test	0900076704	城市A	2023-02-24
76705	李四076705	user076705@example.test	0900076705	城市B	2023-02-25
76706	王五076706	user076706@example.test	0900076706	城市C	2023-02-26
76707	趙六076707	user076707@example.test	0900076707	城市D	2023-02-27
76708	錢七076708	user076708@example.test	0900076708	城市E	2023-02-28
76709	孫八076709	user076709@example.test	0900076709	城市F	2023-03-01
76710	周九076710	user076710@example.test	0900076710	城市G	2023-03-02
76801	李四076801	user076801@example.test	0900076801	城市B	2023-06-01
76802	王五076802	user076802@example.test	0900076802	城市C	2023-06-02
76803	趙六076803	user076803@example.test	0900076803	城市D	2023-06-03
76804	錢七076804	user076804@example.test	0900076804	城市E	2023-06-04
76805	孫八076805	user076805@example.test	0900076805	城市F	2023-06-05
76806	周九076806	user076806@example.test	0900076806	城市G	2023-06-06
76807	吳十076807	user076807@example.test	0900076807	城市H	2023-06-07
76808	張三076808	user076808@example.test	0900076808	城市A	2023-06-08
76809	李四076809	user076809@example.test	0900076809	城市B	2023-06-09
76810	王五076810	user076810@example.test	0900076810	城市C	2023-06-10
76901	孫八076901	user076901@example.test	0900076901	城市F	2023-09-09
76902	周九076902	user076902@example.test	0900076902	城市G	2023-09-10
76903	吳十076903	user076903@example.test	0900076903	城市H	2023-09-11
76904	張三076904	user076904@example.test	0900076904	城市A	2023-09-12
76905	李四076905	user076905@example.test	0900076905	城市B	2023-09-13
76906	王五076906	user076906@example.test	0900076906	城市C	2023-09-14
76907	趙六076907	user076907@example.test	0900076907	城市D	2023-09-15
76908	錢七076908	user076908@example.test	0900076908	城市E	2023-09-16
76909	孫八076909	user076909@example.test	0900076909	城市F	2023-09-17
76910	周九076910	user076910@example.test	0900076910	城市G	2023-09-18
77001	李四077001	user077001@example.test	0900077001	城市B	2023-12-18
77002	王五077002	user077002@example.test	0900077002	城市C	2023-12-19
77003	趙六077003	user077003@example.test	0900077003	城市D	2023-12-20
77004	錢七077004	user077004@example.test	0900077004	城市E	2023-12-21
77005	孫八077005	user077005@example.test	0900077005	城市F	2023-12-22
77006	周九077006	user077006@example.test	0900077006	城市G	2023-12-23
77007	吳十077007	user077007@example.test	0900077007	城市H	2023-12-24
77008	張三077008	user077008@example.test	0900077008	城市A	2023-12-25
77009	李四077009	user077009@example.test	0900077009	城市B	2023-12-26
77010	王五077010	user077010@example.test	0900077010	城市C	2023-12-27
77101	孫八077101	user077101@example.test	0900077101	城市F	2024-03-27
77102	周九077102	user077102@example.test	0900077102	城市G	2024-03-28
77103	吳十077103	user077103@example.test	0900077103	城市H	2024-03-29
77104	張三077104	user077104@example.test	0900077104	城市A	2024-03-30
77105	李四077105	user077105@example.test	0900077105	城市B	2024-03-31
77106	王五077106	user077106@example.test	0900077106	城市C	2024-04-01
77107	趙六077107	user077107@example.test	0900077107	城市D	2024-04-02
77108	錢七077108	user077108@example.test	0900077108	城市E	2024-04-03
77109	孫八077109	user077109@example.test	0900077109	城市F	2024-04-04
77110	周九077110	user077110@example.test	0900077110	城市G	2024-04-05
77201	李四077201	user077201@example.test	0900077201	城市B	2024-07-05
77202	王五077202	user077202@example.test	0900077202	城市C	2024-07-06
77203	趙六077203	user077203@example.test	0900077203	城市D	2024-07-07
77204	錢七077204	user077204@example.test	0900077204	城市E	2024-07-08
77205	孫八077205	user077205@example.test	0900077205	城市F	2024-07-09
77206	周九077206	user077206@example.test	0900077206	城市G	2024-07-10
77207	吳十077207	user077207@example.test	0900077207	城市H	2024-07-11
77208	張三077208	user077208@example.test	0900077208	城市A	2024-07-12
77209	李四077209	user077209@example.test	0900077209	城市B	2024-07-13
77210	王五077210	user077210@example.test	0900077210	城市C	2024-07-14
77301	孫八077301	user077301@example.test	0900077301	城市F	2024-10-13
77302	周九077302	user077302@example.test	0900077302	城市G	2024-10-14
77303	吳十077303	user077303@example.test	0900077303	城市H	2024-10-15
77304	張三077304	user077304@example.test	0900077304	城市A	2024-10-16
77305	李四077305	user077305@example.test	0900077305	城市B	2024-10-17
77306	王五077306	user077306@example.test	0900077306	城市C	2024-10-18
77307	趙六077307	user077307@example.test	0900077307	城市D	2024-10-19
77308	錢七077308	user077308@example.test	0900077308	城市E	2024-10-20
77309	孫八077309	user077309@example.test	0900077309	城市F	2024-10-21
77310	周九077310	user077310@example.test	0900077310	城市G	2024-10-22
77401	李四077401	user077401@example.test	0900077401	城市B	2025-01-21
77402	王五077402	user077402@example.test	0900077402	城市C	2025-01-22
77403	趙六077403	user077403@example.test	0900077403	城市D	2025-01-23
77404	錢七077404	user077404@example.test	0900077404	城市E	2025-01-24
77405	孫八077405	user077405@example.test	0900077405	城市F	2025-01-25
77406	周九077406	user077406@example.test	0900077406	城市G	2025-01-26
77407	吳十077407	user077407@example.test	0900077407	城市H	2025-01-27
77408	張三077408	user077408@example.test	0900077408	城市A	2025-01-28
77409	李四077409	user077409@example.test	0900077409	城市B	2025-01-29
77410	王五077410	user077410@example.test	0900077410	城市C	2025-01-30
77501	孫八077501	user077501@example.test	0900077501	城市F	2025-05-01
77502	周九077502	user077502@example.test	0900077502	城市G	2025-05-02
77503	吳十077503	user077503@example.test	0900077503	城市H	2025-05-03
77504	張三077504	user077504@example.test	0900077504	城市A	2025-05-04
77505	李四077505	user077505@example.test	0900077505	城市B	2025-05-05
77506	王五077506	user077506@example.test	0900077506	城市C	2025-05-06
77507	趙六077507	user077507@example.test	0900077507	城市D	2025-05-07
77508	錢七077508	user077508@example.test	0900077508	城市E	2025-05-08
77509	孫八077509	user077509@example.test	0900077509	城市F	2025-05-09
77510	周九077510	user077510@example.test	0900077510	城市G	2025-05-10
77601	李四077601	user077601@example.test	0900077601	城市B	2025-08-09
77602	王五077602	user077602@example.test	0900077602	城市C	2025-08-10
77603	趙六077603	user077603@example.test	0900077603	城市D	2025-08-11
77604	錢七077604	user077604@example.test	0900077604	城市E	2025-08-12
77605	孫八077605	user077605@example.test	0900077605	城市F	2025-08-13
77606	周九077606	user077606@example.test	0900077606	城市G	2025-08-14
77607	吳十077607	user077607@example.test	0900077607	城市H	2025-08-15
77608	張三077608	user077608@example.test	0900077608	城市A	2025-08-16
77609	李四077609	user077609@example.test	0900077609	城市B	2025-08-17
77610	王五077610	user077610@example.test	0900077610	城市C	2025-08-18
77701	孫八077701	user077701@example.test	0900077701	城市F	2025-11-17
77702	周九077702	user077702@example.test	0900077702	城市G	2025-11-18
77703	吳十077703	user077703@example.test	0900077703	城市H	2025-11-19
77704	張三077704	user077704@example.test	0900077704	城市A	2025-11-20
77705	李四077705	user077705@example.test	0900077705	城市B	2025-11-21
77706	王五077706	user077706@example.test	0900077706	城市C	2025-11-22
77707	趙六077707	user077707@example.test	0900077707	城市D	2025-11-23
77708	錢七077708	user077708@example.test	0900077708	城市E	2025-11-24
77709	孫八077709	user077709@example.test	0900077709	城市F	2025-11-25
77710	周九077710	user077710@example.test	0900077710	城市G	2025-11-26
77801	李四077801	user077801@example.test	0900077801	城市B	2023-02-26
77802	王五077802	user077802@example.test	0900077802	城市C	2023-02-27
77803	趙六077803	user077803@example.test	0900077803	城市D	2023-02-28
77804	錢七077804	user077804@example.test	0900077804	城市E	2023-03-01
77805	孫八077805	user077805@example.test	0900077805	城市F	2023-03-02
77806	周九077806	user077806@example.test	0900077806	城市G	2023-03-03
77807	吳十077807	user077807@example.test	0900077807	城市H	2023-03-04
77808	張三077808	user077808@example.test	0900077808	城市A	2023-03-05
77809	李四077809	user077809@example.test	0900077809	城市B	2023-03-06
77810	王五077810	user077810@example.test	0900077810	城市C	2023-03-07
77901	孫八077901	user077901@example.test	0900077901	城市F	2023-06-06
77902	周九077902	user077902@example.test	0900077902	城市G	2023-06-07
77903	吳十077903	user077903@example.test	0900077903	城市H	2023-06-08
77904	張三077904	user077904@example.test	0900077904	城市A	2023-06-09
77905	李四077905	user077905@example.test	0900077905	城市B	2023-06-10
77906	王五077906	user077906@example.test	0900077906	城市C	2023-06-11
77907	趙六077907	user077907@example.test	0900077907	城市D	2023-06-12
77908	錢七077908	user077908@example.test	0900077908	城市E	2023-06-13
77909	孫八077909	user077909@example.test	0900077909	城市F	2023-06-14
77910	周九077910	user077910@example.test	0900077910	城市G	2023-06-15
78001	李四078001	user078001@example.test	0900078001	城市B	2023-09-14
78002	王五078002	user078002@example.test	0900078002	城市C	2023-09-15
78003	趙六078003	user078003@example.test	0900078003	城市D	2023-09-16
78004	錢七078004	user078004@example.test	0900078004	城市E	2023-09-17
78005	孫八078005	user078005@example.test	0900078005	城市F	2023-09-18
78006	周九078006	user078006@example.test	0900078006	城市G	2023-09-19
78007	吳十078007	user078007@example.test	0900078007	城市H	2023-09-20
78008	張三078008	user078008@example.test	0900078008	城市A	2023-09-21
78009	李四078009	user078009@example.test	0900078009	城市B	2023-09-22
78010	王五078010	user078010@example.test	0900078010	城市C	2023-09-23
78101	孫八078101	user078101@example.test	0900078101	城市F	2023-12-23
78102	周九078102	user078102@example.test	0900078102	城市G	2023-12-24
78103	吳十078103	user078103@example.test	0900078103	城市H	2023-12-25
78104	張三078104	user078104@example.test	0900078104	城市A	2023-12-26
78105	李四078105	user078105@example.test	0900078105	城市B	2023-12-27
78106	王五078106	user078106@example.test	0900078106	城市C	2023-12-28
78107	趙六078107	user078107@example.test	0900078107	城市D	2023-12-29
78108	錢七078108	user078108@example.test	0900078108	城市E	2023-12-30
78109	孫八078109	user078109@example.test	0900078109	城市F	2023-12-31
78110	周九078110	user078110@example.test	0900078110	城市G	2024-01-01
78201	李四078201	user078201@example.test	0900078201	城市B	2024-04-01
78202	王五078202	user078202@example.test	0900078202	城市C	2024-04-02
78203	趙六078203	user078203@example.test	0900078203	城市D	2024-04-03
78204	錢七078204	user078204@example.test	0900078204	城市E	2024-04-04
78205	孫八078205	user078205@example.test	0900078205	城市F	2024-04-05
78206	周九078206	user078206@example.test	0900078206	城市G	2024-04-06
78207	吳十078207	user078207@example.test	0900078207	城市H	2024-04-07
78208	張三078208	user078208@example.test	0900078208	城市A	2024-04-08
78209	李四078209	user078209@example.test	0900078209	城市B	2024-04-09
78210	王五078210	user078210@example.test	0900078210	城市C	2024-04-10
78301	孫八078301	user078301@example.test	0900078301	城市F	2024-07-10
78302	周九078302	user078302@example.test	0900078302	城市G	2024-07-11
78303	吳十078303	user078303@example.test	0900078303	城市H	2024-07-12
78304	張三078304	user078304@example.test	0900078304	城市A	2024-07-13
78305	李四078305	user078305@example.test	0900078305	城市B	2024-07-14
78306	王五078306	user078306@example.test	0900078306	城市C	2024-07-15
78307	趙六078307	user078307@example.test	0900078307	城市D	2024-07-16
78308	錢七078308	user078308@example.test	0900078308	城市E	2024-07-17
78309	孫八078309	user078309@example.test	0900078309	城市F	2024-07-18
78310	周九078310	user078310@example.test	0900078310	城市G	2024-07-19
78401	李四078401	user078401@example.test	0900078401	城市B	2024-10-18
78402	王五078402	user078402@example.test	0900078402	城市C	2024-10-19
78403	趙六078403	user078403@example.test	0900078403	城市D	2024-10-20
78404	錢七078404	user078404@example.test	0900078404	城市E	2024-10-21
78405	孫八078405	user078405@example.test	0900078405	城市F	2024-10-22
78406	周九078406	user078406@example.test	0900078406	城市G	2024-10-23
78407	吳十078407	user078407@example.test	0900078407	城市H	2024-10-24
78408	張三078408	user078408@example.test	0900078408	城市A	2024-10-25
78409	李四078409	user078409@example.test	0900078409	城市B	2024-10-26
78410	王五078410	user078410@example.test	0900078410	城市C	2024-10-27
78501	孫八078501	user078501@example.test	0900078501	城市F	2025-01-26
78502	周九078502	user078502@example.test	0900078502	城市G	2025-01-27
78503	吳十078503	user078503@example.test	0900078503	城市H	2025-01-28
78504	張三078504	user078504@example.test	0900078504	城市A	2025-01-29
78505	李四078505	user078505@example.test	0900078505	城市B	2025-01-30
78506	王五078506	user078506@example.test	0900078506	城市C	2025-01-31
78507	趙六078507	user078507@example.test	0900078507	城市D	2025-02-01
78508	錢七078508	user078508@example.test	0900078508	城市E	2025-02-02
78509	孫八078509	user078509@example.test	0900078509	城市F	2025-02-03
78510	周九078510	user078510@example.test	0900078510	城市G	2025-02-04
78601	李四078601	user078601@example.test	0900078601	城市B	2025-05-06
78602	王五078602	user078602@example.test	0900078602	城市C	2025-05-07
78603	趙六078603	user078603@example.test	0900078603	城市D	2025-05-08
78604	錢七078604	user078604@example.test	0900078604	城市E	2025-05-09
78605	孫八078605	user078605@example.test	0900078605	城市F	2025-05-10
78606	周九078606	user078606@example.test	0900078606	城市G	2025-05-11
78607	吳十078607	user078607@example.test	0900078607	城市H	2025-05-12
78608	張三078608	user078608@example.test	0900078608	城市A	2025-05-13
78609	李四078609	user078609@example.test	0900078609	城市B	2025-05-14
78610	王五078610	user078610@example.test	0900078610	城市C	2025-05-15
78701	孫八078701	user078701@example.test	0900078701	城市F	2025-08-14
78702	周九078702	user078702@example.test	0900078702	城市G	2025-08-15
78703	吳十078703	user078703@example.test	0900078703	城市H	2025-08-16
78704	張三078704	user078704@example.test	0900078704	城市A	2025-08-17
78705	李四078705	user078705@example.test	0900078705	城市B	2025-08-18
78706	王五078706	user078706@example.test	0900078706	城市C	2025-08-19
78707	趙六078707	user078707@example.test	0900078707	城市D	2025-08-20
78708	錢七078708	user078708@example.test	0900078708	城市E	2025-08-21
78709	孫八078709	user078709@example.test	0900078709	城市F	2025-08-22
78710	周九078710	user078710@example.test	0900078710	城市G	2025-08-23
78801	李四078801	user078801@example.test	0900078801	城市B	2025-11-22
78802	王五078802	user078802@example.test	0900078802	城市C	2025-11-23
78803	趙六078803	user078803@example.test	0900078803	城市D	2025-11-24
78804	錢七078804	user078804@example.test	0900078804	城市E	2025-11-25
78805	孫八078805	user078805@example.test	0900078805	城市F	2025-11-26
78806	周九078806	user078806@example.test	0900078806	城市G	2025-11-27
78807	吳十078807	user078807@example.test	0900078807	城市H	2025-11-28
78808	張三078808	user078808@example.test	0900078808	城市A	2025-11-29
78809	李四078809	user078809@example.test	0900078809	城市B	2025-11-30
78810	王五078810	user078810@example.test	0900078810	城市C	2025-12-01
78901	孫八078901	user078901@example.test	0900078901	城市F	2023-03-03
78902	周九078902	user078902@example.test	0900078902	城市G	2023-03-04
78903	吳十078903	user078903@example.test	0900078903	城市H	2023-03-05
78904	張三078904	user078904@example.test	0900078904	城市A	2023-03-06
78905	李四078905	user078905@example.test	0900078905	城市B	2023-03-07
78906	王五078906	user078906@example.test	0900078906	城市C	2023-03-08
78907	趙六078907	user078907@example.test	0900078907	城市D	2023-03-09
78908	錢七078908	user078908@example.test	0900078908	城市E	2023-03-10
78909	孫八078909	user078909@example.test	0900078909	城市F	2023-03-11
78910	周九078910	user078910@example.test	0900078910	城市G	2023-03-12
79001	李四079001	user079001@example.test	0900079001	城市B	2023-06-11
79002	王五079002	user079002@example.test	0900079002	城市C	2023-06-12
79003	趙六079003	user079003@example.test	0900079003	城市D	2023-06-13
79004	錢七079004	user079004@example.test	0900079004	城市E	2023-06-14
79005	孫八079005	user079005@example.test	0900079005	城市F	2023-06-15
79006	周九079006	user079006@example.test	0900079006	城市G	2023-06-16
79007	吳十079007	user079007@example.test	0900079007	城市H	2023-06-17
79008	張三079008	user079008@example.test	0900079008	城市A	2023-06-18
79009	李四079009	user079009@example.test	0900079009	城市B	2023-06-19
79010	王五079010	user079010@example.test	0900079010	城市C	2023-06-20
79101	孫八079101	user079101@example.test	0900079101	城市F	2023-09-19
79102	周九079102	user079102@example.test	0900079102	城市G	2023-09-20
79103	吳十079103	user079103@example.test	0900079103	城市H	2023-09-21
79104	張三079104	user079104@example.test	0900079104	城市A	2023-09-22
79105	李四079105	user079105@example.test	0900079105	城市B	2023-09-23
79106	王五079106	user079106@example.test	0900079106	城市C	2023-09-24
79107	趙六079107	user079107@example.test	0900079107	城市D	2023-09-25
79108	錢七079108	user079108@example.test	0900079108	城市E	2023-09-26
79109	孫八079109	user079109@example.test	0900079109	城市F	2023-09-27
79110	周九079110	user079110@example.test	0900079110	城市G	2023-09-28
79201	李四079201	user079201@example.test	0900079201	城市B	2023-12-28
79202	王五079202	user079202@example.test	0900079202	城市C	2023-12-29
79203	趙六079203	user079203@example.test	0900079203	城市D	2023-12-30
79204	錢七079204	user079204@example.test	0900079204	城市E	2023-12-31
79205	孫八079205	user079205@example.test	0900079205	城市F	2024-01-01
79206	周九079206	user079206@example.test	0900079206	城市G	2024-01-02
79207	吳十079207	user079207@example.test	0900079207	城市H	2024-01-03
79208	張三079208	user079208@example.test	0900079208	城市A	2024-01-04
79209	李四079209	user079209@example.test	0900079209	城市B	2024-01-05
79210	王五079210	user079210@example.test	0900079210	城市C	2024-01-06
79301	孫八079301	user079301@example.test	0900079301	城市F	2024-04-06
79302	周九079302	user079302@example.test	0900079302	城市G	2024-04-07
79303	吳十079303	user079303@example.test	0900079303	城市H	2024-04-08
79304	張三079304	user079304@example.test	0900079304	城市A	2024-04-09
79305	李四079305	user079305@example.test	0900079305	城市B	2024-04-10
79306	王五079306	user079306@example.test	0900079306	城市C	2024-04-11
79307	趙六079307	user079307@example.test	0900079307	城市D	2024-04-12
79308	錢七079308	user079308@example.test	0900079308	城市E	2024-04-13
79309	孫八079309	user079309@example.test	0900079309	城市F	2024-04-14
79310	周九079310	user079310@example.test	0900079310	城市G	2024-04-15
79401	李四079401	user079401@example.test	0900079401	城市B	2024-07-15
79402	王五079402	user079402@example.test	0900079402	城市C	2024-07-16
79403	趙六079403	user079403@example.test	0900079403	城市D	2024-07-17
79404	錢七079404	user079404@example.test	0900079404	城市E	2024-07-18
79405	孫八079405	user079405@example.test	0900079405	城市F	2024-07-19
79406	周九079406	user079406@example.test	0900079406	城市G	2024-07-20
79407	吳十079407	user079407@example.test	0900079407	城市H	2024-07-21
79408	張三079408	user079408@example.test	0900079408	城市A	2024-07-22
79409	李四079409	user079409@example.test	0900079409	城市B	2024-07-23
79410	王五079410	user079410@example.test	0900079410	城市C	2024-07-24
79501	孫八079501	user079501@example.test	0900079501	城市F	2024-10-23
79502	周九079502	user079502@example.test	0900079502	城市G	2024-10-24
79503	吳十079503	user079503@example.test	0900079503	城市H	2024-10-25
79504	張三079504	user079504@example.test	0900079504	城市A	2024-10-26
79505	李四079505	user079505@example.test	0900079505	城市B	2024-10-27
79506	王五079506	user079506@example.test	0900079506	城市C	2024-10-28
79507	趙六079507	user079507@example.test	0900079507	城市D	2024-10-29
79508	錢七079508	user079508@example.test	0900079508	城市E	2024-10-30
79509	孫八079509	user079509@example.test	0900079509	城市F	2024-10-31
79510	周九079510	user079510@example.test	0900079510	城市G	2024-11-01
79601	李四079601	user079601@example.test	0900079601	城市B	2025-01-31
79602	王五079602	user079602@example.test	0900079602	城市C	2025-02-01
79603	趙六079603	user079603@example.test	0900079603	城市D	2025-02-02
79604	錢七079604	user079604@example.test	0900079604	城市E	2025-02-03
79605	孫八079605	user079605@example.test	0900079605	城市F	2025-02-04
79606	周九079606	user079606@example.test	0900079606	城市G	2025-02-05
79607	吳十079607	user079607@example.test	0900079607	城市H	2025-02-06
79608	張三079608	user079608@example.test	0900079608	城市A	2025-02-07
79609	李四079609	user079609@example.test	0900079609	城市B	2025-02-08
79610	王五079610	user079610@example.test	0900079610	城市C	2025-02-09
79701	孫八079701	user079701@example.test	0900079701	城市F	2025-05-11
79702	周九079702	user079702@example.test	0900079702	城市G	2025-05-12
79703	吳十079703	user079703@example.test	0900079703	城市H	2025-05-13
79704	張三079704	user079704@example.test	0900079704	城市A	2025-05-14
79705	李四079705	user079705@example.test	0900079705	城市B	2025-05-15
79706	王五079706	user079706@example.test	0900079706	城市C	2025-05-16
79707	趙六079707	user079707@example.test	0900079707	城市D	2025-05-17
79708	錢七079708	user079708@example.test	0900079708	城市E	2025-05-18
79709	孫八079709	user079709@example.test	0900079709	城市F	2025-05-19
79710	周九079710	user079710@example.test	0900079710	城市G	2025-05-20
79801	李四079801	user079801@example.test	0900079801	城市B	2025-08-19
79802	王五079802	user079802@example.test	0900079802	城市C	2025-08-20
79803	趙六079803	user079803@example.test	0900079803	城市D	2025-08-21
79804	錢七079804	user079804@example.test	0900079804	城市E	2025-08-22
79805	孫八079805	user079805@example.test	0900079805	城市F	2025-08-23
79806	周九079806	user079806@example.test	0900079806	城市G	2025-08-24
79807	吳十079807	user079807@example.test	0900079807	城市H	2025-08-25
79808	張三079808	user079808@example.test	0900079808	城市A	2025-08-26
79809	李四079809	user079809@example.test	0900079809	城市B	2025-08-27
79810	王五079810	user079810@example.test	0900079810	城市C	2025-08-28
79901	孫八079901	user079901@example.test	0900079901	城市F	2025-11-27
79902	周九079902	user079902@example.test	0900079902	城市G	2025-11-28
79903	吳十079903	user079903@example.test	0900079903	城市H	2025-11-29
79904	張三079904	user079904@example.test	0900079904	城市A	2025-11-30
79905	李四079905	user079905@example.test	0900079905	城市B	2025-12-01
79906	王五079906	user079906@example.test	0900079906	城市C	2025-12-02
79907	趙六079907	user079907@example.test	0900079907	城市D	2025-12-03
79908	錢七079908	user079908@example.test	0900079908	城市E	2025-12-04
79909	孫八079909	user079909@example.test	0900079909	城市F	2025-12-05
79910	周九079910	user079910@example.test	0900079910	城市G	2025-12-06
80001	李四080001	user080001@example.test	0900080001	城市B	2023-03-08
80002	王五080002	user080002@example.test	0900080002	城市C	2023-03-09
80003	趙六080003	user080003@example.test	0900080003	城市D	2023-03-10
80004	錢七080004	user080004@example.test	0900080004	城市E	2023-03-11
80005	孫八080005	user080005@example.test	0900080005	城市F	2023-03-12
80006	周九080006	user080006@example.test	0900080006	城市G	2023-03-13
80007	吳十080007	user080007@example.test	0900080007	城市H	2023-03-14
80008	張三080008	user080008@example.test	0900080008	城市A	2023-03-15
80009	李四080009	user080009@example.test	0900080009	城市B	2023-03-16
80010	王五080010	user080010@example.test	0900080010	城市C	2023-03-17
80101	孫八080101	user080101@example.test	0900080101	城市F	2023-06-16
80102	周九080102	user080102@example.test	0900080102	城市G	2023-06-17
80103	吳十080103	user080103@example.test	0900080103	城市H	2023-06-18
80104	張三080104	user080104@example.test	0900080104	城市A	2023-06-19
80105	李四080105	user080105@example.test	0900080105	城市B	2023-06-20
80106	王五080106	user080106@example.test	0900080106	城市C	2023-06-21
80107	趙六080107	user080107@example.test	0900080107	城市D	2023-06-22
80108	錢七080108	user080108@example.test	0900080108	城市E	2023-06-23
80109	孫八080109	user080109@example.test	0900080109	城市F	2023-06-24
80110	周九080110	user080110@example.test	0900080110	城市G	2023-06-25
80201	李四080201	user080201@example.test	0900080201	城市B	2023-09-24
80202	王五080202	user080202@example.test	0900080202	城市C	2023-09-25
80203	趙六080203	user080203@example.test	0900080203	城市D	2023-09-26
80204	錢七080204	user080204@example.test	0900080204	城市E	2023-09-27
80205	孫八080205	user080205@example.test	0900080205	城市F	2023-09-28
80206	周九080206	user080206@example.test	0900080206	城市G	2023-09-29
80207	吳十080207	user080207@example.test	0900080207	城市H	2023-09-30
80208	張三080208	user080208@example.test	0900080208	城市A	2023-10-01
80209	李四080209	user080209@example.test	0900080209	城市B	2023-10-02
80210	王五080210	user080210@example.test	0900080210	城市C	2023-10-03
80301	孫八080301	user080301@example.test	0900080301	城市F	2024-01-02
80302	周九080302	user080302@example.test	0900080302	城市G	2024-01-03
80303	吳十080303	user080303@example.test	0900080303	城市H	2024-01-04
80304	張三080304	user080304@example.test	0900080304	城市A	2024-01-05
80305	李四080305	user080305@example.test	0900080305	城市B	2024-01-06
80306	王五080306	user080306@example.test	0900080306	城市C	2024-01-07
80307	趙六080307	user080307@example.test	0900080307	城市D	2024-01-08
80308	錢七080308	user080308@example.test	0900080308	城市E	2024-01-09
80309	孫八080309	user080309@example.test	0900080309	城市F	2024-01-10
80310	周九080310	user080310@example.test	0900080310	城市G	2024-01-11
80401	李四080401	user080401@example.test	0900080401	城市B	2024-04-11
80402	王五080402	user080402@example.test	0900080402	城市C	2024-04-12
80403	趙六080403	user080403@example.test	0900080403	城市D	2024-04-13
80404	錢七080404	user080404@example.test	0900080404	城市E	2024-04-14
80405	孫八080405	user080405@example.test	0900080405	城市F	2024-04-15
80406	周九080406	user080406@example.test	0900080406	城市G	2024-04-16
80407	吳十080407	user080407@example.test	0900080407	城市H	2024-04-17
80408	張三080408	user080408@example.test	0900080408	城市A	2024-04-18
80409	李四080409	user080409@example.test	0900080409	城市B	2024-04-19
80410	王五080410	user080410@example.test	0900080410	城市C	2024-04-20
80501	孫八080501	user080501@example.test	0900080501	城市F	2024-07-20
80502	周九080502	user080502@example.test	0900080502	城市G	2024-07-21
80503	吳十080503	user080503@example.test	0900080503	城市H	2024-07-22
80504	張三080504	user080504@example.test	0900080504	城市A	2024-07-23
80505	李四080505	user080505@example.test	0900080505	城市B	2024-07-24
80506	王五080506	user080506@example.test	0900080506	城市C	2024-07-25
80507	趙六080507	user080507@example.test	0900080507	城市D	2024-07-26
80508	錢七080508	user080508@example.test	0900080508	城市E	2024-07-27
80509	孫八080509	user080509@example.test	0900080509	城市F	2024-07-28
80510	周九080510	user080510@example.test	0900080510	城市G	2024-07-29
80601	李四080601	user080601@example.test	0900080601	城市B	2024-10-28
80602	王五080602	user080602@example.test	0900080602	城市C	2024-10-29
80603	趙六080603	user080603@example.test	0900080603	城市D	2024-10-30
80604	錢七080604	user080604@example.test	0900080604	城市E	2024-10-31
80605	孫八080605	user080605@example.test	0900080605	城市F	2024-11-01
80606	周九080606	user080606@example.test	0900080606	城市G	2024-11-02
80607	吳十080607	user080607@example.test	0900080607	城市H	2024-11-03
80608	張三080608	user080608@example.test	0900080608	城市A	2024-11-04
80609	李四080609	user080609@example.test	0900080609	城市B	2024-11-05
80610	王五080610	user080610@example.test	0900080610	城市C	2024-11-06
80701	孫八080701	user080701@example.test	0900080701	城市F	2025-02-05
80702	周九080702	user080702@example.test	0900080702	城市G	2025-02-06
80703	吳十080703	user080703@example.test	0900080703	城市H	2025-02-07
80704	張三080704	user080704@example.test	0900080704	城市A	2025-02-08
80705	李四080705	user080705@example.test	0900080705	城市B	2025-02-09
80706	王五080706	user080706@example.test	0900080706	城市C	2025-02-10
80707	趙六080707	user080707@example.test	0900080707	城市D	2025-02-11
80708	錢七080708	user080708@example.test	0900080708	城市E	2025-02-12
80709	孫八080709	user080709@example.test	0900080709	城市F	2025-02-13
80710	周九080710	user080710@example.test	0900080710	城市G	2025-02-14
80801	李四080801	user080801@example.test	0900080801	城市B	2025-05-16
80802	王五080802	user080802@example.test	0900080802	城市C	2025-05-17
80803	趙六080803	user080803@example.test	0900080803	城市D	2025-05-18
80804	錢七080804	user080804@example.test	0900080804	城市E	2025-05-19
80805	孫八080805	user080805@example.test	0900080805	城市F	2025-05-20
80806	周九080806	user080806@example.test	0900080806	城市G	2025-05-21
80807	吳十080807	user080807@example.test	0900080807	城市H	2025-05-22
80808	張三080808	user080808@example.test	0900080808	城市A	2025-05-23
80809	李四080809	user080809@example.test	0900080809	城市B	2025-05-24
80810	王五080810	user080810@example.test	0900080810	城市C	2025-05-25
80901	孫八080901	user080901@example.test	0900080901	城市F	2025-08-24
80902	周九080902	user080902@example.test	0900080902	城市G	2025-08-25
80903	吳十080903	user080903@example.test	0900080903	城市H	2025-08-26
80904	張三080904	user080904@example.test	0900080904	城市A	2025-08-27
80905	李四080905	user080905@example.test	0900080905	城市B	2025-08-28
80906	王五080906	user080906@example.test	0900080906	城市C	2025-08-29
80907	趙六080907	user080907@example.test	0900080907	城市D	2025-08-30
80908	錢七080908	user080908@example.test	0900080908	城市E	2025-08-31
80909	孫八080909	user080909@example.test	0900080909	城市F	2025-09-01
80910	周九080910	user080910@example.test	0900080910	城市G	2025-09-02
81001	李四081001	user081001@example.test	0900081001	城市B	2025-12-02
81002	王五081002	user081002@example.test	0900081002	城市C	2025-12-03
81003	趙六081003	user081003@example.test	0900081003	城市D	2025-12-04
81004	錢七081004	user081004@example.test	0900081004	城市E	2025-12-05
81005	孫八081005	user081005@example.test	0900081005	城市F	2025-12-06
81006	周九081006	user081006@example.test	0900081006	城市G	2025-12-07
81007	吳十081007	user081007@example.test	0900081007	城市H	2025-12-08
81008	張三081008	user081008@example.test	0900081008	城市A	2025-12-09
81009	李四081009	user081009@example.test	0900081009	城市B	2025-12-10
81010	王五081010	user081010@example.test	0900081010	城市C	2025-12-11
81101	孫八081101	user081101@example.test	0900081101	城市F	2023-03-13
81102	周九081102	user081102@example.test	0900081102	城市G	2023-03-14
81103	吳十081103	user081103@example.test	0900081103	城市H	2023-03-15
81104	張三081104	user081104@example.test	0900081104	城市A	2023-03-16
81105	李四081105	user081105@example.test	0900081105	城市B	2023-03-17
81106	王五081106	user081106@example.test	0900081106	城市C	2023-03-18
81107	趙六081107	user081107@example.test	0900081107	城市D	2023-03-19
81108	錢七081108	user081108@example.test	0900081108	城市E	2023-03-20
81109	孫八081109	user081109@example.test	0900081109	城市F	2023-03-21
81110	周九081110	user081110@example.test	0900081110	城市G	2023-03-22
81201	李四081201	user081201@example.test	0900081201	城市B	2023-06-21
81202	王五081202	user081202@example.test	0900081202	城市C	2023-06-22
81203	趙六081203	user081203@example.test	0900081203	城市D	2023-06-23
81204	錢七081204	user081204@example.test	0900081204	城市E	2023-06-24
81205	孫八081205	user081205@example.test	0900081205	城市F	2023-06-25
81206	周九081206	user081206@example.test	0900081206	城市G	2023-06-26
81207	吳十081207	user081207@example.test	0900081207	城市H	2023-06-27
81208	張三081208	user081208@example.test	0900081208	城市A	2023-06-28
81209	李四081209	user081209@example.test	0900081209	城市B	2023-06-29
81210	王五081210	user081210@example.test	0900081210	城市C	2023-06-30
81301	孫八081301	user081301@example.test	0900081301	城市F	2023-09-29
81302	周九081302	user081302@example.test	0900081302	城市G	2023-09-30
81303	吳十081303	user081303@example.test	0900081303	城市H	2023-10-01
81304	張三081304	user081304@example.test	0900081304	城市A	2023-10-02
81305	李四081305	user081305@example.test	0900081305	城市B	2023-10-03
81306	王五081306	user081306@example.test	0900081306	城市C	2023-10-04
81307	趙六081307	user081307@example.test	0900081307	城市D	2023-10-05
81308	錢七081308	user081308@example.test	0900081308	城市E	2023-10-06
81309	孫八081309	user081309@example.test	0900081309	城市F	2023-10-07
81310	周九081310	user081310@example.test	0900081310	城市G	2023-10-08
81401	李四081401	user081401@example.test	0900081401	城市B	2024-01-07
81402	王五081402	user081402@example.test	0900081402	城市C	2024-01-08
81403	趙六081403	user081403@example.test	0900081403	城市D	2024-01-09
81404	錢七081404	user081404@example.test	0900081404	城市E	2024-01-10
81405	孫八081405	user081405@example.test	0900081405	城市F	2024-01-11
81406	周九081406	user081406@example.test	0900081406	城市G	2024-01-12
81407	吳十081407	user081407@example.test	0900081407	城市H	2024-01-13
81408	張三081408	user081408@example.test	0900081408	城市A	2024-01-14
81409	李四081409	user081409@example.test	0900081409	城市B	2024-01-15
81410	王五081410	user081410@example.test	0900081410	城市C	2024-01-16
81501	孫八081501	user081501@example.test	0900081501	城市F	2024-04-16
81502	周九081502	user081502@example.test	0900081502	城市G	2024-04-17
81503	吳十081503	user081503@example.test	0900081503	城市H	2024-04-18
81504	張三081504	user081504@example.test	0900081504	城市A	2024-04-19
81505	李四081505	user081505@example.test	0900081505	城市B	2024-04-20
81506	王五081506	user081506@example.test	0900081506	城市C	2024-04-21
81507	趙六081507	user081507@example.test	0900081507	城市D	2024-04-22
81508	錢七081508	user081508@example.test	0900081508	城市E	2024-04-23
81509	孫八081509	user081509@example.test	0900081509	城市F	2024-04-24
81510	周九081510	user081510@example.test	0900081510	城市G	2024-04-25
81601	李四081601	user081601@example.test	0900081601	城市B	2024-07-25
81602	王五081602	user081602@example.test	0900081602	城市C	2024-07-26
81603	趙六081603	user081603@example.test	0900081603	城市D	2024-07-27
81604	錢七081604	user081604@example.test	0900081604	城市E	2024-07-28
81605	孫八081605	user081605@example.test	0900081605	城市F	2024-07-29
81606	周九081606	user081606@example.test	0900081606	城市G	2024-07-30
81607	吳十081607	user081607@example.test	0900081607	城市H	2024-07-31
81608	張三081608	user081608@example.test	0900081608	城市A	2024-08-01
81609	李四081609	user081609@example.test	0900081609	城市B	2024-08-02
81610	王五081610	user081610@example.test	0900081610	城市C	2024-08-03
81701	孫八081701	user081701@example.test	0900081701	城市F	2024-11-02
81702	周九081702	user081702@example.test	0900081702	城市G	2024-11-03
81703	吳十081703	user081703@example.test	0900081703	城市H	2024-11-04
81704	張三081704	user081704@example.test	0900081704	城市A	2024-11-05
81705	李四081705	user081705@example.test	0900081705	城市B	2024-11-06
81706	王五081706	user081706@example.test	0900081706	城市C	2024-11-07
81707	趙六081707	user081707@example.test	0900081707	城市D	2024-11-08
81708	錢七081708	user081708@example.test	0900081708	城市E	2024-11-09
81709	孫八081709	user081709@example.test	0900081709	城市F	2024-11-10
81710	周九081710	user081710@example.test	0900081710	城市G	2024-11-11
81801	李四081801	user081801@example.test	0900081801	城市B	2025-02-10
81802	王五081802	user081802@example.test	0900081802	城市C	2025-02-11
81803	趙六081803	user081803@example.test	0900081803	城市D	2025-02-12
81804	錢七081804	user081804@example.test	0900081804	城市E	2025-02-13
81805	孫八081805	user081805@example.test	0900081805	城市F	2025-02-14
81806	周九081806	user081806@example.test	0900081806	城市G	2025-02-15
81807	吳十081807	user081807@example.test	0900081807	城市H	2025-02-16
81808	張三081808	user081808@example.test	0900081808	城市A	2025-02-17
81809	李四081809	user081809@example.test	0900081809	城市B	2025-02-18
81810	王五081810	user081810@example.test	0900081810	城市C	2025-02-19
81901	孫八081901	user081901@example.test	0900081901	城市F	2025-05-21
81902	周九081902	user081902@example.test	0900081902	城市G	2025-05-22
81903	吳十081903	user081903@example.test	0900081903	城市H	2025-05-23
81904	張三081904	user081904@example.test	0900081904	城市A	2025-05-24
81905	李四081905	user081905@example.test	0900081905	城市B	2025-05-25
81906	王五081906	user081906@example.test	0900081906	城市C	2025-05-26
81907	趙六081907	user081907@example.test	0900081907	城市D	2025-05-27
81908	錢七081908	user081908@example.test	0900081908	城市E	2025-05-28
81909	孫八081909	user081909@example.test	0900081909	城市F	2025-05-29
81910	周九081910	user081910@example.test	0900081910	城市G	2025-05-30
82001	李四082001	user082001@example.test	0900082001	城市B	2025-08-29
82002	王五082002	user082002@example.test	0900082002	城市C	2025-08-30
82003	趙六082003	user082003@example.test	0900082003	城市D	2025-08-31
82004	錢七082004	user082004@example.test	0900082004	城市E	2025-09-01
82005	孫八082005	user082005@example.test	0900082005	城市F	2025-09-02
82006	周九082006	user082006@example.test	0900082006	城市G	2025-09-03
82007	吳十082007	user082007@example.test	0900082007	城市H	2025-09-04
82008	張三082008	user082008@example.test	0900082008	城市A	2025-09-05
82009	李四082009	user082009@example.test	0900082009	城市B	2025-09-06
82010	王五082010	user082010@example.test	0900082010	城市C	2025-09-07
82101	孫八082101	user082101@example.test	0900082101	城市F	2025-12-07
82102	周九082102	user082102@example.test	0900082102	城市G	2025-12-08
82103	吳十082103	user082103@example.test	0900082103	城市H	2025-12-09
82104	張三082104	user082104@example.test	0900082104	城市A	2025-12-10
82105	李四082105	user082105@example.test	0900082105	城市B	2025-12-11
82106	王五082106	user082106@example.test	0900082106	城市C	2025-12-12
82107	趙六082107	user082107@example.test	0900082107	城市D	2025-12-13
82108	錢七082108	user082108@example.test	0900082108	城市E	2025-12-14
82109	孫八082109	user082109@example.test	0900082109	城市F	2025-12-15
82110	周九082110	user082110@example.test	0900082110	城市G	2025-12-16
82201	李四082201	user082201@example.test	0900082201	城市B	2023-03-18
82202	王五082202	user082202@example.test	0900082202	城市C	2023-03-19
82203	趙六082203	user082203@example.test	0900082203	城市D	2023-03-20
82204	錢七082204	user082204@example.test	0900082204	城市E	2023-03-21
82205	孫八082205	user082205@example.test	0900082205	城市F	2023-03-22
82206	周九082206	user082206@example.test	0900082206	城市G	2023-03-23
82207	吳十082207	user082207@example.test	0900082207	城市H	2023-03-24
82208	張三082208	user082208@example.test	0900082208	城市A	2023-03-25
82209	李四082209	user082209@example.test	0900082209	城市B	2023-03-26
82210	王五082210	user082210@example.test	0900082210	城市C	2023-03-27
82301	孫八082301	user082301@example.test	0900082301	城市F	2023-06-26
82302	周九082302	user082302@example.test	0900082302	城市G	2023-06-27
82303	吳十082303	user082303@example.test	0900082303	城市H	2023-06-28
82304	張三082304	user082304@example.test	0900082304	城市A	2023-06-29
82305	李四082305	user082305@example.test	0900082305	城市B	2023-06-30
82306	王五082306	user082306@example.test	0900082306	城市C	2023-07-01
82307	趙六082307	user082307@example.test	0900082307	城市D	2023-07-02
82308	錢七082308	user082308@example.test	0900082308	城市E	2023-07-03
82309	孫八082309	user082309@example.test	0900082309	城市F	2023-07-04
82310	周九082310	user082310@example.test	0900082310	城市G	2023-07-05
82401	李四082401	user082401@example.test	0900082401	城市B	2023-10-04
82402	王五082402	user082402@example.test	0900082402	城市C	2023-10-05
82403	趙六082403	user082403@example.test	0900082403	城市D	2023-10-06
82404	錢七082404	user082404@example.test	0900082404	城市E	2023-10-07
82405	孫八082405	user082405@example.test	0900082405	城市F	2023-10-08
82406	周九082406	user082406@example.test	0900082406	城市G	2023-10-09
82407	吳十082407	user082407@example.test	0900082407	城市H	2023-10-10
82408	張三082408	user082408@example.test	0900082408	城市A	2023-10-11
82409	李四082409	user082409@example.test	0900082409	城市B	2023-10-12
82410	王五082410	user082410@example.test	0900082410	城市C	2023-10-13
82501	孫八082501	user082501@example.test	0900082501	城市F	2024-01-12
82502	周九082502	user082502@example.test	0900082502	城市G	2024-01-13
82503	吳十082503	user082503@example.test	0900082503	城市H	2024-01-14
82504	張三082504	user082504@example.test	0900082504	城市A	2024-01-15
82505	李四082505	user082505@example.test	0900082505	城市B	2024-01-16
82506	王五082506	user082506@example.test	0900082506	城市C	2024-01-17
82507	趙六082507	user082507@example.test	0900082507	城市D	2024-01-18
82508	錢七082508	user082508@example.test	0900082508	城市E	2024-01-19
82509	孫八082509	user082509@example.test	0900082509	城市F	2024-01-20
82510	周九082510	user082510@example.test	0900082510	城市G	2024-01-21
82601	李四082601	user082601@example.test	0900082601	城市B	2024-04-21
82602	王五082602	user082602@example.test	0900082602	城市C	2024-04-22
82603	趙六082603	user082603@example.test	0900082603	城市D	2024-04-23
82604	錢七082604	user082604@example.test	0900082604	城市E	2024-04-24
82605	孫八082605	user082605@example.test	0900082605	城市F	2024-04-25
82606	周九082606	user082606@example.test	0900082606	城市G	2024-04-26
82607	吳十082607	user082607@example.test	0900082607	城市H	2024-04-27
82608	張三082608	user082608@example.test	0900082608	城市A	2024-04-28
82609	李四082609	user082609@example.test	0900082609	城市B	2024-04-29
82610	王五082610	user082610@example.test	0900082610	城市C	2024-04-30
82701	孫八082701	user082701@example.test	0900082701	城市F	2024-07-30
82702	周九082702	user082702@example.test	0900082702	城市G	2024-07-31
82703	吳十082703	user082703@example.test	0900082703	城市H	2024-08-01
82704	張三082704	user082704@example.test	0900082704	城市A	2024-08-02
82705	李四082705	user082705@example.test	0900082705	城市B	2024-08-03
82706	王五082706	user082706@example.test	0900082706	城市C	2024-08-04
82707	趙六082707	user082707@example.test	0900082707	城市D	2024-08-05
82708	錢七082708	user082708@example.test	0900082708	城市E	2024-08-06
82709	孫八082709	user082709@example.test	0900082709	城市F	2024-08-07
82710	周九082710	user082710@example.test	0900082710	城市G	2024-08-08
82801	李四082801	user082801@example.test	0900082801	城市B	2024-11-07
82802	王五082802	user082802@example.test	0900082802	城市C	2024-11-08
82803	趙六082803	user082803@example.test	0900082803	城市D	2024-11-09
82804	錢七082804	user082804@example.test	0900082804	城市E	2024-11-10
82805	孫八082805	user082805@example.test	0900082805	城市F	2024-11-11
82806	周九082806	user082806@example.test	0900082806	城市G	2024-11-12
82807	吳十082807	user082807@example.test	0900082807	城市H	2024-11-13
82808	張三082808	user082808@example.test	0900082808	城市A	2024-11-14
82809	李四082809	user082809@example.test	0900082809	城市B	2024-11-15
82810	王五082810	user082810@example.test	0900082810	城市C	2024-11-16
82901	孫八082901	user082901@example.test	0900082901	城市F	2025-02-15
82902	周九082902	user082902@example.test	0900082902	城市G	2025-02-16
82903	吳十082903	user082903@example.test	0900082903	城市H	2025-02-17
82904	張三082904	user082904@example.test	0900082904	城市A	2025-02-18
82905	李四082905	user082905@example.test	0900082905	城市B	2025-02-19
82906	王五082906	user082906@example.test	0900082906	城市C	2025-02-20
82907	趙六082907	user082907@example.test	0900082907	城市D	2025-02-21
82908	錢七082908	user082908@example.test	0900082908	城市E	2025-02-22
82909	孫八082909	user082909@example.test	0900082909	城市F	2025-02-23
82910	周九082910	user082910@example.test	0900082910	城市G	2025-02-24
83001	李四083001	user083001@example.test	0900083001	城市B	2025-05-26
83002	王五083002	user083002@example.test	0900083002	城市C	2025-05-27
83003	趙六083003	user083003@example.test	0900083003	城市D	2025-05-28
83004	錢七083004	user083004@example.test	0900083004	城市E	2025-05-29
83005	孫八083005	user083005@example.test	0900083005	城市F	2025-05-30
83006	周九083006	user083006@example.test	0900083006	城市G	2025-05-31
83007	吳十083007	user083007@example.test	0900083007	城市H	2025-06-01
83008	張三083008	user083008@example.test	0900083008	城市A	2025-06-02
83009	李四083009	user083009@example.test	0900083009	城市B	2025-06-03
83010	王五083010	user083010@example.test	0900083010	城市C	2025-06-04
83101	孫八083101	user083101@example.test	0900083101	城市F	2025-09-03
83102	周九083102	user083102@example.test	0900083102	城市G	2025-09-04
83103	吳十083103	user083103@example.test	0900083103	城市H	2025-09-05
83104	張三083104	user083104@example.test	0900083104	城市A	2025-09-06
83105	李四083105	user083105@example.test	0900083105	城市B	2025-09-07
83106	王五083106	user083106@example.test	0900083106	城市C	2025-09-08
83107	趙六083107	user083107@example.test	0900083107	城市D	2025-09-09
83108	錢七083108	user083108@example.test	0900083108	城市E	2025-09-10
83109	孫八083109	user083109@example.test	0900083109	城市F	2025-09-11
83110	周九083110	user083110@example.test	0900083110	城市G	2025-09-12
83201	李四083201	user083201@example.test	0900083201	城市B	2025-12-12
83202	王五083202	user083202@example.test	0900083202	城市C	2025-12-13
83203	趙六083203	user083203@example.test	0900083203	城市D	2025-12-14
83204	錢七083204	user083204@example.test	0900083204	城市E	2025-12-15
83205	孫八083205	user083205@example.test	0900083205	城市F	2025-12-16
83206	周九083206	user083206@example.test	0900083206	城市G	2025-12-17
83207	吳十083207	user083207@example.test	0900083207	城市H	2025-12-18
83208	張三083208	user083208@example.test	0900083208	城市A	2025-12-19
83209	李四083209	user083209@example.test	0900083209	城市B	2025-12-20
83210	王五083210	user083210@example.test	0900083210	城市C	2025-12-21
83301	孫八083301	user083301@example.test	0900083301	城市F	2023-03-23
83302	周九083302	user083302@example.test	0900083302	城市G	2023-03-24
83303	吳十083303	user083303@example.test	0900083303	城市H	2023-03-25
83304	張三083304	user083304@example.test	0900083304	城市A	2023-03-26
83305	李四083305	user083305@example.test	0900083305	城市B	2023-03-27
83306	王五083306	user083306@example.test	0900083306	城市C	2023-03-28
83307	趙六083307	user083307@example.test	0900083307	城市D	2023-03-29
83308	錢七083308	user083308@example.test	0900083308	城市E	2023-03-30
83309	孫八083309	user083309@example.test	0900083309	城市F	2023-03-31
83310	周九083310	user083310@example.test	0900083310	城市G	2023-04-01
83401	李四083401	user083401@example.test	0900083401	城市B	2023-07-01
83402	王五083402	user083402@example.test	0900083402	城市C	2023-07-02
83403	趙六083403	user083403@example.test	0900083403	城市D	2023-07-03
83404	錢七083404	user083404@example.test	0900083404	城市E	2023-07-04
83405	孫八083405	user083405@example.test	0900083405	城市F	2023-07-05
83406	周九083406	user083406@example.test	0900083406	城市G	2023-07-06
83407	吳十083407	user083407@example.test	0900083407	城市H	2023-07-07
83408	張三083408	user083408@example.test	0900083408	城市A	2023-07-08
83409	李四083409	user083409@example.test	0900083409	城市B	2023-07-09
83410	王五083410	user083410@example.test	0900083410	城市C	2023-07-10
83501	孫八083501	user083501@example.test	0900083501	城市F	2023-10-09
83502	周九083502	user083502@example.test	0900083502	城市G	2023-10-10
83503	吳十083503	user083503@example.test	0900083503	城市H	2023-10-11
83504	張三083504	user083504@example.test	0900083504	城市A	2023-10-12
83505	李四083505	user083505@example.test	0900083505	城市B	2023-10-13
83506	王五083506	user083506@example.test	0900083506	城市C	2023-10-14
83507	趙六083507	user083507@example.test	0900083507	城市D	2023-10-15
83508	錢七083508	user083508@example.test	0900083508	城市E	2023-10-16
83509	孫八083509	user083509@example.test	0900083509	城市F	2023-10-17
83510	周九083510	user083510@example.test	0900083510	城市G	2023-10-18
83601	李四083601	user083601@example.test	0900083601	城市B	2024-01-17
83602	王五083602	user083602@example.test	0900083602	城市C	2024-01-18
83603	趙六083603	user083603@example.test	0900083603	城市D	2024-01-19
83604	錢七083604	user083604@example.test	0900083604	城市E	2024-01-20
83605	孫八083605	user083605@example.test	0900083605	城市F	2024-01-21
83606	周九083606	user083606@example.test	0900083606	城市G	2024-01-22
83607	吳十083607	user083607@example.test	0900083607	城市H	2024-01-23
83608	張三083608	user083608@example.test	0900083608	城市A	2024-01-24
83609	李四083609	user083609@example.test	0900083609	城市B	2024-01-25
83610	王五083610	user083610@example.test	0900083610	城市C	2024-01-26
83701	孫八083701	user083701@example.test	0900083701	城市F	2024-04-26
83702	周九083702	user083702@example.test	0900083702	城市G	2024-04-27
83703	吳十083703	user083703@example.test	0900083703	城市H	2024-04-28
83704	張三083704	user083704@example.test	0900083704	城市A	2024-04-29
83705	李四083705	user083705@example.test	0900083705	城市B	2024-04-30
83706	王五083706	user083706@example.test	0900083706	城市C	2024-05-01
83707	趙六083707	user083707@example.test	0900083707	城市D	2024-05-02
83708	錢七083708	user083708@example.test	0900083708	城市E	2024-05-03
83709	孫八083709	user083709@example.test	0900083709	城市F	2024-05-04
83710	周九083710	user083710@example.test	0900083710	城市G	2024-05-05
83801	李四083801	user083801@example.test	0900083801	城市B	2024-08-04
83802	王五083802	user083802@example.test	0900083802	城市C	2024-08-05
83803	趙六083803	user083803@example.test	0900083803	城市D	2024-08-06
83804	錢七083804	user083804@example.test	0900083804	城市E	2024-08-07
83805	孫八083805	user083805@example.test	0900083805	城市F	2024-08-08
83806	周九083806	user083806@example.test	0900083806	城市G	2024-08-09
83807	吳十083807	user083807@example.test	0900083807	城市H	2024-08-10
83808	張三083808	user083808@example.test	0900083808	城市A	2024-08-11
83809	李四083809	user083809@example.test	0900083809	城市B	2024-08-12
83810	王五083810	user083810@example.test	0900083810	城市C	2024-08-13
83901	孫八083901	user083901@example.test	0900083901	城市F	2024-11-12
83902	周九083902	user083902@example.test	0900083902	城市G	2024-11-13
83903	吳十083903	user083903@example.test	0900083903	城市H	2024-11-14
83904	張三083904	user083904@example.test	0900083904	城市A	2024-11-15
83905	李四083905	user083905@example.test	0900083905	城市B	2024-11-16
83906	王五083906	user083906@example.test	0900083906	城市C	2024-11-17
83907	趙六083907	user083907@example.test	0900083907	城市D	2024-11-18
83908	錢七083908	user083908@example.test	0900083908	城市E	2024-11-19
83909	孫八083909	user083909@example.test	0900083909	城市F	2024-11-20
83910	周九083910	user083910@example.test	0900083910	城市G	2024-11-21
84001	李四084001	user084001@example.test	0900084001	城市B	2025-02-20
84002	王五084002	user084002@example.test	0900084002	城市C	2025-02-21
84003	趙六084003	user084003@example.test	0900084003	城市D	2025-02-22
84004	錢七084004	user084004@example.test	0900084004	城市E	2025-02-23
84005	孫八084005	user084005@example.test	0900084005	城市F	2025-02-24
84006	周九084006	user084006@example.test	0900084006	城市G	2025-02-25
84007	吳十084007	user084007@example.test	0900084007	城市H	2025-02-26
84008	張三084008	user084008@example.test	0900084008	城市A	2025-02-27
84009	李四084009	user084009@example.test	0900084009	城市B	2025-02-28
84010	王五084010	user084010@example.test	0900084010	城市C	2025-03-01
84101	孫八084101	user084101@example.test	0900084101	城市F	2025-05-31
84102	周九084102	user084102@example.test	0900084102	城市G	2025-06-01
84103	吳十084103	user084103@example.test	0900084103	城市H	2025-06-02
84104	張三084104	user084104@example.test	0900084104	城市A	2025-06-03
84105	李四084105	user084105@example.test	0900084105	城市B	2025-06-04
84106	王五084106	user084106@example.test	0900084106	城市C	2025-06-05
84107	趙六084107	user084107@example.test	0900084107	城市D	2025-06-06
84108	錢七084108	user084108@example.test	0900084108	城市E	2025-06-07
84109	孫八084109	user084109@example.test	0900084109	城市F	2025-06-08
84110	周九084110	user084110@example.test	0900084110	城市G	2025-06-09
84201	李四084201	user084201@example.test	0900084201	城市B	2025-09-08
84202	王五084202	user084202@example.test	0900084202	城市C	2025-09-09
84203	趙六084203	user084203@example.test	0900084203	城市D	2025-09-10
84204	錢七084204	user084204@example.test	0900084204	城市E	2025-09-11
84205	孫八084205	user084205@example.test	0900084205	城市F	2025-09-12
84206	周九084206	user084206@example.test	0900084206	城市G	2025-09-13
84207	吳十084207	user084207@example.test	0900084207	城市H	2025-09-14
84208	張三084208	user084208@example.test	0900084208	城市A	2025-09-15
84209	李四084209	user084209@example.test	0900084209	城市B	2025-09-16
84210	王五084210	user084210@example.test	0900084210	城市C	2025-09-17
84301	孫八084301	user084301@example.test	0900084301	城市F	2025-12-17
84302	周九084302	user084302@example.test	0900084302	城市G	2025-12-18
84303	吳十084303	user084303@example.test	0900084303	城市H	2025-12-19
84304	張三084304	user084304@example.test	0900084304	城市A	2025-12-20
84305	李四084305	user084305@example.test	0900084305	城市B	2025-12-21
84306	王五084306	user084306@example.test	0900084306	城市C	2025-12-22
84307	趙六084307	user084307@example.test	0900084307	城市D	2025-12-23
84308	錢七084308	user084308@example.test	0900084308	城市E	2025-12-24
84309	孫八084309	user084309@example.test	0900084309	城市F	2025-12-25
84310	周九084310	user084310@example.test	0900084310	城市G	2025-12-26
84401	李四084401	user084401@example.test	0900084401	城市B	2023-03-28
84402	王五084402	user084402@example.test	0900084402	城市C	2023-03-29
84403	趙六084403	user084403@example.test	0900084403	城市D	2023-03-30
84404	錢七084404	user084404@example.test	0900084404	城市E	2023-03-31
84405	孫八084405	user084405@example.test	0900084405	城市F	2023-04-01
84406	周九084406	user084406@example.test	0900084406	城市G	2023-04-02
84407	吳十084407	user084407@example.test	0900084407	城市H	2023-04-03
84408	張三084408	user084408@example.test	0900084408	城市A	2023-04-04
84409	李四084409	user084409@example.test	0900084409	城市B	2023-04-05
84410	王五084410	user084410@example.test	0900084410	城市C	2023-04-06
84501	孫八084501	user084501@example.test	0900084501	城市F	2023-07-06
84502	周九084502	user084502@example.test	0900084502	城市G	2023-07-07
84503	吳十084503	user084503@example.test	0900084503	城市H	2023-07-08
84504	張三084504	user084504@example.test	0900084504	城市A	2023-07-09
84505	李四084505	user084505@example.test	0900084505	城市B	2023-07-10
84506	王五084506	user084506@example.test	0900084506	城市C	2023-07-11
84507	趙六084507	user084507@example.test	0900084507	城市D	2023-07-12
84508	錢七084508	user084508@example.test	0900084508	城市E	2023-07-13
84509	孫八084509	user084509@example.test	0900084509	城市F	2023-07-14
84510	周九084510	user084510@example.test	0900084510	城市G	2023-07-15
84601	李四084601	user084601@example.test	0900084601	城市B	2023-10-14
84602	王五084602	user084602@example.test	0900084602	城市C	2023-10-15
84603	趙六084603	user084603@example.test	0900084603	城市D	2023-10-16
84604	錢七084604	user084604@example.test	0900084604	城市E	2023-10-17
84605	孫八084605	user084605@example.test	0900084605	城市F	2023-10-18
84606	周九084606	user084606@example.test	0900084606	城市G	2023-10-19
84607	吳十084607	user084607@example.test	0900084607	城市H	2023-10-20
84608	張三084608	user084608@example.test	0900084608	城市A	2023-10-21
84609	李四084609	user084609@example.test	0900084609	城市B	2023-10-22
84610	王五084610	user084610@example.test	0900084610	城市C	2023-10-23
84701	孫八084701	user084701@example.test	0900084701	城市F	2024-01-22
84702	周九084702	user084702@example.test	0900084702	城市G	2024-01-23
84703	吳十084703	user084703@example.test	0900084703	城市H	2024-01-24
84704	張三084704	user084704@example.test	0900084704	城市A	2024-01-25
84705	李四084705	user084705@example.test	0900084705	城市B	2024-01-26
84706	王五084706	user084706@example.test	0900084706	城市C	2024-01-27
84707	趙六084707	user084707@example.test	0900084707	城市D	2024-01-28
84708	錢七084708	user084708@example.test	0900084708	城市E	2024-01-29
84709	孫八084709	user084709@example.test	0900084709	城市F	2024-01-30
84710	周九084710	user084710@example.test	0900084710	城市G	2024-01-31
84801	李四084801	user084801@example.test	0900084801	城市B	2024-05-01
84802	王五084802	user084802@example.test	0900084802	城市C	2024-05-02
84803	趙六084803	user084803@example.test	0900084803	城市D	2024-05-03
84804	錢七084804	user084804@example.test	0900084804	城市E	2024-05-04
84805	孫八084805	user084805@example.test	0900084805	城市F	2024-05-05
84806	周九084806	user084806@example.test	0900084806	城市G	2024-05-06
84807	吳十084807	user084807@example.test	0900084807	城市H	2024-05-07
84808	張三084808	user084808@example.test	0900084808	城市A	2024-05-08
84809	李四084809	user084809@example.test	0900084809	城市B	2024-05-09
84810	王五084810	user084810@example.test	0900084810	城市C	2024-05-10
84901	孫八084901	user084901@example.test	0900084901	城市F	2024-08-09
84902	周九084902	user084902@example.test	0900084902	城市G	2024-08-10
84903	吳十084903	user084903@example.test	0900084903	城市H	2024-08-11
84904	張三084904	user084904@example.test	0900084904	城市A	2024-08-12
84905	李四084905	user084905@example.test	0900084905	城市B	2024-08-13
84906	王五084906	user084906@example.test	0900084906	城市C	2024-08-14
84907	趙六084907	user084907@example.test	0900084907	城市D	2024-08-15
84908	錢七084908	user084908@example.test	0900084908	城市E	2024-08-16
84909	孫八084909	user084909@example.test	0900084909	城市F	2024-08-17
84910	周九084910	user084910@example.test	0900084910	城市G	2024-08-18
85001	李四085001	user085001@example.test	0900085001	城市B	2024-11-17
85002	王五085002	user085002@example.test	0900085002	城市C	2024-11-18
85003	趙六085003	user085003@example.test	0900085003	城市D	2024-11-19
85004	錢七085004	user085004@example.test	0900085004	城市E	2024-11-20
85005	孫八085005	user085005@example.test	0900085005	城市F	2024-11-21
85006	周九085006	user085006@example.test	0900085006	城市G	2024-11-22
85007	吳十085007	user085007@example.test	0900085007	城市H	2024-11-23
85008	張三085008	user085008@example.test	0900085008	城市A	2024-11-24
85009	李四085009	user085009@example.test	0900085009	城市B	2024-11-25
85010	王五085010	user085010@example.test	0900085010	城市C	2024-11-26
85101	孫八085101	user085101@example.test	0900085101	城市F	2025-02-25
85102	周九085102	user085102@example.test	0900085102	城市G	2025-02-26
85103	吳十085103	user085103@example.test	0900085103	城市H	2025-02-27
85104	張三085104	user085104@example.test	0900085104	城市A	2025-02-28
85105	李四085105	user085105@example.test	0900085105	城市B	2025-03-01
85106	王五085106	user085106@example.test	0900085106	城市C	2025-03-02
85107	趙六085107	user085107@example.test	0900085107	城市D	2025-03-03
85108	錢七085108	user085108@example.test	0900085108	城市E	2025-03-04
85109	孫八085109	user085109@example.test	0900085109	城市F	2025-03-05
85110	周九085110	user085110@example.test	0900085110	城市G	2025-03-06
85201	李四085201	user085201@example.test	0900085201	城市B	2025-06-05
85202	王五085202	user085202@example.test	0900085202	城市C	2025-06-06
85203	趙六085203	user085203@example.test	0900085203	城市D	2025-06-07
85204	錢七085204	user085204@example.test	0900085204	城市E	2025-06-08
85205	孫八085205	user085205@example.test	0900085205	城市F	2025-06-09
85206	周九085206	user085206@example.test	0900085206	城市G	2025-06-10
85207	吳十085207	user085207@example.test	0900085207	城市H	2025-06-11
85208	張三085208	user085208@example.test	0900085208	城市A	2025-06-12
85209	李四085209	user085209@example.test	0900085209	城市B	2025-06-13
85210	王五085210	user085210@example.test	0900085210	城市C	2025-06-14
85301	孫八085301	user085301@example.test	0900085301	城市F	2025-09-13
85302	周九085302	user085302@example.test	0900085302	城市G	2025-09-14
85303	吳十085303	user085303@example.test	0900085303	城市H	2025-09-15
85304	張三085304	user085304@example.test	0900085304	城市A	2025-09-16
85305	李四085305	user085305@example.test	0900085305	城市B	2025-09-17
85306	王五085306	user085306@example.test	0900085306	城市C	2025-09-18
85307	趙六085307	user085307@example.test	0900085307	城市D	2025-09-19
85308	錢七085308	user085308@example.test	0900085308	城市E	2025-09-20
85309	孫八085309	user085309@example.test	0900085309	城市F	2025-09-21
85310	周九085310	user085310@example.test	0900085310	城市G	2025-09-22
85401	李四085401	user085401@example.test	0900085401	城市B	2025-12-22
85402	王五085402	user085402@example.test	0900085402	城市C	2025-12-23
85403	趙六085403	user085403@example.test	0900085403	城市D	2025-12-24
85404	錢七085404	user085404@example.test	0900085404	城市E	2025-12-25
85405	孫八085405	user085405@example.test	0900085405	城市F	2025-12-26
85406	周九085406	user085406@example.test	0900085406	城市G	2025-12-27
85407	吳十085407	user085407@example.test	0900085407	城市H	2025-12-28
85408	張三085408	user085408@example.test	0900085408	城市A	2025-12-29
85409	李四085409	user085409@example.test	0900085409	城市B	2025-12-30
85410	王五085410	user085410@example.test	0900085410	城市C	2023-01-01
85501	孫八085501	user085501@example.test	0900085501	城市F	2023-04-02
85502	周九085502	user085502@example.test	0900085502	城市G	2023-04-03
85503	吳十085503	user085503@example.test	0900085503	城市H	2023-04-04
85504	張三085504	user085504@example.test	0900085504	城市A	2023-04-05
85505	李四085505	user085505@example.test	0900085505	城市B	2023-04-06
85506	王五085506	user085506@example.test	0900085506	城市C	2023-04-07
85507	趙六085507	user085507@example.test	0900085507	城市D	2023-04-08
85508	錢七085508	user085508@example.test	0900085508	城市E	2023-04-09
85509	孫八085509	user085509@example.test	0900085509	城市F	2023-04-10
85510	周九085510	user085510@example.test	0900085510	城市G	2023-04-11
85601	李四085601	user085601@example.test	0900085601	城市B	2023-07-11
85602	王五085602	user085602@example.test	0900085602	城市C	2023-07-12
85603	趙六085603	user085603@example.test	0900085603	城市D	2023-07-13
85604	錢七085604	user085604@example.test	0900085604	城市E	2023-07-14
85605	孫八085605	user085605@example.test	0900085605	城市F	2023-07-15
85606	周九085606	user085606@example.test	0900085606	城市G	2023-07-16
85607	吳十085607	user085607@example.test	0900085607	城市H	2023-07-17
85608	張三085608	user085608@example.test	0900085608	城市A	2023-07-18
85609	李四085609	user085609@example.test	0900085609	城市B	2023-07-19
85610	王五085610	user085610@example.test	0900085610	城市C	2023-07-20
85701	孫八085701	user085701@example.test	0900085701	城市F	2023-10-19
85702	周九085702	user085702@example.test	0900085702	城市G	2023-10-20
85703	吳十085703	user085703@example.test	0900085703	城市H	2023-10-21
85704	張三085704	user085704@example.test	0900085704	城市A	2023-10-22
85705	李四085705	user085705@example.test	0900085705	城市B	2023-10-23
85706	王五085706	user085706@example.test	0900085706	城市C	2023-10-24
85707	趙六085707	user085707@example.test	0900085707	城市D	2023-10-25
85708	錢七085708	user085708@example.test	0900085708	城市E	2023-10-26
85709	孫八085709	user085709@example.test	0900085709	城市F	2023-10-27
85710	周九085710	user085710@example.test	0900085710	城市G	2023-10-28
85801	李四085801	user085801@example.test	0900085801	城市B	2024-01-27
85802	王五085802	user085802@example.test	0900085802	城市C	2024-01-28
85803	趙六085803	user085803@example.test	0900085803	城市D	2024-01-29
85804	錢七085804	user085804@example.test	0900085804	城市E	2024-01-30
85805	孫八085805	user085805@example.test	0900085805	城市F	2024-01-31
85806	周九085806	user085806@example.test	0900085806	城市G	2024-02-01
85807	吳十085807	user085807@example.test	0900085807	城市H	2024-02-02
85808	張三085808	user085808@example.test	0900085808	城市A	2024-02-03
85809	李四085809	user085809@example.test	0900085809	城市B	2024-02-04
85810	王五085810	user085810@example.test	0900085810	城市C	2024-02-05
85901	孫八085901	user085901@example.test	0900085901	城市F	2024-05-06
85902	周九085902	user085902@example.test	0900085902	城市G	2024-05-07
85903	吳十085903	user085903@example.test	0900085903	城市H	2024-05-08
85904	張三085904	user085904@example.test	0900085904	城市A	2024-05-09
85905	李四085905	user085905@example.test	0900085905	城市B	2024-05-10
85906	王五085906	user085906@example.test	0900085906	城市C	2024-05-11
85907	趙六085907	user085907@example.test	0900085907	城市D	2024-05-12
85908	錢七085908	user085908@example.test	0900085908	城市E	2024-05-13
85909	孫八085909	user085909@example.test	0900085909	城市F	2024-05-14
85910	周九085910	user085910@example.test	0900085910	城市G	2024-05-15
86001	李四086001	user086001@example.test	0900086001	城市B	2024-08-14
86002	王五086002	user086002@example.test	0900086002	城市C	2024-08-15
86003	趙六086003	user086003@example.test	0900086003	城市D	2024-08-16
86004	錢七086004	user086004@example.test	0900086004	城市E	2024-08-17
86005	孫八086005	user086005@example.test	0900086005	城市F	2024-08-18
86006	周九086006	user086006@example.test	0900086006	城市G	2024-08-19
86007	吳十086007	user086007@example.test	0900086007	城市H	2024-08-20
86008	張三086008	user086008@example.test	0900086008	城市A	2024-08-21
86009	李四086009	user086009@example.test	0900086009	城市B	2024-08-22
86010	王五086010	user086010@example.test	0900086010	城市C	2024-08-23
86101	孫八086101	user086101@example.test	0900086101	城市F	2024-11-22
86102	周九086102	user086102@example.test	0900086102	城市G	2024-11-23
86103	吳十086103	user086103@example.test	0900086103	城市H	2024-11-24
86104	張三086104	user086104@example.test	0900086104	城市A	2024-11-25
86105	李四086105	user086105@example.test	0900086105	城市B	2024-11-26
86106	王五086106	user086106@example.test	0900086106	城市C	2024-11-27
86107	趙六086107	user086107@example.test	0900086107	城市D	2024-11-28
86108	錢七086108	user086108@example.test	0900086108	城市E	2024-11-29
86109	孫八086109	user086109@example.test	0900086109	城市F	2024-11-30
86110	周九086110	user086110@example.test	0900086110	城市G	2024-12-01
86201	李四086201	user086201@example.test	0900086201	城市B	2025-03-02
86202	王五086202	user086202@example.test	0900086202	城市C	2025-03-03
86203	趙六086203	user086203@example.test	0900086203	城市D	2025-03-04
86204	錢七086204	user086204@example.test	0900086204	城市E	2025-03-05
86205	孫八086205	user086205@example.test	0900086205	城市F	2025-03-06
86206	周九086206	user086206@example.test	0900086206	城市G	2025-03-07
86207	吳十086207	user086207@example.test	0900086207	城市H	2025-03-08
86208	張三086208	user086208@example.test	0900086208	城市A	2025-03-09
86209	李四086209	user086209@example.test	0900086209	城市B	2025-03-10
86210	王五086210	user086210@example.test	0900086210	城市C	2025-03-11
86301	孫八086301	user086301@example.test	0900086301	城市F	2025-06-10
86302	周九086302	user086302@example.test	0900086302	城市G	2025-06-11
86303	吳十086303	user086303@example.test	0900086303	城市H	2025-06-12
86304	張三086304	user086304@example.test	0900086304	城市A	2025-06-13
86305	李四086305	user086305@example.test	0900086305	城市B	2025-06-14
86306	王五086306	user086306@example.test	0900086306	城市C	2025-06-15
86307	趙六086307	user086307@example.test	0900086307	城市D	2025-06-16
86308	錢七086308	user086308@example.test	0900086308	城市E	2025-06-17
86309	孫八086309	user086309@example.test	0900086309	城市F	2025-06-18
86310	周九086310	user086310@example.test	0900086310	城市G	2025-06-19
86401	李四086401	user086401@example.test	0900086401	城市B	2025-09-18
86402	王五086402	user086402@example.test	0900086402	城市C	2025-09-19
86403	趙六086403	user086403@example.test	0900086403	城市D	2025-09-20
86404	錢七086404	user086404@example.test	0900086404	城市E	2025-09-21
86405	孫八086405	user086405@example.test	0900086405	城市F	2025-09-22
86406	周九086406	user086406@example.test	0900086406	城市G	2025-09-23
86407	吳十086407	user086407@example.test	0900086407	城市H	2025-09-24
86408	張三086408	user086408@example.test	0900086408	城市A	2025-09-25
86409	李四086409	user086409@example.test	0900086409	城市B	2025-09-26
86410	王五086410	user086410@example.test	0900086410	城市C	2025-09-27
86501	孫八086501	user086501@example.test	0900086501	城市F	2025-12-27
86502	周九086502	user086502@example.test	0900086502	城市G	2025-12-28
86503	吳十086503	user086503@example.test	0900086503	城市H	2025-12-29
86504	張三086504	user086504@example.test	0900086504	城市A	2025-12-30
86505	李四086505	user086505@example.test	0900086505	城市B	2023-01-01
86506	王五086506	user086506@example.test	0900086506	城市C	2023-01-02
86507	趙六086507	user086507@example.test	0900086507	城市D	2023-01-03
86508	錢七086508	user086508@example.test	0900086508	城市E	2023-01-04
86509	孫八086509	user086509@example.test	0900086509	城市F	2023-01-05
86510	周九086510	user086510@example.test	0900086510	城市G	2023-01-06
86601	李四086601	user086601@example.test	0900086601	城市B	2023-04-07
86602	王五086602	user086602@example.test	0900086602	城市C	2023-04-08
86603	趙六086603	user086603@example.test	0900086603	城市D	2023-04-09
86604	錢七086604	user086604@example.test	0900086604	城市E	2023-04-10
86605	孫八086605	user086605@example.test	0900086605	城市F	2023-04-11
86606	周九086606	user086606@example.test	0900086606	城市G	2023-04-12
86607	吳十086607	user086607@example.test	0900086607	城市H	2023-04-13
86608	張三086608	user086608@example.test	0900086608	城市A	2023-04-14
86609	李四086609	user086609@example.test	0900086609	城市B	2023-04-15
86610	王五086610	user086610@example.test	0900086610	城市C	2023-04-16
86701	孫八086701	user086701@example.test	0900086701	城市F	2023-07-16
86702	周九086702	user086702@example.test	0900086702	城市G	2023-07-17
86703	吳十086703	user086703@example.test	0900086703	城市H	2023-07-18
86704	張三086704	user086704@example.test	0900086704	城市A	2023-07-19
86705	李四086705	user086705@example.test	0900086705	城市B	2023-07-20
86706	王五086706	user086706@example.test	0900086706	城市C	2023-07-21
86707	趙六086707	user086707@example.test	0900086707	城市D	2023-07-22
86708	錢七086708	user086708@example.test	0900086708	城市E	2023-07-23
86709	孫八086709	user086709@example.test	0900086709	城市F	2023-07-24
86710	周九086710	user086710@example.test	0900086710	城市G	2023-07-25
86801	李四086801	user086801@example.test	0900086801	城市B	2023-10-24
86802	王五086802	user086802@example.test	0900086802	城市C	2023-10-25
86803	趙六086803	user086803@example.test	0900086803	城市D	2023-10-26
86804	錢七086804	user086804@example.test	0900086804	城市E	2023-10-27
86805	孫八086805	user086805@example.test	0900086805	城市F	2023-10-28
86806	周九086806	user086806@example.test	0900086806	城市G	2023-10-29
86807	吳十086807	user086807@example.test	0900086807	城市H	2023-10-30
86808	張三086808	user086808@example.test	0900086808	城市A	2023-10-31
86809	李四086809	user086809@example.test	0900086809	城市B	2023-11-01
86810	王五086810	user086810@example.test	0900086810	城市C	2023-11-02
86901	孫八086901	user086901@example.test	0900086901	城市F	2024-02-01
86902	周九086902	user086902@example.test	0900086902	城市G	2024-02-02
86903	吳十086903	user086903@example.test	0900086903	城市H	2024-02-03
86904	張三086904	user086904@example.test	0900086904	城市A	2024-02-04
86905	李四086905	user086905@example.test	0900086905	城市B	2024-02-05
86906	王五086906	user086906@example.test	0900086906	城市C	2024-02-06
86907	趙六086907	user086907@example.test	0900086907	城市D	2024-02-07
86908	錢七086908	user086908@example.test	0900086908	城市E	2024-02-08
86909	孫八086909	user086909@example.test	0900086909	城市F	2024-02-09
86910	周九086910	user086910@example.test	0900086910	城市G	2024-02-10
87001	李四087001	user087001@example.test	0900087001	城市B	2024-05-11
87002	王五087002	user087002@example.test	0900087002	城市C	2024-05-12
87003	趙六087003	user087003@example.test	0900087003	城市D	2024-05-13
87004	錢七087004	user087004@example.test	0900087004	城市E	2024-05-14
87005	孫八087005	user087005@example.test	0900087005	城市F	2024-05-15
87006	周九087006	user087006@example.test	0900087006	城市G	2024-05-16
87007	吳十087007	user087007@example.test	0900087007	城市H	2024-05-17
87008	張三087008	user087008@example.test	0900087008	城市A	2024-05-18
87009	李四087009	user087009@example.test	0900087009	城市B	2024-05-19
87010	王五087010	user087010@example.test	0900087010	城市C	2024-05-20
87101	孫八087101	user087101@example.test	0900087101	城市F	2024-08-19
87102	周九087102	user087102@example.test	0900087102	城市G	2024-08-20
87103	吳十087103	user087103@example.test	0900087103	城市H	2024-08-21
87104	張三087104	user087104@example.test	0900087104	城市A	2024-08-22
87105	李四087105	user087105@example.test	0900087105	城市B	2024-08-23
87106	王五087106	user087106@example.test	0900087106	城市C	2024-08-24
87107	趙六087107	user087107@example.test	0900087107	城市D	2024-08-25
87108	錢七087108	user087108@example.test	0900087108	城市E	2024-08-26
87109	孫八087109	user087109@example.test	0900087109	城市F	2024-08-27
87110	周九087110	user087110@example.test	0900087110	城市G	2024-08-28
87201	李四087201	user087201@example.test	0900087201	城市B	2024-11-27
87202	王五087202	user087202@example.test	0900087202	城市C	2024-11-28
87203	趙六087203	user087203@example.test	0900087203	城市D	2024-11-29
87204	錢七087204	user087204@example.test	0900087204	城市E	2024-11-30
87205	孫八087205	user087205@example.test	0900087205	城市F	2024-12-01
87206	周九087206	user087206@example.test	0900087206	城市G	2024-12-02
87207	吳十087207	user087207@example.test	0900087207	城市H	2024-12-03
87208	張三087208	user087208@example.test	0900087208	城市A	2024-12-04
87209	李四087209	user087209@example.test	0900087209	城市B	2024-12-05
87210	王五087210	user087210@example.test	0900087210	城市C	2024-12-06
87301	孫八087301	user087301@example.test	0900087301	城市F	2025-03-07
87302	周九087302	user087302@example.test	0900087302	城市G	2025-03-08
87303	吳十087303	user087303@example.test	0900087303	城市H	2025-03-09
87304	張三087304	user087304@example.test	0900087304	城市A	2025-03-10
87305	李四087305	user087305@example.test	0900087305	城市B	2025-03-11
87306	王五087306	user087306@example.test	0900087306	城市C	2025-03-12
87307	趙六087307	user087307@example.test	0900087307	城市D	2025-03-13
87308	錢七087308	user087308@example.test	0900087308	城市E	2025-03-14
87309	孫八087309	user087309@example.test	0900087309	城市F	2025-03-15
87310	周九087310	user087310@example.test	0900087310	城市G	2025-03-16
87401	李四087401	user087401@example.test	0900087401	城市B	2025-06-15
87402	王五087402	user087402@example.test	0900087402	城市C	2025-06-16
87403	趙六087403	user087403@example.test	0900087403	城市D	2025-06-17
87404	錢七087404	user087404@example.test	0900087404	城市E	2025-06-18
87405	孫八087405	user087405@example.test	0900087405	城市F	2025-06-19
87406	周九087406	user087406@example.test	0900087406	城市G	2025-06-20
87407	吳十087407	user087407@example.test	0900087407	城市H	2025-06-21
87408	張三087408	user087408@example.test	0900087408	城市A	2025-06-22
87409	李四087409	user087409@example.test	0900087409	城市B	2025-06-23
87410	王五087410	user087410@example.test	0900087410	城市C	2025-06-24
87501	孫八087501	user087501@example.test	0900087501	城市F	2025-09-23
87502	周九087502	user087502@example.test	0900087502	城市G	2025-09-24
87503	吳十087503	user087503@example.test	0900087503	城市H	2025-09-25
87504	張三087504	user087504@example.test	0900087504	城市A	2025-09-26
87505	李四087505	user087505@example.test	0900087505	城市B	2025-09-27
87506	王五087506	user087506@example.test	0900087506	城市C	2025-09-28
87507	趙六087507	user087507@example.test	0900087507	城市D	2025-09-29
87508	錢七087508	user087508@example.test	0900087508	城市E	2025-09-30
87509	孫八087509	user087509@example.test	0900087509	城市F	2025-10-01
87510	周九087510	user087510@example.test	0900087510	城市G	2025-10-02
87601	李四087601	user087601@example.test	0900087601	城市B	2023-01-02
87602	王五087602	user087602@example.test	0900087602	城市C	2023-01-03
87603	趙六087603	user087603@example.test	0900087603	城市D	2023-01-04
87604	錢七087604	user087604@example.test	0900087604	城市E	2023-01-05
87605	孫八087605	user087605@example.test	0900087605	城市F	2023-01-06
87606	周九087606	user087606@example.test	0900087606	城市G	2023-01-07
87607	吳十087607	user087607@example.test	0900087607	城市H	2023-01-08
87608	張三087608	user087608@example.test	0900087608	城市A	2023-01-09
87609	李四087609	user087609@example.test	0900087609	城市B	2023-01-10
87610	王五087610	user087610@example.test	0900087610	城市C	2023-01-11
87701	孫八087701	user087701@example.test	0900087701	城市F	2023-04-12
87702	周九087702	user087702@example.test	0900087702	城市G	2023-04-13
87703	吳十087703	user087703@example.test	0900087703	城市H	2023-04-14
87704	張三087704	user087704@example.test	0900087704	城市A	2023-04-15
87705	李四087705	user087705@example.test	0900087705	城市B	2023-04-16
87706	王五087706	user087706@example.test	0900087706	城市C	2023-04-17
87707	趙六087707	user087707@example.test	0900087707	城市D	2023-04-18
87708	錢七087708	user087708@example.test	0900087708	城市E	2023-04-19
87709	孫八087709	user087709@example.test	0900087709	城市F	2023-04-20
87710	周九087710	user087710@example.test	0900087710	城市G	2023-04-21
87801	李四087801	user087801@example.test	0900087801	城市B	2023-07-21
87802	王五087802	user087802@example.test	0900087802	城市C	2023-07-22
87803	趙六087803	user087803@example.test	0900087803	城市D	2023-07-23
87804	錢七087804	user087804@example.test	0900087804	城市E	2023-07-24
87805	孫八087805	user087805@example.test	0900087805	城市F	2023-07-25
87806	周九087806	user087806@example.test	0900087806	城市G	2023-07-26
87807	吳十087807	user087807@example.test	0900087807	城市H	2023-07-27
87808	張三087808	user087808@example.test	0900087808	城市A	2023-07-28
87809	李四087809	user087809@example.test	0900087809	城市B	2023-07-29
87810	王五087810	user087810@example.test	0900087810	城市C	2023-07-30
87901	孫八087901	user087901@example.test	0900087901	城市F	2023-10-29
87902	周九087902	user087902@example.test	0900087902	城市G	2023-10-30
87903	吳十087903	user087903@example.test	0900087903	城市H	2023-10-31
87904	張三087904	user087904@example.test	0900087904	城市A	2023-11-01
87905	李四087905	user087905@example.test	0900087905	城市B	2023-11-02
87906	王五087906	user087906@example.test	0900087906	城市C	2023-11-03
87907	趙六087907	user087907@example.test	0900087907	城市D	2023-11-04
87908	錢七087908	user087908@example.test	0900087908	城市E	2023-11-05
87909	孫八087909	user087909@example.test	0900087909	城市F	2023-11-06
87910	周九087910	user087910@example.test	0900087910	城市G	2023-11-07
88001	李四088001	user088001@example.test	0900088001	城市B	2024-02-06
88002	王五088002	user088002@example.test	0900088002	城市C	2024-02-07
88003	趙六088003	user088003@example.test	0900088003	城市D	2024-02-08
88004	錢七088004	user088004@example.test	0900088004	城市E	2024-02-09
88005	孫八088005	user088005@example.test	0900088005	城市F	2024-02-10
88006	周九088006	user088006@example.test	0900088006	城市G	2024-02-11
88007	吳十088007	user088007@example.test	0900088007	城市H	2024-02-12
88008	張三088008	user088008@example.test	0900088008	城市A	2024-02-13
88009	李四088009	user088009@example.test	0900088009	城市B	2024-02-14
88010	王五088010	user088010@example.test	0900088010	城市C	2024-02-15
88101	孫八088101	user088101@example.test	0900088101	城市F	2024-05-16
88102	周九088102	user088102@example.test	0900088102	城市G	2024-05-17
88103	吳十088103	user088103@example.test	0900088103	城市H	2024-05-18
88104	張三088104	user088104@example.test	0900088104	城市A	2024-05-19
88105	李四088105	user088105@example.test	0900088105	城市B	2024-05-20
88106	王五088106	user088106@example.test	0900088106	城市C	2024-05-21
88107	趙六088107	user088107@example.test	0900088107	城市D	2024-05-22
88108	錢七088108	user088108@example.test	0900088108	城市E	2024-05-23
88109	孫八088109	user088109@example.test	0900088109	城市F	2024-05-24
88110	周九088110	user088110@example.test	0900088110	城市G	2024-05-25
88201	李四088201	user088201@example.test	0900088201	城市B	2024-08-24
88202	王五088202	user088202@example.test	0900088202	城市C	2024-08-25
88203	趙六088203	user088203@example.test	0900088203	城市D	2024-08-26
88204	錢七088204	user088204@example.test	0900088204	城市E	2024-08-27
88205	孫八088205	user088205@example.test	0900088205	城市F	2024-08-28
88206	周九088206	user088206@example.test	0900088206	城市G	2024-08-29
88207	吳十088207	user088207@example.test	0900088207	城市H	2024-08-30
88208	張三088208	user088208@example.test	0900088208	城市A	2024-08-31
88209	李四088209	user088209@example.test	0900088209	城市B	2024-09-01
88210	王五088210	user088210@example.test	0900088210	城市C	2024-09-02
88301	孫八088301	user088301@example.test	0900088301	城市F	2024-12-02
88302	周九088302	user088302@example.test	0900088302	城市G	2024-12-03
88303	吳十088303	user088303@example.test	0900088303	城市H	2024-12-04
88304	張三088304	user088304@example.test	0900088304	城市A	2024-12-05
88305	李四088305	user088305@example.test	0900088305	城市B	2024-12-06
88306	王五088306	user088306@example.test	0900088306	城市C	2024-12-07
88307	趙六088307	user088307@example.test	0900088307	城市D	2024-12-08
88308	錢七088308	user088308@example.test	0900088308	城市E	2024-12-09
88309	孫八088309	user088309@example.test	0900088309	城市F	2024-12-10
88310	周九088310	user088310@example.test	0900088310	城市G	2024-12-11
88401	李四088401	user088401@example.test	0900088401	城市B	2025-03-12
88402	王五088402	user088402@example.test	0900088402	城市C	2025-03-13
88403	趙六088403	user088403@example.test	0900088403	城市D	2025-03-14
88404	錢七088404	user088404@example.test	0900088404	城市E	2025-03-15
88405	孫八088405	user088405@example.test	0900088405	城市F	2025-03-16
88406	周九088406	user088406@example.test	0900088406	城市G	2025-03-17
88407	吳十088407	user088407@example.test	0900088407	城市H	2025-03-18
88408	張三088408	user088408@example.test	0900088408	城市A	2025-03-19
88409	李四088409	user088409@example.test	0900088409	城市B	2025-03-20
88410	王五088410	user088410@example.test	0900088410	城市C	2025-03-21
88501	孫八088501	user088501@example.test	0900088501	城市F	2025-06-20
88502	周九088502	user088502@example.test	0900088502	城市G	2025-06-21
88503	吳十088503	user088503@example.test	0900088503	城市H	2025-06-22
88504	張三088504	user088504@example.test	0900088504	城市A	2025-06-23
88505	李四088505	user088505@example.test	0900088505	城市B	2025-06-24
88506	王五088506	user088506@example.test	0900088506	城市C	2025-06-25
88507	趙六088507	user088507@example.test	0900088507	城市D	2025-06-26
88508	錢七088508	user088508@example.test	0900088508	城市E	2025-06-27
88509	孫八088509	user088509@example.test	0900088509	城市F	2025-06-28
88510	周九088510	user088510@example.test	0900088510	城市G	2025-06-29
88601	李四088601	user088601@example.test	0900088601	城市B	2025-09-28
88602	王五088602	user088602@example.test	0900088602	城市C	2025-09-29
88603	趙六088603	user088603@example.test	0900088603	城市D	2025-09-30
88604	錢七088604	user088604@example.test	0900088604	城市E	2025-10-01
88605	孫八088605	user088605@example.test	0900088605	城市F	2025-10-02
88606	周九088606	user088606@example.test	0900088606	城市G	2025-10-03
88607	吳十088607	user088607@example.test	0900088607	城市H	2025-10-04
88608	張三088608	user088608@example.test	0900088608	城市A	2025-10-05
88609	李四088609	user088609@example.test	0900088609	城市B	2025-10-06
88610	王五088610	user088610@example.test	0900088610	城市C	2025-10-07
88701	孫八088701	user088701@example.test	0900088701	城市F	2023-01-07
88702	周九088702	user088702@example.test	0900088702	城市G	2023-01-08
88703	吳十088703	user088703@example.test	0900088703	城市H	2023-01-09
88704	張三088704	user088704@example.test	0900088704	城市A	2023-01-10
88705	李四088705	user088705@example.test	0900088705	城市B	2023-01-11
88706	王五088706	user088706@example.test	0900088706	城市C	2023-01-12
88707	趙六088707	user088707@example.test	0900088707	城市D	2023-01-13
88708	錢七088708	user088708@example.test	0900088708	城市E	2023-01-14
88709	孫八088709	user088709@example.test	0900088709	城市F	2023-01-15
88710	周九088710	user088710@example.test	0900088710	城市G	2023-01-16
88801	李四088801	user088801@example.test	0900088801	城市B	2023-04-17
88802	王五088802	user088802@example.test	0900088802	城市C	2023-04-18
88803	趙六088803	user088803@example.test	0900088803	城市D	2023-04-19
88804	錢七088804	user088804@example.test	0900088804	城市E	2023-04-20
88805	孫八088805	user088805@example.test	0900088805	城市F	2023-04-21
88806	周九088806	user088806@example.test	0900088806	城市G	2023-04-22
88807	吳十088807	user088807@example.test	0900088807	城市H	2023-04-23
88808	張三088808	user088808@example.test	0900088808	城市A	2023-04-24
88809	李四088809	user088809@example.test	0900088809	城市B	2023-04-25
88810	王五088810	user088810@example.test	0900088810	城市C	2023-04-26
88901	孫八088901	user088901@example.test	0900088901	城市F	2023-07-26
88902	周九088902	user088902@example.test	0900088902	城市G	2023-07-27
88903	吳十088903	user088903@example.test	0900088903	城市H	2023-07-28
88904	張三088904	user088904@example.test	0900088904	城市A	2023-07-29
88905	李四088905	user088905@example.test	0900088905	城市B	2023-07-30
88906	王五088906	user088906@example.test	0900088906	城市C	2023-07-31
88907	趙六088907	user088907@example.test	0900088907	城市D	2023-08-01
88908	錢七088908	user088908@example.test	0900088908	城市E	2023-08-02
88909	孫八088909	user088909@example.test	0900088909	城市F	2023-08-03
88910	周九088910	user088910@example.test	0900088910	城市G	2023-08-04
89001	李四089001	user089001@example.test	0900089001	城市B	2023-11-03
89002	王五089002	user089002@example.test	0900089002	城市C	2023-11-04
89003	趙六089003	user089003@example.test	0900089003	城市D	2023-11-05
89004	錢七089004	user089004@example.test	0900089004	城市E	2023-11-06
89005	孫八089005	user089005@example.test	0900089005	城市F	2023-11-07
89006	周九089006	user089006@example.test	0900089006	城市G	2023-11-08
89007	吳十089007	user089007@example.test	0900089007	城市H	2023-11-09
89008	張三089008	user089008@example.test	0900089008	城市A	2023-11-10
89009	李四089009	user089009@example.test	0900089009	城市B	2023-11-11
89010	王五089010	user089010@example.test	0900089010	城市C	2023-11-12
89101	孫八089101	user089101@example.test	0900089101	城市F	2024-02-11
89102	周九089102	user089102@example.test	0900089102	城市G	2024-02-12
89103	吳十089103	user089103@example.test	0900089103	城市H	2024-02-13
89104	張三089104	user089104@example.test	0900089104	城市A	2024-02-14
89105	李四089105	user089105@example.test	0900089105	城市B	2024-02-15
89106	王五089106	user089106@example.test	0900089106	城市C	2024-02-16
89107	趙六089107	user089107@example.test	0900089107	城市D	2024-02-17
89108	錢七089108	user089108@example.test	0900089108	城市E	2024-02-18
89109	孫八089109	user089109@example.test	0900089109	城市F	2024-02-19
89110	周九089110	user089110@example.test	0900089110	城市G	2024-02-20
89201	李四089201	user089201@example.test	0900089201	城市B	2024-05-21
89202	王五089202	user089202@example.test	0900089202	城市C	2024-05-22
89203	趙六089203	user089203@example.test	0900089203	城市D	2024-05-23
89204	錢七089204	user089204@example.test	0900089204	城市E	2024-05-24
89205	孫八089205	user089205@example.test	0900089205	城市F	2024-05-25
89206	周九089206	user089206@example.test	0900089206	城市G	2024-05-26
89207	吳十089207	user089207@example.test	0900089207	城市H	2024-05-27
89208	張三089208	user089208@example.test	0900089208	城市A	2024-05-28
89209	李四089209	user089209@example.test	0900089209	城市B	2024-05-29
89210	王五089210	user089210@example.test	0900089210	城市C	2024-05-30
89301	孫八089301	user089301@example.test	0900089301	城市F	2024-08-29
89302	周九089302	user089302@example.test	0900089302	城市G	2024-08-30
89303	吳十089303	user089303@example.test	0900089303	城市H	2024-08-31
89304	張三089304	user089304@example.test	0900089304	城市A	2024-09-01
89305	李四089305	user089305@example.test	0900089305	城市B	2024-09-02
89306	王五089306	user089306@example.test	0900089306	城市C	2024-09-03
89307	趙六089307	user089307@example.test	0900089307	城市D	2024-09-04
89308	錢七089308	user089308@example.test	0900089308	城市E	2024-09-05
89309	孫八089309	user089309@example.test	0900089309	城市F	2024-09-06
89310	周九089310	user089310@example.test	0900089310	城市G	2024-09-07
89401	李四089401	user089401@example.test	0900089401	城市B	2024-12-07
89402	王五089402	user089402@example.test	0900089402	城市C	2024-12-08
89403	趙六089403	user089403@example.test	0900089403	城市D	2024-12-09
89404	錢七089404	user089404@example.test	0900089404	城市E	2024-12-10
89405	孫八089405	user089405@example.test	0900089405	城市F	2024-12-11
89406	周九089406	user089406@example.test	0900089406	城市G	2024-12-12
89407	吳十089407	user089407@example.test	0900089407	城市H	2024-12-13
89408	張三089408	user089408@example.test	0900089408	城市A	2024-12-14
89409	李四089409	user089409@example.test	0900089409	城市B	2024-12-15
89410	王五089410	user089410@example.test	0900089410	城市C	2024-12-16
89501	孫八089501	user089501@example.test	0900089501	城市F	2025-03-17
89502	周九089502	user089502@example.test	0900089502	城市G	2025-03-18
89503	吳十089503	user089503@example.test	0900089503	城市H	2025-03-19
89504	張三089504	user089504@example.test	0900089504	城市A	2025-03-20
89505	李四089505	user089505@example.test	0900089505	城市B	2025-03-21
89506	王五089506	user089506@example.test	0900089506	城市C	2025-03-22
89507	趙六089507	user089507@example.test	0900089507	城市D	2025-03-23
89508	錢七089508	user089508@example.test	0900089508	城市E	2025-03-24
89509	孫八089509	user089509@example.test	0900089509	城市F	2025-03-25
89510	周九089510	user089510@example.test	0900089510	城市G	2025-03-26
89601	李四089601	user089601@example.test	0900089601	城市B	2025-06-25
89602	王五089602	user089602@example.test	0900089602	城市C	2025-06-26
89603	趙六089603	user089603@example.test	0900089603	城市D	2025-06-27
89604	錢七089604	user089604@example.test	0900089604	城市E	2025-06-28
89605	孫八089605	user089605@example.test	0900089605	城市F	2025-06-29
89606	周九089606	user089606@example.test	0900089606	城市G	2025-06-30
89607	吳十089607	user089607@example.test	0900089607	城市H	2025-07-01
89608	張三089608	user089608@example.test	0900089608	城市A	2025-07-02
89609	李四089609	user089609@example.test	0900089609	城市B	2025-07-03
89610	王五089610	user089610@example.test	0900089610	城市C	2025-07-04
89701	孫八089701	user089701@example.test	0900089701	城市F	2025-10-03
89702	周九089702	user089702@example.test	0900089702	城市G	2025-10-04
89703	吳十089703	user089703@example.test	0900089703	城市H	2025-10-05
89704	張三089704	user089704@example.test	0900089704	城市A	2025-10-06
89705	李四089705	user089705@example.test	0900089705	城市B	2025-10-07
89706	王五089706	user089706@example.test	0900089706	城市C	2025-10-08
89707	趙六089707	user089707@example.test	0900089707	城市D	2025-10-09
89708	錢七089708	user089708@example.test	0900089708	城市E	2025-10-10
89709	孫八089709	user089709@example.test	0900089709	城市F	2025-10-11
89710	周九089710	user089710@example.test	0900089710	城市G	2025-10-12
89801	李四089801	user089801@example.test	0900089801	城市B	2023-01-12
89802	王五089802	user089802@example.test	0900089802	城市C	2023-01-13
89803	趙六089803	user089803@example.test	0900089803	城市D	2023-01-14
89804	錢七089804	user089804@example.test	0900089804	城市E	2023-01-15
89805	孫八089805	user089805@example.test	0900089805	城市F	2023-01-16
89806	周九089806	user089806@example.test	0900089806	城市G	2023-01-17
89807	吳十089807	user089807@example.test	0900089807	城市H	2023-01-18
89808	張三089808	user089808@example.test	0900089808	城市A	2023-01-19
89809	李四089809	user089809@example.test	0900089809	城市B	2023-01-20
89810	王五089810	user089810@example.test	0900089810	城市C	2023-01-21
89901	孫八089901	user089901@example.test	0900089901	城市F	2023-04-22
89902	周九089902	user089902@example.test	0900089902	城市G	2023-04-23
89903	吳十089903	user089903@example.test	0900089903	城市H	2023-04-24
89904	張三089904	user089904@example.test	0900089904	城市A	2023-04-25
89905	李四089905	user089905@example.test	0900089905	城市B	2023-04-26
89906	王五089906	user089906@example.test	0900089906	城市C	2023-04-27
89907	趙六089907	user089907@example.test	0900089907	城市D	2023-04-28
89908	錢七089908	user089908@example.test	0900089908	城市E	2023-04-29
89909	孫八089909	user089909@example.test	0900089909	城市F	2023-04-30
89910	周九089910	user089910@example.test	0900089910	城市G	2023-05-01
90001	李四090001	user090001@example.test	0900090001	城市B	2023-07-31
90002	王五090002	user090002@example.test	0900090002	城市C	2023-08-01
90003	趙六090003	user090003@example.test	0900090003	城市D	2023-08-02
90004	錢七090004	user090004@example.test	0900090004	城市E	2023-08-03
90005	孫八090005	user090005@example.test	0900090005	城市F	2023-08-04
90006	周九090006	user090006@example.test	0900090006	城市G	2023-08-05
90007	吳十090007	user090007@example.test	0900090007	城市H	2023-08-06
90008	張三090008	user090008@example.test	0900090008	城市A	2023-08-07
90009	李四090009	user090009@example.test	0900090009	城市B	2023-08-08
90010	王五090010	user090010@example.test	0900090010	城市C	2023-08-09
90101	孫八090101	user090101@example.test	0900090101	城市F	2023-11-08
90102	周九090102	user090102@example.test	0900090102	城市G	2023-11-09
90103	吳十090103	user090103@example.test	0900090103	城市H	2023-11-10
90104	張三090104	user090104@example.test	0900090104	城市A	2023-11-11
90105	李四090105	user090105@example.test	0900090105	城市B	2023-11-12
90106	王五090106	user090106@example.test	0900090106	城市C	2023-11-13
90107	趙六090107	user090107@example.test	0900090107	城市D	2023-11-14
90108	錢七090108	user090108@example.test	0900090108	城市E	2023-11-15
90109	孫八090109	user090109@example.test	0900090109	城市F	2023-11-16
90110	周九090110	user090110@example.test	0900090110	城市G	2023-11-17
90201	李四090201	user090201@example.test	0900090201	城市B	2024-02-16
90202	王五090202	user090202@example.test	0900090202	城市C	2024-02-17
90203	趙六090203	user090203@example.test	0900090203	城市D	2024-02-18
90204	錢七090204	user090204@example.test	0900090204	城市E	2024-02-19
90205	孫八090205	user090205@example.test	0900090205	城市F	2024-02-20
90206	周九090206	user090206@example.test	0900090206	城市G	2024-02-21
90207	吳十090207	user090207@example.test	0900090207	城市H	2024-02-22
90208	張三090208	user090208@example.test	0900090208	城市A	2024-02-23
90209	李四090209	user090209@example.test	0900090209	城市B	2024-02-24
90210	王五090210	user090210@example.test	0900090210	城市C	2024-02-25
90301	孫八090301	user090301@example.test	0900090301	城市F	2024-05-26
90302	周九090302	user090302@example.test	0900090302	城市G	2024-05-27
90303	吳十090303	user090303@example.test	0900090303	城市H	2024-05-28
90304	張三090304	user090304@example.test	0900090304	城市A	2024-05-29
90305	李四090305	user090305@example.test	0900090305	城市B	2024-05-30
90306	王五090306	user090306@example.test	0900090306	城市C	2024-05-31
90307	趙六090307	user090307@example.test	0900090307	城市D	2024-06-01
90308	錢七090308	user090308@example.test	0900090308	城市E	2024-06-02
90309	孫八090309	user090309@example.test	0900090309	城市F	2024-06-03
90310	周九090310	user090310@example.test	0900090310	城市G	2024-06-04
90401	李四090401	user090401@example.test	0900090401	城市B	2024-09-03
90402	王五090402	user090402@example.test	0900090402	城市C	2024-09-04
90403	趙六090403	user090403@example.test	0900090403	城市D	2024-09-05
90404	錢七090404	user090404@example.test	0900090404	城市E	2024-09-06
90405	孫八090405	user090405@example.test	0900090405	城市F	2024-09-07
90406	周九090406	user090406@example.test	0900090406	城市G	2024-09-08
90407	吳十090407	user090407@example.test	0900090407	城市H	2024-09-09
90408	張三090408	user090408@example.test	0900090408	城市A	2024-09-10
90409	李四090409	user090409@example.test	0900090409	城市B	2024-09-11
90410	王五090410	user090410@example.test	0900090410	城市C	2024-09-12
90501	孫八090501	user090501@example.test	0900090501	城市F	2024-12-12
90502	周九090502	user090502@example.test	0900090502	城市G	2024-12-13
90503	吳十090503	user090503@example.test	0900090503	城市H	2024-12-14
90504	張三090504	user090504@example.test	0900090504	城市A	2024-12-15
90505	李四090505	user090505@example.test	0900090505	城市B	2024-12-16
90506	王五090506	user090506@example.test	0900090506	城市C	2024-12-17
90507	趙六090507	user090507@example.test	0900090507	城市D	2024-12-18
90508	錢七090508	user090508@example.test	0900090508	城市E	2024-12-19
90509	孫八090509	user090509@example.test	0900090509	城市F	2024-12-20
90510	周九090510	user090510@example.test	0900090510	城市G	2024-12-21
90601	李四090601	user090601@example.test	0900090601	城市B	2025-03-22
90602	王五090602	user090602@example.test	0900090602	城市C	2025-03-23
90603	趙六090603	user090603@example.test	0900090603	城市D	2025-03-24
90604	錢七090604	user090604@example.test	0900090604	城市E	2025-03-25
90605	孫八090605	user090605@example.test	0900090605	城市F	2025-03-26
90606	周九090606	user090606@example.test	0900090606	城市G	2025-03-27
90607	吳十090607	user090607@example.test	0900090607	城市H	2025-03-28
90608	張三090608	user090608@example.test	0900090608	城市A	2025-03-29
90609	李四090609	user090609@example.test	0900090609	城市B	2025-03-30
90610	王五090610	user090610@example.test	0900090610	城市C	2025-03-31
90701	孫八090701	user090701@example.test	0900090701	城市F	2025-06-30
90702	周九090702	user090702@example.test	0900090702	城市G	2025-07-01
90703	吳十090703	user090703@example.test	0900090703	城市H	2025-07-02
90704	張三090704	user090704@example.test	0900090704	城市A	2025-07-03
90705	李四090705	user090705@example.test	0900090705	城市B	2025-07-04
90706	王五090706	user090706@example.test	0900090706	城市C	2025-07-05
90707	趙六090707	user090707@example.test	0900090707	城市D	2025-07-06
90708	錢七090708	user090708@example.test	0900090708	城市E	2025-07-07
90709	孫八090709	user090709@example.test	0900090709	城市F	2025-07-08
90710	周九090710	user090710@example.test	0900090710	城市G	2025-07-09
90801	李四090801	user090801@example.test	0900090801	城市B	2025-10-08
90802	王五090802	user090802@example.test	0900090802	城市C	2025-10-09
90803	趙六090803	user090803@example.test	0900090803	城市D	2025-10-10
90804	錢七090804	user090804@example.test	0900090804	城市E	2025-10-11
90805	孫八090805	user090805@example.test	0900090805	城市F	2025-10-12
90806	周九090806	user090806@example.test	0900090806	城市G	2025-10-13
90807	吳十090807	user090807@example.test	0900090807	城市H	2025-10-14
90808	張三090808	user090808@example.test	0900090808	城市A	2025-10-15
90809	李四090809	user090809@example.test	0900090809	城市B	2025-10-16
90810	王五090810	user090810@example.test	0900090810	城市C	2025-10-17
90901	孫八090901	user090901@example.test	0900090901	城市F	2023-01-17
90902	周九090902	user090902@example.test	0900090902	城市G	2023-01-18
90903	吳十090903	user090903@example.test	0900090903	城市H	2023-01-19
90904	張三090904	user090904@example.test	0900090904	城市A	2023-01-20
90905	李四090905	user090905@example.test	0900090905	城市B	2023-01-21
90906	王五090906	user090906@example.test	0900090906	城市C	2023-01-22
90907	趙六090907	user090907@example.test	0900090907	城市D	2023-01-23
90908	錢七090908	user090908@example.test	0900090908	城市E	2023-01-24
90909	孫八090909	user090909@example.test	0900090909	城市F	2023-01-25
90910	周九090910	user090910@example.test	0900090910	城市G	2023-01-26
91001	李四091001	user091001@example.test	0900091001	城市B	2023-04-27
91002	王五091002	user091002@example.test	0900091002	城市C	2023-04-28
91003	趙六091003	user091003@example.test	0900091003	城市D	2023-04-29
91004	錢七091004	user091004@example.test	0900091004	城市E	2023-04-30
91005	孫八091005	user091005@example.test	0900091005	城市F	2023-05-01
91006	周九091006	user091006@example.test	0900091006	城市G	2023-05-02
91007	吳十091007	user091007@example.test	0900091007	城市H	2023-05-03
91008	張三091008	user091008@example.test	0900091008	城市A	2023-05-04
91009	李四091009	user091009@example.test	0900091009	城市B	2023-05-05
91010	王五091010	user091010@example.test	0900091010	城市C	2023-05-06
91101	孫八091101	user091101@example.test	0900091101	城市F	2023-08-05
91102	周九091102	user091102@example.test	0900091102	城市G	2023-08-06
91103	吳十091103	user091103@example.test	0900091103	城市H	2023-08-07
91104	張三091104	user091104@example.test	0900091104	城市A	2023-08-08
91105	李四091105	user091105@example.test	0900091105	城市B	2023-08-09
91106	王五091106	user091106@example.test	0900091106	城市C	2023-08-10
91107	趙六091107	user091107@example.test	0900091107	城市D	2023-08-11
91108	錢七091108	user091108@example.test	0900091108	城市E	2023-08-12
91109	孫八091109	user091109@example.test	0900091109	城市F	2023-08-13
91110	周九091110	user091110@example.test	0900091110	城市G	2023-08-14
91201	李四091201	user091201@example.test	0900091201	城市B	2023-11-13
91202	王五091202	user091202@example.test	0900091202	城市C	2023-11-14
91203	趙六091203	user091203@example.test	0900091203	城市D	2023-11-15
91204	錢七091204	user091204@example.test	0900091204	城市E	2023-11-16
91205	孫八091205	user091205@example.test	0900091205	城市F	2023-11-17
91206	周九091206	user091206@example.test	0900091206	城市G	2023-11-18
91207	吳十091207	user091207@example.test	0900091207	城市H	2023-11-19
91208	張三091208	user091208@example.test	0900091208	城市A	2023-11-20
91209	李四091209	user091209@example.test	0900091209	城市B	2023-11-21
91210	王五091210	user091210@example.test	0900091210	城市C	2023-11-22
91301	孫八091301	user091301@example.test	0900091301	城市F	2024-02-21
91302	周九091302	user091302@example.test	0900091302	城市G	2024-02-22
91303	吳十091303	user091303@example.test	0900091303	城市H	2024-02-23
91304	張三091304	user091304@example.test	0900091304	城市A	2024-02-24
91305	李四091305	user091305@example.test	0900091305	城市B	2024-02-25
91306	王五091306	user091306@example.test	0900091306	城市C	2024-02-26
91307	趙六091307	user091307@example.test	0900091307	城市D	2024-02-27
91308	錢七091308	user091308@example.test	0900091308	城市E	2024-02-28
91309	孫八091309	user091309@example.test	0900091309	城市F	2024-02-29
91310	周九091310	user091310@example.test	0900091310	城市G	2024-03-01
91401	李四091401	user091401@example.test	0900091401	城市B	2024-05-31
91402	王五091402	user091402@example.test	0900091402	城市C	2024-06-01
91403	趙六091403	user091403@example.test	0900091403	城市D	2024-06-02
91404	錢七091404	user091404@example.test	0900091404	城市E	2024-06-03
91405	孫八091405	user091405@example.test	0900091405	城市F	2024-06-04
91406	周九091406	user091406@example.test	0900091406	城市G	2024-06-05
91407	吳十091407	user091407@example.test	0900091407	城市H	2024-06-06
91408	張三091408	user091408@example.test	0900091408	城市A	2024-06-07
91409	李四091409	user091409@example.test	0900091409	城市B	2024-06-08
91410	王五091410	user091410@example.test	0900091410	城市C	2024-06-09
91501	孫八091501	user091501@example.test	0900091501	城市F	2024-09-08
91502	周九091502	user091502@example.test	0900091502	城市G	2024-09-09
91503	吳十091503	user091503@example.test	0900091503	城市H	2024-09-10
91504	張三091504	user091504@example.test	0900091504	城市A	2024-09-11
91505	李四091505	user091505@example.test	0900091505	城市B	2024-09-12
91506	王五091506	user091506@example.test	0900091506	城市C	2024-09-13
91507	趙六091507	user091507@example.test	0900091507	城市D	2024-09-14
91508	錢七091508	user091508@example.test	0900091508	城市E	2024-09-15
91509	孫八091509	user091509@example.test	0900091509	城市F	2024-09-16
91510	周九091510	user091510@example.test	0900091510	城市G	2024-09-17
91601	李四091601	user091601@example.test	0900091601	城市B	2024-12-17
91602	王五091602	user091602@example.test	0900091602	城市C	2024-12-18
91603	趙六091603	user091603@example.test	0900091603	城市D	2024-12-19
91604	錢七091604	user091604@example.test	0900091604	城市E	2024-12-20
91605	孫八091605	user091605@example.test	0900091605	城市F	2024-12-21
91606	周九091606	user091606@example.test	0900091606	城市G	2024-12-22
91607	吳十091607	user091607@example.test	0900091607	城市H	2024-12-23
91608	張三091608	user091608@example.test	0900091608	城市A	2024-12-24
91609	李四091609	user091609@example.test	0900091609	城市B	2024-12-25
91610	王五091610	user091610@example.test	0900091610	城市C	2024-12-26
91701	孫八091701	user091701@example.test	0900091701	城市F	2025-03-27
91702	周九091702	user091702@example.test	0900091702	城市G	2025-03-28
91703	吳十091703	user091703@example.test	0900091703	城市H	2025-03-29
91704	張三091704	user091704@example.test	0900091704	城市A	2025-03-30
91705	李四091705	user091705@example.test	0900091705	城市B	2025-03-31
91706	王五091706	user091706@example.test	0900091706	城市C	2025-04-01
91707	趙六091707	user091707@example.test	0900091707	城市D	2025-04-02
91708	錢七091708	user091708@example.test	0900091708	城市E	2025-04-03
91709	孫八091709	user091709@example.test	0900091709	城市F	2025-04-04
91710	周九091710	user091710@example.test	0900091710	城市G	2025-04-05
91801	李四091801	user091801@example.test	0900091801	城市B	2025-07-05
91802	王五091802	user091802@example.test	0900091802	城市C	2025-07-06
91803	趙六091803	user091803@example.test	0900091803	城市D	2025-07-07
91804	錢七091804	user091804@example.test	0900091804	城市E	2025-07-08
91805	孫八091805	user091805@example.test	0900091805	城市F	2025-07-09
91806	周九091806	user091806@example.test	0900091806	城市G	2025-07-10
91807	吳十091807	user091807@example.test	0900091807	城市H	2025-07-11
91808	張三091808	user091808@example.test	0900091808	城市A	2025-07-12
91809	李四091809	user091809@example.test	0900091809	城市B	2025-07-13
91810	王五091810	user091810@example.test	0900091810	城市C	2025-07-14
91901	孫八091901	user091901@example.test	0900091901	城市F	2025-10-13
91902	周九091902	user091902@example.test	0900091902	城市G	2025-10-14
91903	吳十091903	user091903@example.test	0900091903	城市H	2025-10-15
91904	張三091904	user091904@example.test	0900091904	城市A	2025-10-16
91905	李四091905	user091905@example.test	0900091905	城市B	2025-10-17
91906	王五091906	user091906@example.test	0900091906	城市C	2025-10-18
91907	趙六091907	user091907@example.test	0900091907	城市D	2025-10-19
91908	錢七091908	user091908@example.test	0900091908	城市E	2025-10-20
91909	孫八091909	user091909@example.test	0900091909	城市F	2025-10-21
91910	周九091910	user091910@example.test	0900091910	城市G	2025-10-22
92001	李四092001	user092001@example.test	0900092001	城市B	2023-01-22
92002	王五092002	user092002@example.test	0900092002	城市C	2023-01-23
92003	趙六092003	user092003@example.test	0900092003	城市D	2023-01-24
92004	錢七092004	user092004@example.test	0900092004	城市E	2023-01-25
92005	孫八092005	user092005@example.test	0900092005	城市F	2023-01-26
92006	周九092006	user092006@example.test	0900092006	城市G	2023-01-27
92007	吳十092007	user092007@example.test	0900092007	城市H	2023-01-28
92008	張三092008	user092008@example.test	0900092008	城市A	2023-01-29
92009	李四092009	user092009@example.test	0900092009	城市B	2023-01-30
92010	王五092010	user092010@example.test	0900092010	城市C	2023-01-31
92101	孫八092101	user092101@example.test	0900092101	城市F	2023-05-02
92102	周九092102	user092102@example.test	0900092102	城市G	2023-05-03
92103	吳十092103	user092103@example.test	0900092103	城市H	2023-05-04
92104	張三092104	user092104@example.test	0900092104	城市A	2023-05-05
92105	李四092105	user092105@example.test	0900092105	城市B	2023-05-06
92106	王五092106	user092106@example.test	0900092106	城市C	2023-05-07
92107	趙六092107	user092107@example.test	0900092107	城市D	2023-05-08
92108	錢七092108	user092108@example.test	0900092108	城市E	2023-05-09
92109	孫八092109	user092109@example.test	0900092109	城市F	2023-05-10
92110	周九092110	user092110@example.test	0900092110	城市G	2023-05-11
92201	李四092201	user092201@example.test	0900092201	城市B	2023-08-10
92202	王五092202	user092202@example.test	0900092202	城市C	2023-08-11
92203	趙六092203	user092203@example.test	0900092203	城市D	2023-08-12
92204	錢七092204	user092204@example.test	0900092204	城市E	2023-08-13
92205	孫八092205	user092205@example.test	0900092205	城市F	2023-08-14
92206	周九092206	user092206@example.test	0900092206	城市G	2023-08-15
92207	吳十092207	user092207@example.test	0900092207	城市H	2023-08-16
92208	張三092208	user092208@example.test	0900092208	城市A	2023-08-17
92209	李四092209	user092209@example.test	0900092209	城市B	2023-08-18
92210	王五092210	user092210@example.test	0900092210	城市C	2023-08-19
92301	孫八092301	user092301@example.test	0900092301	城市F	2023-11-18
92302	周九092302	user092302@example.test	0900092302	城市G	2023-11-19
92303	吳十092303	user092303@example.test	0900092303	城市H	2023-11-20
92304	張三092304	user092304@example.test	0900092304	城市A	2023-11-21
92305	李四092305	user092305@example.test	0900092305	城市B	2023-11-22
92306	王五092306	user092306@example.test	0900092306	城市C	2023-11-23
92307	趙六092307	user092307@example.test	0900092307	城市D	2023-11-24
92308	錢七092308	user092308@example.test	0900092308	城市E	2023-11-25
92309	孫八092309	user092309@example.test	0900092309	城市F	2023-11-26
92310	周九092310	user092310@example.test	0900092310	城市G	2023-11-27
92401	李四092401	user092401@example.test	0900092401	城市B	2024-02-26
92402	王五092402	user092402@example.test	0900092402	城市C	2024-02-27
92403	趙六092403	user092403@example.test	0900092403	城市D	2024-02-28
92404	錢七092404	user092404@example.test	0900092404	城市E	2024-02-29
92405	孫八092405	user092405@example.test	0900092405	城市F	2024-03-01
92406	周九092406	user092406@example.test	0900092406	城市G	2024-03-02
92407	吳十092407	user092407@example.test	0900092407	城市H	2024-03-03
92408	張三092408	user092408@example.test	0900092408	城市A	2024-03-04
92409	李四092409	user092409@example.test	0900092409	城市B	2024-03-05
92410	王五092410	user092410@example.test	0900092410	城市C	2024-03-06
92501	孫八092501	user092501@example.test	0900092501	城市F	2024-06-05
92502	周九092502	user092502@example.test	0900092502	城市G	2024-06-06
92503	吳十092503	user092503@example.test	0900092503	城市H	2024-06-07
92504	張三092504	user092504@example.test	0900092504	城市A	2024-06-08
92505	李四092505	user092505@example.test	0900092505	城市B	2024-06-09
92506	王五092506	user092506@example.test	0900092506	城市C	2024-06-10
92507	趙六092507	user092507@example.test	0900092507	城市D	2024-06-11
92508	錢七092508	user092508@example.test	0900092508	城市E	2024-06-12
92509	孫八092509	user092509@example.test	0900092509	城市F	2024-06-13
92510	周九092510	user092510@example.test	0900092510	城市G	2024-06-14
92601	李四092601	user092601@example.test	0900092601	城市B	2024-09-13
92602	王五092602	user092602@example.test	0900092602	城市C	2024-09-14
92603	趙六092603	user092603@example.test	0900092603	城市D	2024-09-15
92604	錢七092604	user092604@example.test	0900092604	城市E	2024-09-16
92605	孫八092605	user092605@example.test	0900092605	城市F	2024-09-17
92606	周九092606	user092606@example.test	0900092606	城市G	2024-09-18
92607	吳十092607	user092607@example.test	0900092607	城市H	2024-09-19
92608	張三092608	user092608@example.test	0900092608	城市A	2024-09-20
92609	李四092609	user092609@example.test	0900092609	城市B	2024-09-21
92610	王五092610	user092610@example.test	0900092610	城市C	2024-09-22
92701	孫八092701	user092701@example.test	0900092701	城市F	2024-12-22
92702	周九092702	user092702@example.test	0900092702	城市G	2024-12-23
92703	吳十092703	user092703@example.test	0900092703	城市H	2024-12-24
92704	張三092704	user092704@example.test	0900092704	城市A	2024-12-25
92705	李四092705	user092705@example.test	0900092705	城市B	2024-12-26
92706	王五092706	user092706@example.test	0900092706	城市C	2024-12-27
92707	趙六092707	user092707@example.test	0900092707	城市D	2024-12-28
92708	錢七092708	user092708@example.test	0900092708	城市E	2024-12-29
92709	孫八092709	user092709@example.test	0900092709	城市F	2024-12-30
92710	周九092710	user092710@example.test	0900092710	城市G	2024-12-31
92801	李四092801	user092801@example.test	0900092801	城市B	2025-04-01
92802	王五092802	user092802@example.test	0900092802	城市C	2025-04-02
92803	趙六092803	user092803@example.test	0900092803	城市D	2025-04-03
92804	錢七092804	user092804@example.test	0900092804	城市E	2025-04-04
92805	孫八092805	user092805@example.test	0900092805	城市F	2025-04-05
92806	周九092806	user092806@example.test	0900092806	城市G	2025-04-06
92807	吳十092807	user092807@example.test	0900092807	城市H	2025-04-07
92808	張三092808	user092808@example.test	0900092808	城市A	2025-04-08
92809	李四092809	user092809@example.test	0900092809	城市B	2025-04-09
92810	王五092810	user092810@example.test	0900092810	城市C	2025-04-10
92901	孫八092901	user092901@example.test	0900092901	城市F	2025-07-10
92902	周九092902	user092902@example.test	0900092902	城市G	2025-07-11
92903	吳十092903	user092903@example.test	0900092903	城市H	2025-07-12
92904	張三092904	user092904@example.test	0900092904	城市A	2025-07-13
92905	李四092905	user092905@example.test	0900092905	城市B	2025-07-14
92906	王五092906	user092906@example.test	0900092906	城市C	2025-07-15
92907	趙六092907	user092907@example.test	0900092907	城市D	2025-07-16
92908	錢七092908	user092908@example.test	0900092908	城市E	2025-07-17
92909	孫八092909	user092909@example.test	0900092909	城市F	2025-07-18
92910	周九092910	user092910@example.test	0900092910	城市G	2025-07-19
93001	李四093001	user093001@example.test	0900093001	城市B	2025-10-18
93002	王五093002	user093002@example.test	0900093002	城市C	2025-10-19
93003	趙六093003	user093003@example.test	0900093003	城市D	2025-10-20
93004	錢七093004	user093004@example.test	0900093004	城市E	2025-10-21
93005	孫八093005	user093005@example.test	0900093005	城市F	2025-10-22
93006	周九093006	user093006@example.test	0900093006	城市G	2025-10-23
93007	吳十093007	user093007@example.test	0900093007	城市H	2025-10-24
93008	張三093008	user093008@example.test	0900093008	城市A	2025-10-25
93009	李四093009	user093009@example.test	0900093009	城市B	2025-10-26
93010	王五093010	user093010@example.test	0900093010	城市C	2025-10-27
93101	孫八093101	user093101@example.test	0900093101	城市F	2023-01-27
93102	周九093102	user093102@example.test	0900093102	城市G	2023-01-28
93103	吳十093103	user093103@example.test	0900093103	城市H	2023-01-29
93104	張三093104	user093104@example.test	0900093104	城市A	2023-01-30
93105	李四093105	user093105@example.test	0900093105	城市B	2023-01-31
93106	王五093106	user093106@example.test	0900093106	城市C	2023-02-01
93107	趙六093107	user093107@example.test	0900093107	城市D	2023-02-02
93108	錢七093108	user093108@example.test	0900093108	城市E	2023-02-03
93109	孫八093109	user093109@example.test	0900093109	城市F	2023-02-04
93110	周九093110	user093110@example.test	0900093110	城市G	2023-02-05
93201	李四093201	user093201@example.test	0900093201	城市B	2023-05-07
93202	王五093202	user093202@example.test	0900093202	城市C	2023-05-08
93203	趙六093203	user093203@example.test	0900093203	城市D	2023-05-09
93204	錢七093204	user093204@example.test	0900093204	城市E	2023-05-10
93205	孫八093205	user093205@example.test	0900093205	城市F	2023-05-11
93206	周九093206	user093206@example.test	0900093206	城市G	2023-05-12
93207	吳十093207	user093207@example.test	0900093207	城市H	2023-05-13
93208	張三093208	user093208@example.test	0900093208	城市A	2023-05-14
93209	李四093209	user093209@example.test	0900093209	城市B	2023-05-15
93210	王五093210	user093210@example.test	0900093210	城市C	2023-05-16
93301	孫八093301	user093301@example.test	0900093301	城市F	2023-08-15
93302	周九093302	user093302@example.test	0900093302	城市G	2023-08-16
93303	吳十093303	user093303@example.test	0900093303	城市H	2023-08-17
93304	張三093304	user093304@example.test	0900093304	城市A	2023-08-18
93305	李四093305	user093305@example.test	0900093305	城市B	2023-08-19
93306	王五093306	user093306@example.test	0900093306	城市C	2023-08-20
93307	趙六093307	user093307@example.test	0900093307	城市D	2023-08-21
93308	錢七093308	user093308@example.test	0900093308	城市E	2023-08-22
93309	孫八093309	user093309@example.test	0900093309	城市F	2023-08-23
93310	周九093310	user093310@example.test	0900093310	城市G	2023-08-24
93401	李四093401	user093401@example.test	0900093401	城市B	2023-11-23
93402	王五093402	user093402@example.test	0900093402	城市C	2023-11-24
93403	趙六093403	user093403@example.test	0900093403	城市D	2023-11-25
93404	錢七093404	user093404@example.test	0900093404	城市E	2023-11-26
93405	孫八093405	user093405@example.test	0900093405	城市F	2023-11-27
93406	周九093406	user093406@example.test	0900093406	城市G	2023-11-28
93407	吳十093407	user093407@example.test	0900093407	城市H	2023-11-29
93408	張三093408	user093408@example.test	0900093408	城市A	2023-11-30
93409	李四093409	user093409@example.test	0900093409	城市B	2023-12-01
93410	王五093410	user093410@example.test	0900093410	城市C	2023-12-02
93501	孫八093501	user093501@example.test	0900093501	城市F	2024-03-02
93502	周九093502	user093502@example.test	0900093502	城市G	2024-03-03
93503	吳十093503	user093503@example.test	0900093503	城市H	2024-03-04
93504	張三093504	user093504@example.test	0900093504	城市A	2024-03-05
93505	李四093505	user093505@example.test	0900093505	城市B	2024-03-06
93506	王五093506	user093506@example.test	0900093506	城市C	2024-03-07
93507	趙六093507	user093507@example.test	0900093507	城市D	2024-03-08
93508	錢七093508	user093508@example.test	0900093508	城市E	2024-03-09
93509	孫八093509	user093509@example.test	0900093509	城市F	2024-03-10
93510	周九093510	user093510@example.test	0900093510	城市G	2024-03-11
93601	李四093601	user093601@example.test	0900093601	城市B	2024-06-10
93602	王五093602	user093602@example.test	0900093602	城市C	2024-06-11
93603	趙六093603	user093603@example.test	0900093603	城市D	2024-06-12
93604	錢七093604	user093604@example.test	0900093604	城市E	2024-06-13
93605	孫八093605	user093605@example.test	0900093605	城市F	2024-06-14
93606	周九093606	user093606@example.test	0900093606	城市G	2024-06-15
93607	吳十093607	user093607@example.test	0900093607	城市H	2024-06-16
93608	張三093608	user093608@example.test	0900093608	城市A	2024-06-17
93609	李四093609	user093609@example.test	0900093609	城市B	2024-06-18
93610	王五093610	user093610@example.test	0900093610	城市C	2024-06-19
93701	孫八093701	user093701@example.test	0900093701	城市F	2024-09-18
93702	周九093702	user093702@example.test	0900093702	城市G	2024-09-19
93703	吳十093703	user093703@example.test	0900093703	城市H	2024-09-20
93704	張三093704	user093704@example.test	0900093704	城市A	2024-09-21
93705	李四093705	user093705@example.test	0900093705	城市B	2024-09-22
93706	王五093706	user093706@example.test	0900093706	城市C	2024-09-23
93707	趙六093707	user093707@example.test	0900093707	城市D	2024-09-24
93708	錢七093708	user093708@example.test	0900093708	城市E	2024-09-25
93709	孫八093709	user093709@example.test	0900093709	城市F	2024-09-26
93710	周九093710	user093710@example.test	0900093710	城市G	2024-09-27
93801	李四093801	user093801@example.test	0900093801	城市B	2024-12-27
93802	王五093802	user093802@example.test	0900093802	城市C	2024-12-28
93803	趙六093803	user093803@example.test	0900093803	城市D	2024-12-29
93804	錢七093804	user093804@example.test	0900093804	城市E	2024-12-30
93805	孫八093805	user093805@example.test	0900093805	城市F	2024-12-31
93806	周九093806	user093806@example.test	0900093806	城市G	2025-01-01
93807	吳十093807	user093807@example.test	0900093807	城市H	2025-01-02
93808	張三093808	user093808@example.test	0900093808	城市A	2025-01-03
93809	李四093809	user093809@example.test	0900093809	城市B	2025-01-04
93810	王五093810	user093810@example.test	0900093810	城市C	2025-01-05
93901	孫八093901	user093901@example.test	0900093901	城市F	2025-04-06
93902	周九093902	user093902@example.test	0900093902	城市G	2025-04-07
93903	吳十093903	user093903@example.test	0900093903	城市H	2025-04-08
93904	張三093904	user093904@example.test	0900093904	城市A	2025-04-09
93905	李四093905	user093905@example.test	0900093905	城市B	2025-04-10
93906	王五093906	user093906@example.test	0900093906	城市C	2025-04-11
93907	趙六093907	user093907@example.test	0900093907	城市D	2025-04-12
93908	錢七093908	user093908@example.test	0900093908	城市E	2025-04-13
93909	孫八093909	user093909@example.test	0900093909	城市F	2025-04-14
93910	周九093910	user093910@example.test	0900093910	城市G	2025-04-15
94001	李四094001	user094001@example.test	0900094001	城市B	2025-07-15
94002	王五094002	user094002@example.test	0900094002	城市C	2025-07-16
94003	趙六094003	user094003@example.test	0900094003	城市D	2025-07-17
94004	錢七094004	user094004@example.test	0900094004	城市E	2025-07-18
94005	孫八094005	user094005@example.test	0900094005	城市F	2025-07-19
94006	周九094006	user094006@example.test	0900094006	城市G	2025-07-20
94007	吳十094007	user094007@example.test	0900094007	城市H	2025-07-21
94008	張三094008	user094008@example.test	0900094008	城市A	2025-07-22
94009	李四094009	user094009@example.test	0900094009	城市B	2025-07-23
94010	王五094010	user094010@example.test	0900094010	城市C	2025-07-24
94101	孫八094101	user094101@example.test	0900094101	城市F	2025-10-23
94102	周九094102	user094102@example.test	0900094102	城市G	2025-10-24
94103	吳十094103	user094103@example.test	0900094103	城市H	2025-10-25
94104	張三094104	user094104@example.test	0900094104	城市A	2025-10-26
94105	李四094105	user094105@example.test	0900094105	城市B	2025-10-27
94106	王五094106	user094106@example.test	0900094106	城市C	2025-10-28
94107	趙六094107	user094107@example.test	0900094107	城市D	2025-10-29
94108	錢七094108	user094108@example.test	0900094108	城市E	2025-10-30
94109	孫八094109	user094109@example.test	0900094109	城市F	2025-10-31
94110	周九094110	user094110@example.test	0900094110	城市G	2025-11-01
94201	李四094201	user094201@example.test	0900094201	城市B	2023-02-01
94202	王五094202	user094202@example.test	0900094202	城市C	2023-02-02
94203	趙六094203	user094203@example.test	0900094203	城市D	2023-02-03
94204	錢七094204	user094204@example.test	0900094204	城市E	2023-02-04
94205	孫八094205	user094205@example.test	0900094205	城市F	2023-02-05
94206	周九094206	user094206@example.test	0900094206	城市G	2023-02-06
94207	吳十094207	user094207@example.test	0900094207	城市H	2023-02-07
94208	張三094208	user094208@example.test	0900094208	城市A	2023-02-08
94209	李四094209	user094209@example.test	0900094209	城市B	2023-02-09
94210	王五094210	user094210@example.test	0900094210	城市C	2023-02-10
94301	孫八094301	user094301@example.test	0900094301	城市F	2023-05-12
94302	周九094302	user094302@example.test	0900094302	城市G	2023-05-13
94303	吳十094303	user094303@example.test	0900094303	城市H	2023-05-14
94304	張三094304	user094304@example.test	0900094304	城市A	2023-05-15
94305	李四094305	user094305@example.test	0900094305	城市B	2023-05-16
94306	王五094306	user094306@example.test	0900094306	城市C	2023-05-17
94307	趙六094307	user094307@example.test	0900094307	城市D	2023-05-18
94308	錢七094308	user094308@example.test	0900094308	城市E	2023-05-19
94309	孫八094309	user094309@example.test	0900094309	城市F	2023-05-20
94310	周九094310	user094310@example.test	0900094310	城市G	2023-05-21
94401	李四094401	user094401@example.test	0900094401	城市B	2023-08-20
94402	王五094402	user094402@example.test	0900094402	城市C	2023-08-21
94403	趙六094403	user094403@example.test	0900094403	城市D	2023-08-22
94404	錢七094404	user094404@example.test	0900094404	城市E	2023-08-23
94405	孫八094405	user094405@example.test	0900094405	城市F	2023-08-24
94406	周九094406	user094406@example.test	0900094406	城市G	2023-08-25
94407	吳十094407	user094407@example.test	0900094407	城市H	2023-08-26
94408	張三094408	user094408@example.test	0900094408	城市A	2023-08-27
94409	李四094409	user094409@example.test	0900094409	城市B	2023-08-28
94410	王五094410	user094410@example.test	0900094410	城市C	2023-08-29
94501	孫八094501	user094501@example.test	0900094501	城市F	2023-11-28
94502	周九094502	user094502@example.test	0900094502	城市G	2023-11-29
94503	吳十094503	user094503@example.test	0900094503	城市H	2023-11-30
94504	張三094504	user094504@example.test	0900094504	城市A	2023-12-01
94505	李四094505	user094505@example.test	0900094505	城市B	2023-12-02
94506	王五094506	user094506@example.test	0900094506	城市C	2023-12-03
94507	趙六094507	user094507@example.test	0900094507	城市D	2023-12-04
94508	錢七094508	user094508@example.test	0900094508	城市E	2023-12-05
94509	孫八094509	user094509@example.test	0900094509	城市F	2023-12-06
94510	周九094510	user094510@example.test	0900094510	城市G	2023-12-07
94601	李四094601	user094601@example.test	0900094601	城市B	2024-03-07
94602	王五094602	user094602@example.test	0900094602	城市C	2024-03-08
94603	趙六094603	user094603@example.test	0900094603	城市D	2024-03-09
94604	錢七094604	user094604@example.test	0900094604	城市E	2024-03-10
94605	孫八094605	user094605@example.test	0900094605	城市F	2024-03-11
94606	周九094606	user094606@example.test	0900094606	城市G	2024-03-12
94607	吳十094607	user094607@example.test	0900094607	城市H	2024-03-13
94608	張三094608	user094608@example.test	0900094608	城市A	2024-03-14
94609	李四094609	user094609@example.test	0900094609	城市B	2024-03-15
94610	王五094610	user094610@example.test	0900094610	城市C	2024-03-16
94701	孫八094701	user094701@example.test	0900094701	城市F	2024-06-15
94702	周九094702	user094702@example.test	0900094702	城市G	2024-06-16
94703	吳十094703	user094703@example.test	0900094703	城市H	2024-06-17
94704	張三094704	user094704@example.test	0900094704	城市A	2024-06-18
94705	李四094705	user094705@example.test	0900094705	城市B	2024-06-19
94706	王五094706	user094706@example.test	0900094706	城市C	2024-06-20
94707	趙六094707	user094707@example.test	0900094707	城市D	2024-06-21
94708	錢七094708	user094708@example.test	0900094708	城市E	2024-06-22
94709	孫八094709	user094709@example.test	0900094709	城市F	2024-06-23
94710	周九094710	user094710@example.test	0900094710	城市G	2024-06-24
94801	李四094801	user094801@example.test	0900094801	城市B	2024-09-23
94802	王五094802	user094802@example.test	0900094802	城市C	2024-09-24
94803	趙六094803	user094803@example.test	0900094803	城市D	2024-09-25
94804	錢七094804	user094804@example.test	0900094804	城市E	2024-09-26
94805	孫八094805	user094805@example.test	0900094805	城市F	2024-09-27
94806	周九094806	user094806@example.test	0900094806	城市G	2024-09-28
94807	吳十094807	user094807@example.test	0900094807	城市H	2024-09-29
94808	張三094808	user094808@example.test	0900094808	城市A	2024-09-30
94809	李四094809	user094809@example.test	0900094809	城市B	2024-10-01
94810	王五094810	user094810@example.test	0900094810	城市C	2024-10-02
94901	孫八094901	user094901@example.test	0900094901	城市F	2025-01-01
94902	周九094902	user094902@example.test	0900094902	城市G	2025-01-02
94903	吳十094903	user094903@example.test	0900094903	城市H	2025-01-03
94904	張三094904	user094904@example.test	0900094904	城市A	2025-01-04
94905	李四094905	user094905@example.test	0900094905	城市B	2025-01-05
94906	王五094906	user094906@example.test	0900094906	城市C	2025-01-06
94907	趙六094907	user094907@example.test	0900094907	城市D	2025-01-07
94908	錢七094908	user094908@example.test	0900094908	城市E	2025-01-08
94909	孫八094909	user094909@example.test	0900094909	城市F	2025-01-09
94910	周九094910	user094910@example.test	0900094910	城市G	2025-01-10
99501	孫八099501	user099501@example.test	0900099501	城市F	2025-08-09
99502	周九099502	user099502@example.test	0900099502	城市G	2025-08-10
99503	吳十099503	user099503@example.test	0900099503	城市H	2025-08-11
99504	張三099504	user099504@example.test	0900099504	城市A	2025-08-12
99505	李四099505	user099505@example.test	0900099505	城市B	2025-08-13
99506	王五099506	user099506@example.test	0900099506	城市C	2025-08-14
99507	趙六099507	user099507@example.test	0900099507	城市D	2025-08-15
99508	錢七099508	user099508@example.test	0900099508	城市E	2025-08-16
99509	孫八099509	user099509@example.test	0900099509	城市F	2025-08-17
99510	周九099510	user099510@example.test	0900099510	城市G	2025-08-18
99511	吳十099511	user099511@example.test	0900099511	城市H	2025-08-19
99512	張三099512	user099512@example.test	0900099512	城市A	2025-08-20
99513	李四099513	user099513@example.test	0900099513	城市B	2025-08-21
99514	王五099514	user099514@example.test	0900099514	城市C	2025-08-22
99515	趙六099515	user099515@example.test	0900099515	城市D	2025-08-23
99516	錢七099516	user099516@example.test	0900099516	城市E	2025-08-24
99517	孫八099517	user099517@example.test	0900099517	城市F	2025-08-25
99518	周九099518	user099518@example.test	0900099518	城市G	2025-08-26
99519	吳十099519	user099519@example.test	0900099519	城市H	2025-08-27
99520	張三099520	user099520@example.test	0900099520	城市A	2025-08-28
99521	李四099521	user099521@example.test	0900099521	城市B	2025-08-29
99522	王五099522	user099522@example.test	0900099522	城市C	2025-08-30
99523	趙六099523	user099523@example.test	0900099523	城市D	2025-08-31
99524	錢七099524	user099524@example.test	0900099524	城市E	2025-09-01
99525	孫八099525	user099525@example.test	NULL	城市F	2025-09-02
99526	周九099526	user099526@example.test	0900099526	城市G	2025-09-03
99527	吳十099527	user099527@example.test	0900099527	城市H	2025-09-04
99528	張三099528	user099528@example.test	0900099528	城市A	2025-09-05
99529	李四099529	user099529@example.test	0900099529	城市B	2025-09-06
99530	王五099530	user099530@example.test	0900099530	城市C	2025-09-07
99531	趙六099531	user099531@example.test	0900099531	城市D	2025-09-08
99532	錢七099532	user099532@example.test	0900099532	城市E	2025-09-09
99533	孫八099533	user099533@example.test	0900099533	城市F	2025-09-10
99534	周九099534	user099534@example.test	0900099534	城市G	2025-09-11
99535	吳十099535	user099535@example.test	0900099535	城市H	2025-09-12
99536	張三099536	user099536@example.test	0900099536	城市A	2025-09-13
99537	李四099537	user099537@example.test	0900099537	城市B	2025-09-14
99538	王五099538	user099538@example.test	0900099538	城市C	2025-09-15
99539	趙六099539	user099539@example.test	0900099539	城市D	2025-09-16
99540	錢七099540	user099540@example.test	0900099540	城市E	2025-09-17
99541	孫八099541	user099541@example.test	0900099541	城市F	2025-09-18
99542	周九099542	user099542@example.test	0900099542	城市G	2025-09-19
99543	吳十099543	user099543@example.test	0900099543	城市H	2025-09-20
99544	張三099544	user099544@example.test	0900099544	城市A	2025-09-21
99545	李四099545	user099545@example.test	0900099545	城市B	2025-09-22
99546	王五099546	user099546@example.test	0900099546	城市C	2025-09-23
99547	趙六099547	user099547@example.test	0900099547	城市D	2025-09-24
99548	錢七099548	user099548@example.test	0900099548	城市E	2025-09-25
99549	孫八099549	user099549@example.test	0900099549	城市F	2025-09-26
99550	周九099550	user099550@example.test	NULL	城市G	2025-09-27
99551	吳十099551	user099551@example.test	0900099551	城市H	2025-09-28
99552	張三099552	user099552@example.test	0900099552	城市A	2025-09-29
99553	李四099553	user099553@example.test	0900099553	城市B	2025-09-30
99554	王五099554	user099554@example.test	0900099554	城市C	2025-10-01
99555	趙六099555	user099555@example.test	0900099555	城市D	2025-10-02
99556	錢七099556	user099556@example.test	0900099556	城市E	2025-10-03
99557	孫八099557	user099557@example.test	0900099557	城市F	2025-10-04
99558	周九099558	user099558@example.test	0900099558	城市G	2025-10-05
99559	吳十099559	user099559@example.test	0900099559	城市H	2025-10-06
99560	張三099560	user099560@example.test	0900099560	城市A	2025-10-07
99561	李四099561	user099561@example.test	0900099561	城市B	2025-10-08
99562	王五099562	user099562@example.test	0900099562	城市C	2025-10-09
99563	趙六099563	user099563@example.test	0900099563	城市D	2025-10-10
99564	錢七099564	user099564@example.test	0900099564	城市E	2025-10-11
99565	孫八099565	user099565@example.test	0900099565	城市F	2025-10-12
99566	周九099566	user099566@example.test	0900099566	城市G	2025-10-13
99567	吳十099567	user099567@example.test	0900099567	城市H	2025-10-14
99568	張三099568	user099568@example.test	0900099568	城市A	2025-10-15
99569	李四099569	user099569@example.test	0900099569	城市B	2025-10-16
99570	王五099570	user099570@example.test	0900099570	城市C	2025-10-17
99571	趙六099571	user099571@example.test	0900099571	城市D	2025-10-18
99572	錢七099572	user099572@example.test	0900099572	城市E	2025-10-19
99573	孫八099573	user099573@example.test	0900099573	城市F	2025-10-20
99574	周九099574	user099574@example.test	0900099574	城市G	2025-10-21
99575	吳十099575	user099575@example.test	NULL	城市H	2025-10-22
99576	張三099576	user099576@example.test	0900099576	城市A	2025-10-23
99577	李四099577	user099577@example.test	0900099577	城市B	2025-10-24
99578	王五099578	user099578@example.test	0900099578	城市C	2025-10-25
99579	趙六099579	user099579@example.test	0900099579	城市D	2025-10-26
99580	錢七099580	user099580@example.test	0900099580	城市E	2025-10-27
99581	孫八099581	user099581@example.test	0900099581	城市F	2025-10-28
99582	周九099582	user099582@example.test	0900099582	城市G	2025-10-29
99583	吳十099583	user099583@example.test	0900099583	城市H	2025-10-30
99584	張三099584	user099584@example.test	0900099584	城市A	2025-10-31
99585	李四099585	user099585@example.test	0900099585	城市B	2025-11-01
99586	王五099586	user099586@example.test	0900099586	城市C	2025-11-02
99587	趙六099587	user099587@example.test	0900099587	城市D	2025-11-03
99588	錢七099588	user099588@example.test	0900099588	城市E	2025-11-04
99589	孫八099589	user099589@example.test	0900099589	城市F	2025-11-05
99590	周九099590	user099590@example.test	0900099590	城市G	2025-11-06
99591	吳十099591	user099591@example.test	0900099591	城市H	2025-11-07
99592	張三099592	user099592@example.test	0900099592	城市A	2025-11-08
99593	李四099593	user099593@example.test	0900099593	城市B	2025-11-09
99594	王五099594	user099594@example.test	0900099594	城市C	2025-11-10
99595	趙六099595	user099595@example.test	0900099595	城市D	2025-11-11
99596	錢七099596	user099596@example.test	0900099596	城市E	2025-11-12
99597	孫八099597	user099597@example.test	0900099597	城市F	2025-11-13
99598	周九099598	user099598@example.test	0900099598	城市G	2025-11-14
99599	吳十099599	user099599@example.test	0900099599	城市H	2025-11-15
99600	張三099600	user099600@example.test	NULL	城市A	2025-11-16
99601	李四099601	user099601@example.test	0900099601	城市B	2025-11-17
99602	王五099602	user099602@example.test	0900099602	城市C	2025-11-18
99603	趙六099603	user099603@example.test	0900099603	城市D	2025-11-19
99604	錢七099604	user099604@example.test	0900099604	城市E	2025-11-20
99605	孫八099605	user099605@example.test	0900099605	城市F	2025-11-21
99606	周九099606	user099606@example.test	0900099606	城市G	2025-11-22
99607	吳十099607	user099607@example.test	0900099607	城市H	2025-11-23
99608	張三099608	user099608@example.test	0900099608	城市A	2025-11-24
99609	李四099609	user099609@example.test	0900099609	城市B	2025-11-25
99610	王五099610	user099610@example.test	0900099610	城市C	2025-11-26
99611	趙六099611	user099611@example.test	0900099611	城市D	2025-11-27
99612	錢七099612	user099612@example.test	0900099612	城市E	2025-11-28
99613	孫八099613	user099613@example.test	0900099613	城市F	2025-11-29
99614	周九099614	user099614@example.test	0900099614	城市G	2025-11-30
99615	吳十099615	user099615@example.test	0900099615	城市H	2025-12-01
99616	張三099616	user099616@example.test	0900099616	城市A	2025-12-02
99617	李四099617	user099617@example.test	0900099617	城市B	2025-12-03
99618	王五099618	user099618@example.test	0900099618	城市C	2025-12-04
99619	趙六099619	user099619@example.test	0900099619	城市D	2025-12-05
99620	錢七099620	user099620@example.test	0900099620	城市E	2025-12-06
99621	孫八099621	user099621@example.test	0900099621	城市F	2025-12-07
99622	周九099622	user099622@example.test	0900099622	城市G	2025-12-08
99623	吳十099623	user099623@example.test	0900099623	城市H	2025-12-09
99624	張三099624	user099624@example.test	0900099624	城市A	2025-12-10
99625	李四099625	user099625@example.test	NULL	城市B	2025-12-11
99626	王五099626	user099626@example.test	0900099626	城市C	2025-12-12
99627	趙六099627	user099627@example.test	0900099627	城市D	2025-12-13
99628	錢七099628	user099628@example.test	0900099628	城市E	2025-12-14
99629	孫八099629	user099629@example.test	0900099629	城市F	2025-12-15
99630	周九099630	user099630@example.test	0900099630	城市G	2025-12-16
99631	吳十099631	user099631@example.test	0900099631	城市H	2025-12-17
99632	張三099632	user099632@example.test	0900099632	城市A	2025-12-18
99633	李四099633	user099633@example.test	0900099633	城市B	2025-12-19
99634	王五099634	user099634@example.test	0900099634	城市C	2025-12-20
99635	趙六099635	user099635@example.test	0900099635	城市D	2025-12-21
99636	錢七099636	user099636@example.test	0900099636	城市E	2025-12-22
99637	孫八099637	user099637@example.test	0900099637	城市F	2025-12-23
99638	周九099638	user099638@example.test	0900099638	城市G	2025-12-24
99639	吳十099639	user099639@example.test	0900099639	城市H	2025-12-25
99640	張三099640	user099640@example.test	0900099640	城市A	2025-12-26
99641	李四099641	user099641@example.test	0900099641	城市B	2025-12-27
99642	王五099642	user099642@example.test	0900099642	城市C	2025-12-28
99643	趙六099643	user099643@example.test	0900099643	城市D	2025-12-29
99644	錢七099644	user099644@example.test	0900099644	城市E	2025-12-30
99645	孫八099645	user099645@example.test	0900099645	城市F	2023-01-01
99646	周九099646	user099646@example.test	0900099646	城市G	2023-01-02
99647	吳十099647	user099647@example.test	0900099647	城市H	2023-01-03
99648	張三099648	user099648@example.test	0900099648	城市A	2023-01-04
99649	李四099649	user099649@example.test	0900099649	城市B	2023-01-05
99650	王五099650	user099650@example.test	NULL	城市C	2023-01-06
99651	趙六099651	user099651@example.test	0900099651	城市D	2023-01-07
99652	錢七099652	user099652@example.test	0900099652	城市E	2023-01-08
99653	孫八099653	user099653@example.test	0900099653	城市F	2023-01-09
99654	周九099654	user099654@example.test	0900099654	城市G	2023-01-10
99655	吳十099655	user099655@example.test	0900099655	城市H	2023-01-11
99656	張三099656	user099656@example.test	0900099656	城市A	2023-01-12
99657	李四099657	user099657@example.test	0900099657	城市B	2023-01-13
99658	王五099658	user099658@example.test	0900099658	城市C	2023-01-14
99659	趙六099659	user099659@example.test	0900099659	城市D	2023-01-15
99660	錢七099660	user099660@example.test	0900099660	城市E	2023-01-16
99661	孫八099661	user099661@example.test	0900099661	城市F	2023-01-17
99662	周九099662	user099662@example.test	0900099662	城市G	2023-01-18
99663	吳十099663	user099663@example.test	0900099663	城市H	2023-01-19
99664	張三099664	user099664@example.test	0900099664	城市A	2023-01-20
99665	李四099665	user099665@example.test	0900099665	城市B	2023-01-21
99666	王五099666	user099666@example.test	0900099666	城市C	2023-01-22
99667	趙六099667	user099667@example.test	0900099667	城市D	2023-01-23
99668	錢七099668	user099668@example.test	0900099668	城市E	2023-01-24
99669	孫八099669	user099669@example.test	0900099669	城市F	2023-01-25
99670	周九099670	user099670@example.test	0900099670	城市G	2023-01-26
99671	吳十099671	user099671@example.test	0900099671	城市H	2023-01-27
99672	張三099672	user099672@example.test	0900099672	城市A	2023-01-28
99673	李四099673	user099673@example.test	0900099673	城市B	2023-01-29
99674	王五099674	user099674@example.test	0900099674	城市C	2023-01-30
99675	趙六099675	user099675@example.test	NULL	城市D	2023-01-31
99676	錢七099676	user099676@example.test	0900099676	城市E	2023-02-01
99677	孫八099677	user099677@example.test	0900099677	城市F	2023-02-02
99678	周九099678	user099678@example.test	0900099678	城市G	2023-02-03
99679	吳十099679	user099679@example.test	0900099679	城市H	2023-02-04
99680	張三099680	user099680@example.test	0900099680	城市A	2023-02-05
99681	李四099681	user099681@example.test	0900099681	城市B	2023-02-06
99682	王五099682	user099682@example.test	0900099682	城市C	2023-02-07
99683	趙六099683	user099683@example.test	0900099683	城市D	2023-02-08
99684	錢七099684	user099684@example.test	0900099684	城市E	2023-02-09
99685	孫八099685	user099685@example.test	0900099685	城市F	2023-02-10
99686	周九099686	user099686@example.test	0900099686	城市G	2023-02-11
99687	吳十099687	user099687@example.test	0900099687	城市H	2023-02-12
99688	張三099688	user099688@example.test	0900099688	城市A	2023-02-13
99689	李四099689	user099689@example.test	0900099689	城市B	2023-02-14
99690	王五099690	user099690@example.test	0900099690	城市C	2023-02-15
99691	趙六099691	user099691@example.test	0900099691	城市D	2023-02-16
99692	錢七099692	user099692@example.test	0900099692	城市E	2023-02-17
99693	孫八099693	user099693@example.test	0900099693	城市F	2023-02-18
99694	周九099694	user099694@example.test	0900099694	城市G	2023-02-19
99695	吳十099695	user099695@example.test	0900099695	城市H	2023-02-20
99696	張三099696	user099696@example.test	0900099696	城市A	2023-02-21
99697	李四099697	user099697@example.test	0900099697	城市B	2023-02-22
99698	王五099698	user099698@example.test	0900099698	城市C	2023-02-23
99699	趙六099699	user099699@example.test	0900099699	城市D	2023-02-24
99700	錢七099700	user099700@example.test	NULL	城市E	2023-02-25
99701	孫八099701	user099701@example.test	0900099701	城市F	2023-02-26
99702	周九099702	user099702@example.test	0900099702	城市G	2023-02-27
99703	吳十099703	user099703@example.test	0900099703	城市H	2023-02-28
99704	張三099704	user099704@example.test	0900099704	城市A	2023-03-01
99705	李四099705	user099705@example.test	0900099705	城市B	2023-03-02
99706	王五099706	user099706@example.test	0900099706	城市C	2023-03-03
99707	趙六099707	user099707@example.test	0900099707	城市D	2023-03-04
99708	錢七099708	user099708@example.test	0900099708	城市E	2023-03-05
99709	孫八099709	user099709@example.test	0900099709	城市F	2023-03-06
99710	周九099710	user099710@example.test	0900099710	城市G	2023-03-07
99711	吳十099711	user099711@example.test	0900099711	城市H	2023-03-08
99712	張三099712	user099712@example.test	0900099712	城市A	2023-03-09
99713	李四099713	user099713@example.test	0900099713	城市B	2023-03-10
99714	王五099714	user099714@example.test	0900099714	城市C	2023-03-11
99715	趙六099715	user099715@example.test	0900099715	城市D	2023-03-12
99716	錢七099716	user099716@example.test	0900099716	城市E	2023-03-13
99717	孫八099717	user099717@example.test	0900099717	城市F	2023-03-14
99718	周九099718	user099718@example.test	0900099718	城市G	2023-03-15
99719	吳十099719	user099719@example.test	0900099719	城市H	2023-03-16
99720	張三099720	user099720@example.test	0900099720	城市A	2023-03-17
99721	李四099721	user099721@example.test	0900099721	城市B	2023-03-18
99722	王五099722	user099722@example.test	0900099722	城市C	2023-03-19
99723	趙六099723	user099723@example.test	0900099723	城市D	2023-03-20
99724	錢七099724	user099724@example.test	0900099724	城市E	2023-03-21
99725	孫八099725	user099725@example.test	NULL	城市F	2023-03-22
99726	周九099726	user099726@example.test	0900099726	城市G	2023-03-23
99727	吳十099727	user099727@example.test	0900099727	城市H	2023-03-24
99728	張三099728	user099728@example.test	0900099728	城市A	2023-03-25
99729	李四099729	user099729@example.test	0900099729	城市B	2023-03-26
99730	王五099730	user099730@example.test	0900099730	城市C	2023-03-27
99731	趙六099731	user099731@example.test	0900099731	城市D	2023-03-28
99732	錢七099732	user099732@example.test	0900099732	城市E	2023-03-29
99733	孫八099733	user099733@example.test	0900099733	城市F	2023-03-30
99734	周九099734	user099734@example.test	0900099734	城市G	2023-03-31
99735	吳十099735	user099735@example.test	0900099735	城市H	2023-04-01
99736	張三099736	user099736@example.test	0900099736	城市A	2023-04-02
99737	李四099737	user099737@example.test	0900099737	城市B	2023-04-03
99738	王五099738	user099738@example.test	0900099738	城市C	2023-04-04
99739	趙六099739	user099739@example.test	0900099739	城市D	2023-04-05
99740	錢七099740	user099740@example.test	0900099740	城市E	2023-04-06
99741	孫八099741	user099741@example.test	0900099741	城市F	2023-04-07
99742	周九099742	user099742@example.test	0900099742	城市G	2023-04-08
99743	吳十099743	user099743@example.test	0900099743	城市H	2023-04-09
99744	張三099744	user099744@example.test	0900099744	城市A	2023-04-10
99745	李四099745	user099745@example.test	0900099745	城市B	2023-04-11
99746	王五099746	user099746@example.test	0900099746	城市C	2023-04-12
99747	趙六099747	user099747@example.test	0900099747	城市D	2023-04-13
99748	錢七099748	user099748@example.test	0900099748	城市E	2023-04-14
99749	孫八099749	user099749@example.test	0900099749	城市F	2023-04-15
99750	周九099750	user099750@example.test	NULL	城市G	2023-04-16
99751	吳十099751	user099751@example.test	0900099751	城市H	2023-04-17
99752	張三099752	user099752@example.test	0900099752	城市A	2023-04-18
99753	李四099753	user099753@example.test	0900099753	城市B	2023-04-19
99754	王五099754	user099754@example.test	0900099754	城市C	2023-04-20
99755	趙六099755	user099755@example.test	0900099755	城市D	2023-04-21
99756	錢七099756	user099756@example.test	0900099756	城市E	2023-04-22
99757	孫八099757	user099757@example.test	0900099757	城市F	2023-04-23
99758	周九099758	user099758@example.test	0900099758	城市G	2023-04-24
99759	吳十099759	user099759@example.test	0900099759	城市H	2023-04-25
99760	張三099760	user099760@example.test	0900099760	城市A	2023-04-26
99761	李四099761	user099761@example.test	0900099761	城市B	2023-04-27
99762	王五099762	user099762@example.test	0900099762	城市C	2023-04-28
99763	趙六099763	user099763@example.test	0900099763	城市D	2023-04-29
99764	錢七099764	user099764@example.test	0900099764	城市E	2023-04-30
99765	孫八099765	user099765@example.test	0900099765	城市F	2023-05-01
99766	周九099766	user099766@example.test	0900099766	城市G	2023-05-02
99767	吳十099767	user099767@example.test	0900099767	城市H	2023-05-03
99768	張三099768	user099768@example.test	0900099768	城市A	2023-05-04
99769	李四099769	user099769@example.test	0900099769	城市B	2023-05-05
99770	王五099770	user099770@example.test	0900099770	城市C	2023-05-06
99771	趙六099771	user099771@example.test	0900099771	城市D	2023-05-07
99772	錢七099772	user099772@example.test	0900099772	城市E	2023-05-08
99773	孫八099773	user099773@example.test	0900099773	城市F	2023-05-09
99774	周九099774	user099774@example.test	0900099774	城市G	2023-05-10
99775	吳十099775	user099775@example.test	NULL	城市H	2023-05-11
99776	張三099776	user099776@example.test	0900099776	城市A	2023-05-12
99777	李四099777	user099777@example.test	0900099777	城市B	2023-05-13
99778	王五099778	user099778@example.test	0900099778	城市C	2023-05-14
99779	趙六099779	user099779@example.test	0900099779	城市D	2023-05-15
99780	錢七099780	user099780@example.test	0900099780	城市E	2023-05-16
99781	孫八099781	user099781@example.test	0900099781	城市F	2023-05-17
99782	周九099782	user099782@example.test	0900099782	城市G	2023-05-18
99783	吳十099783	user099783@example.test	0900099783	城市H	2023-05-19
99784	張三099784	user099784@example.test	0900099784	城市A	2023-05-20
99785	李四099785	user099785@example.test	0900099785	城市B	2023-05-21
99786	王五099786	user099786@example.test	0900099786	城市C	2023-05-22
99787	趙六099787	user099787@example.test	0900099787	城市D	2023-05-23
99788	錢七099788	user099788@example.test	0900099788	城市E	2023-05-24
99789	孫八099789	user099789@example.test	0900099789	城市F	2023-05-25
99790	周九099790	user099790@example.test	0900099790	城市G	2023-05-26
99791	吳十099791	user099791@example.test	0900099791	城市H	2023-05-27
99792	張三099792	user099792@example.test	0900099792	城市A	2023-05-28
99793	李四099793	user099793@example.test	0900099793	城市B	2023-05-29
99794	王五099794	user099794@example.test	0900099794	城市C	2023-05-30
99795	趙六099795	user099795@example.test	0900099795	城市D	2023-05-31
99796	錢七099796	user099796@example.test	0900099796	城市E	2023-06-01
99797	孫八099797	user099797@example.test	0900099797	城市F	2023-06-02
99798	周九099798	user099798@example.test	0900099798	城市G	2023-06-03
99799	吳十099799	user099799@example.test	0900099799	城市H	2023-06-04
99800	張三099800	user099800@example.test	NULL	城市A	2023-06-05
99801	李四099801	user099801@example.test	0900099801	城市B	2023-06-06
99802	王五099802	user099802@example.test	0900099802	城市C	2023-06-07
99803	趙六099803	user099803@example.test	0900099803	城市D	2023-06-08
99804	錢七099804	user099804@example.test	0900099804	城市E	2023-06-09
99805	孫八099805	user099805@example.test	0900099805	城市F	2023-06-10
99806	周九099806	user099806@example.test	0900099806	城市G	2023-06-11
99807	吳十099807	user099807@example.test	0900099807	城市H	2023-06-12
99808	張三099808	user099808@example.test	0900099808	城市A	2023-06-13
99809	李四099809	user099809@example.test	0900099809	城市B	2023-06-14
99810	王五099810	user099810@example.test	0900099810	城市C	2023-06-15
99811	趙六099811	user099811@example.test	0900099811	城市D	2023-06-16
99812	錢七099812	user099812@example.test	0900099812	城市E	2023-06-17
99813	孫八099813	user099813@example.test	0900099813	城市F	2023-06-18
99814	周九099814	user099814@example.test	0900099814	城市G	2023-06-19
99815	吳十099815	user099815@example.test	0900099815	城市H	2023-06-20
99816	張三099816	user099816@example.test	0900099816	城市A	2023-06-21
99817	李四099817	user099817@example.test	0900099817	城市B	2023-06-22
99818	王五099818	user099818@example.test	0900099818	城市C	2023-06-23
99819	趙六099819	user099819@example.test	0900099819	城市D	2023-06-24
99820	錢七099820	user099820@example.test	0900099820	城市E	2023-06-25
99821	孫八099821	user099821@example.test	0900099821	城市F	2023-06-26
99822	周九099822	user099822@example.test	0900099822	城市G	2023-06-27
99823	吳十099823	user099823@example.test	0900099823	城市H	2023-06-28
99824	張三099824	user099824@example.test	0900099824	城市A	2023-06-29
99825	李四099825	user099825@example.test	NULL	城市B	2023-06-30
99826	王五099826	user099826@example.test	0900099826	城市C	2023-07-01
99827	趙六099827	user099827@example.test	0900099827	城市D	2023-07-02
99828	錢七099828	user099828@example.test	0900099828	城市E	2023-07-03
99829	孫八099829	user099829@example.test	0900099829	城市F	2023-07-04
99830	周九099830	user099830@example.test	0900099830	城市G	2023-07-05
99831	吳十099831	user099831@example.test	0900099831	城市H	2023-07-06
99832	張三099832	user099832@example.test	0900099832	城市A	2023-07-07
99833	李四099833	user099833@example.test	0900099833	城市B	2023-07-08
99834	王五099834	user099834@example.test	0900099834	城市C	2023-07-09
99835	趙六099835	user099835@example.test	0900099835	城市D	2023-07-10
99836	錢七099836	user099836@example.test	0900099836	城市E	2023-07-11
99837	孫八099837	user099837@example.test	0900099837	城市F	2023-07-12
99838	周九099838	user099838@example.test	0900099838	城市G	2023-07-13
99839	吳十099839	user099839@example.test	0900099839	城市H	2023-07-14
99840	張三099840	user099840@example.test	0900099840	城市A	2023-07-15
99841	李四099841	user099841@example.test	0900099841	城市B	2023-07-16
99842	王五099842	user099842@example.test	0900099842	城市C	2023-07-17
99843	趙六099843	user099843@example.test	0900099843	城市D	2023-07-18
99844	錢七099844	user099844@example.test	0900099844	城市E	2023-07-19
99845	孫八099845	user099845@example.test	0900099845	城市F	2023-07-20
99846	周九099846	user099846@example.test	0900099846	城市G	2023-07-21
99847	吳十099847	user099847@example.test	0900099847	城市H	2023-07-22
99848	張三099848	user099848@example.test	0900099848	城市A	2023-07-23
99849	李四099849	user099849@example.test	0900099849	城市B	2023-07-24
99850	王五099850	user099850@example.test	NULL	城市C	2023-07-25
99851	趙六099851	user099851@example.test	0900099851	城市D	2023-07-26
99852	錢七099852	user099852@example.test	0900099852	城市E	2023-07-27
99853	孫八099853	user099853@example.test	0900099853	城市F	2023-07-28
99854	周九099854	user099854@example.test	0900099854	城市G	2023-07-29
99855	吳十099855	user099855@example.test	0900099855	城市H	2023-07-30
99856	張三099856	user099856@example.test	0900099856	城市A	2023-07-31
99857	李四099857	user099857@example.test	0900099857	城市B	2023-08-01
99858	王五099858	user099858@example.test	0900099858	城市C	2023-08-02
99859	趙六099859	user099859@example.test	0900099859	城市D	2023-08-03
99860	錢七099860	user099860@example.test	0900099860	城市E	2023-08-04
99861	孫八099861	user099861@example.test	0900099861	城市F	2023-08-05
99862	周九099862	user099862@example.test	0900099862	城市G	2023-08-06
99863	吳十099863	user099863@example.test	0900099863	城市H	2023-08-07
99864	張三099864	user099864@example.test	0900099864	城市A	2023-08-08
99865	李四099865	user099865@example.test	0900099865	城市B	2023-08-09
99866	王五099866	user099866@example.test	0900099866	城市C	2023-08-10
99867	趙六099867	user099867@example.test	0900099867	城市D	2023-08-11
99868	錢七099868	user099868@example.test	0900099868	城市E	2023-08-12
99869	孫八099869	user099869@example.test	0900099869	城市F	2023-08-13
99870	周九099870	user099870@example.test	0900099870	城市G	2023-08-14
99871	吳十099871	user099871@example.test	0900099871	城市H	2023-08-15
99872	張三099872	user099872@example.test	0900099872	城市A	2023-08-16
99873	李四099873	user099873@example.test	0900099873	城市B	2023-08-17
99874	王五099874	user099874@example.test	0900099874	城市C	2023-08-18
99875	趙六099875	user099875@example.test	NULL	城市D	2023-08-19
99876	錢七099876	user099876@example.test	0900099876	城市E	2023-08-20
99877	孫八099877	user099877@example.test	0900099877	城市F	2023-08-21
99878	周九099878	user099878@example.test	0900099878	城市G	2023-08-22
99879	吳十099879	user099879@example.test	0900099879	城市H	2023-08-23
99880	張三099880	user099880@example.test	0900099880	城市A	2023-08-24
99881	李四099881	user099881@example.test	0900099881	城市B	2023-08-25
99882	王五099882	user099882@example.test	0900099882	城市C	2023-08-26
99883	趙六099883	user099883@example.test	0900099883	城市D	2023-08-27
99884	錢七099884	user099884@example.test	0900099884	城市E	2023-08-28
99885	孫八099885	user099885@example.test	0900099885	城市F	2023-08-29
99886	周九099886	user099886@example.test	0900099886	城市G	2023-08-30
99887	吳十099887	user099887@example.test	0900099887	城市H	2023-08-31
99888	張三099888	user099888@example.test	0900099888	城市A	2023-09-01
99889	李四099889	user099889@example.test	0900099889	城市B	2023-09-02
99890	王五099890	user099890@example.test	0900099890	城市C	2023-09-03
99891	趙六099891	user099891@example.test	0900099891	城市D	2023-09-04
99892	錢七099892	user099892@example.test	0900099892	城市E	2023-09-05
99893	孫八099893	user099893@example.test	0900099893	城市F	2023-09-06
99894	周九099894	user099894@example.test	0900099894	城市G	2023-09-07
99895	吳十099895	user099895@example.test	0900099895	城市H	2023-09-08
99896	張三099896	user099896@example.test	0900099896	城市A	2023-09-09
99897	李四099897	user099897@example.test	0900099897	城市B	2023-09-10
99898	王五099898	user099898@example.test	0900099898	城市C	2023-09-11
99899	趙六099899	user099899@example.test	0900099899	城市D	2023-09-12
99900	錢七099900	user099900@example.test	NULL	城市E	2023-09-13
99901	孫八099901	user099901@example.test	0900099901	城市F	2023-09-14
99902	周九099902	user099902@example.test	0900099902	城市G	2023-09-15
99903	吳十099903	user099903@example.test	0900099903	城市H	2023-09-16
99904	張三099904	user099904@example.test	0900099904	城市A	2023-09-17
99905	李四099905	user099905@example.test	0900099905	城市B	2023-09-18
99906	王五099906	user099906@example.test	0900099906	城市C	2023-09-19
99907	趙六099907	user099907@example.test	0900099907	城市D	2023-09-20
99908	錢七099908	user099908@example.test	0900099908	城市E	2023-09-21
99909	孫八099909	user099909@example.test	0900099909	城市F	2023-09-22
99910	周九099910	user099910@example.test	0900099910	城市G	2023-09-23
99911	吳十099911	user099911@example.test	0900099911	城市H	2023-09-24
99912	張三099912	user099912@example.test	0900099912	城市A	2023-09-25
99913	李四099913	user099913@example.test	0900099913	城市B	2023-09-26
99914	王五099914	user099914@example.test	0900099914	城市C	2023-09-27
99915	趙六099915	user099915@example.test	0900099915	城市D	2023-09-28
99916	錢七099916	user099916@example.test	0900099916	城市E	2023-09-29
99917	孫八099917	user099917@example.test	0900099917	城市F	2023-09-30
99918	周九099918	user099918@example.test	0900099918	城市G	2023-10-01
99919	吳十099919	user099919@example.test	0900099919	城市H	2023-10-02
99920	張三099920	user099920@example.test	0900099920	城市A	2023-10-03
99921	李四099921	user099921@example.test	0900099921	城市B	2023-10-04
99922	王五099922	user099922@example.test	0900099922	城市C	2023-10-05
99923	趙六099923	user099923@example.test	0900099923	城市D	2023-10-06
99924	錢七099924	user099924@example.test	0900099924	城市E	2023-10-07
99925	孫八099925	user099925@example.test	NULL	城市F	2023-10-08
99926	周九099926	user099926@example.test	0900099926	城市G	2023-10-09
99927	吳十099927	user099927@example.test	0900099927	城市H	2023-10-10
99928	張三099928	user099928@example.test	0900099928	城市A	2023-10-11
99929	李四099929	user099929@example.test	0900099929	城市B	2023-10-12
99930	王五099930	user099930@example.test	0900099930	城市C	2023-10-13
99931	趙六099931	user099931@example.test	0900099931	城市D	2023-10-14
99932	錢七099932	user099932@example.test	0900099932	城市E	2023-10-15
99933	孫八099933	user099933@example.test	0900099933	城市F	2023-10-16
99934	周九099934	user099934@example.test	0900099934	城市G	2023-10-17
99935	吳十099935	user099935@example.test	0900099935	城市H	2023-10-18
99936	張三099936	user099936@example.test	0900099936	城市A	2023-10-19
99937	李四099937	user099937@example.test	0900099937	城市B	2023-10-20
99938	王五099938	user099938@example.test	0900099938	城市C	2023-10-21
99939	趙六099939	user099939@example.test	0900099939	城市D	2023-10-22
99940	錢七099940	user099940@example.test	0900099940	城市E	2023-10-23
99941	孫八099941	user099941@example.test	0900099941	城市F	2023-10-24
99942	周九099942	user099942@example.test	0900099942	城市G	2023-10-25
99943	吳十099943	user099943@example.test	0900099943	城市H	2023-10-26
99944	張三099944	user099944@example.test	0900099944	城市A	2023-10-27
99945	李四099945	user099945@example.test	0900099945	城市B	2023-10-28
99946	王五099946	user099946@example.test	0900099946	城市C	2023-10-29
99947	趙六099947	user099947@example.test	0900099947	城市D	2023-10-30
99948	錢七099948	user099948@example.test	0900099948	城市E	2023-10-31
99949	孫八099949	user099949@example.test	0900099949	城市F	2023-11-01
99950	周九099950	user099950@example.test	NULL	城市G	2023-11-02
99951	吳十099951	user099951@example.test	0900099951	城市H	2023-11-03
99952	張三099952	user099952@example.test	0900099952	城市A	2023-11-04
99953	李四099953	user099953@example.test	0900099953	城市B	2023-11-05
99954	王五099954	user099954@example.test	0900099954	城市C	2023-11-06
99955	趙六099955	user099955@example.test	0900099955	城市D	2023-11-07
99956	錢七099956	user099956@example.test	0900099956	城市E	2023-11-08
99957	孫八099957	user099957@example.test	0900099957	城市F	2023-11-09
99958	周九099958	user099958@example.test	0900099958	城市G	2023-11-10
99959	吳十099959	user099959@example.test	0900099959	城市H	2023-11-11
99960	張三099960	user099960@example.test	0900099960	城市A	2023-11-12
99961	李四099961	user099961@example.test	0900099961	城市B	2023-11-13
99962	王五099962	user099962@example.test	0900099962	城市C	2023-11-14
99963	趙六099963	user099963@example.test	0900099963	城市D	2023-11-15
99964	錢七099964	user099964@example.test	0900099964	城市E	2023-11-16
99965	孫八099965	user099965@example.test	0900099965	城市F	2023-11-17
99966	周九099966	user099966@example.test	0900099966	城市G	2023-11-18
99967	吳十099967	user099967@example.test	0900099967	城市H	2023-11-19
99968	張三099968	user099968@example.test	0900099968	城市A	2023-11-20
99969	李四099969	user099969@example.test	0900099969	城市B	2023-11-21
99970	王五099970	user099970@example.test	0900099970	城市C	2023-11-22
99971	趙六099971	user099971@example.test	0900099971	城市D	2023-11-23
99972	錢七099972	user099972@example.test	0900099972	城市E	2023-11-24
99973	孫八099973	user099973@example.test	0900099973	城市F	2023-11-25
99974	周九099974	user099974@example.test	0900099974	城市G	2023-11-26
99975	吳十099975	user099975@example.test	NULL	城市H	2023-11-27
99976	張三099976	user099976@example.test	0900099976	城市A	2023-11-28
99977	李四099977	user099977@example.test	0900099977	城市B	2023-11-29
99978	王五099978	user099978@example.test	0900099978	城市C	2023-11-30
99979	趙六099979	user099979@example.test	0900099979	城市D	2023-12-01
99980	錢七099980	user099980@example.test	0900099980	城市E	2023-12-02
99981	孫八099981	user099981@example.test	0900099981	城市F	2023-12-03
99982	周九099982	user099982@example.test	0900099982	城市G	2023-12-04
99983	吳十099983	user099983@example.test	0900099983	城市H	2023-12-05
99984	張三099984	user099984@example.test	0900099984	城市A	2023-12-06
99985	李四099985	user099985@example.test	0900099985	城市B	2023-12-07
99986	王五099986	user099986@example.test	0900099986	城市C	2023-12-08
99987	趙六099987	user099987@example.test	0900099987	城市D	2023-12-09
99988	錢七099988	user099988@example.test	0900099988	城市E	2023-12-10
99989	孫八099989	user099989@example.test	0900099989	城市F	2023-12-11
99990	周九099990	user099990@example.test	0900099990	城市G	2023-12-12
99991	吳十099991	user099991@example.test	0900099991	城市H	2023-12-13
99992	張三099992	user099992@example.test	0900099992	城市A	2023-12-14
99993	李四099993	user099993@example.test	0900099993	城市B	2023-12-15
99994	王五099994	user099994@example.test	0900099994	城市C	2023-12-16
99995	趙六099995	user099995@example.test	0900099995	城市D	2023-12-17
99996	錢七099996	user099996@example.test	0900099996	城市E	2023-12-18
99997	孫八099997	user099997@example.test	0900099997	城市F	2023-12-19
99998	周九099998	user099998@example.test	0900099998	城市G	2023-12-20
99999	吳十099999	user099999@example.test	0900099999	城市H	2023-12-21
100000	張三100000	user100000@example.test	NULL	城市A	2023-12-22
