product_id	product_name	category_id	price	is_active
1	品牌A T恤 黑色 S	1	20.00	1
2	品牌A T恤 黑色 M	1	30.00	1
3	品牌A T恤 黑色 L	1	40.00	1
4	品牌A T恤 黑色 XL	1	50.00	1
5	品牌A T恤 黑色 均一	1	60.00	1
6	品牌A T恤 白色 S	1	70.00	1
7	品牌A T恤 白色 M	1	80.00	1
8	品牌A T恤 白色 L	1	90.00	1
9	品牌A T恤 白色 XL	1	100.00	1
10	品牌A T恤 白色 均一	1	110.00	1
11	品牌A T恤 藍色 S	1	120.00	1
12	品牌A T恤 藍色 M	1	130.00	1
13	品牌A T恤 藍色 L	1	140.00	1
14	品牌A T恤 藍色 XL	1	150.00	1
15	品牌A T恤 藍色 均一	1	160.00	1
16	品牌A T恤 紅色 S	1	170.00	1
17	品牌A T恤 紅色 M	1	180.00	1
18	品牌A T恤 紅色 L	1	190.00	1
19	品牌A T恤 紅色 XL	1	200.00	1
20	品牌A T恤 紅色 均一	1	210.00	1
21	品牌A T恤 灰色 S	1	220.00	1
22	品牌A T恤 灰色 M	1	230.00	1
23	品牌A T恤 灰色 L	1	240.00	1
24	品牌A T恤 灰色 XL	1	250.00	1
25	品牌A T恤 灰色 均一	1	260.00	1
26	品牌A T恤 綠色 S	1	270.00	1
27	品牌A T恤 綠色 M	1	280.00	1
28	品牌A T恤 綠色 L	1	290.00	1
29	品牌A T恤 綠色 XL	1	300.00	1
30	品牌A T恤 綠色 均一	1	310.00	1
31	品牌A T恤 米色 S	1	320.00	1
32	品牌A T恤 米色 M	1	330.00	1
33	品牌A T恤 米色 L	1	340.00	1
34	品牌A T恤 米色 XL	1	350.00	1
35	品牌A T恤 米色 均一	1	360.00	1
36	品牌A T恤 粉色 S	1	370.00	1
37	品牌A T恤 粉色 M	1	380.00	1
38	品牌A T恤 粉色 L	1	390.00	1
39	品牌A T恤 粉色 XL	1	400.00	1
40	品牌A T恤 粉色 均一	1	410.00	1
41	品牌A T恤 黃色 S	1	420.00	1
42	品牌A T恤 黃色 M	1	430.00	1
43	品牌A T恤 黃色 L	1	440.00	1
44	品牌A T恤 黃色 XL	1	450.00	1
45	品牌A T恤 黃色 均一	1	460.00	1
46	品牌A T恤 紫色 S	1	470.00	1
47	品牌A T恤 紫色 M	1	480.00	1
48	品牌A T恤 紫色 L	1	490.00	1
49	品牌A T恤 紫色 XL	1	500.00	1
50	品牌A T恤 紫色 均一	1	510.00	0
51	品牌A 外套 黑色 S	1	520.00	1
52	品牌A 外套 黑色 M	1	530.00	1
53	品牌A 外套 黑色 L	1	540.00	1
54	品牌A 外套 黑色 XL	1	550.00	1
55	品牌A 外套 黑色 均一	1	560.00	1
56	品牌A 外套 白色 S	1	570.00	1
57	品牌A 外套 白色 M	1	580.00	1
58	品牌A 外套 白色 L	1	590.00	1
59	品牌A 外套 白色 XL	1	600.00	1
60	品牌A 外套 白色 均一	1	610.00	1
61	品牌A 外套 藍色 S	1	620.00	1
62	品牌A 外套 藍色 M	1	630.00	1
63	品牌A 外套 藍色 L	1	640.00	1
64	品牌A 外套 藍色 XL	1	650.00	1
65	品牌A 外套 藍色 均一	1	660.00	1
66	品牌A 外套 紅色 S	1	670.00	1
67	品牌A 外套 紅色 M	1	680.00	1
68	品牌A 外套 紅色 L	1	690.00	1
69	品牌A 外套 紅色 XL	1	700.00	1
70	品牌A 外套 紅色 均一	1	710.00	1
71	品牌A 外套 灰色 S	1	720.00	1
72	品牌A 外套 灰色 M	1	730.00	1
73	品牌A 外套 灰色 L	1	740.00	1
74	品牌A 外套 灰色 XL	1	750.00	1
75	品牌A 外套 灰色 均一	1	760.00	1
76	品牌A 外套 綠色 S	1	770.00	1
77	品牌A 外套 綠色 M	1	780.00	1
78	品牌A 外套 綠色 L	1	790.00	1
79	品牌A 外套 綠色 XL	1	800.00	1
80	品牌A 外套 綠色 均一	1	810.00	1
81	品牌A 外套 米色 S	1	820.00	1
82	品牌A 外套 米色 M	1	830.00	1
83	品牌A 外套 米色 L	1	840.00	1
84	品牌A 外套 米色 XL	1	850.00	1
85	品牌A 外套 米色 均一	1	860.00	1
86	品牌A 外套 粉色 S	1	870.00	1
87	品牌A 外套 粉色 M	1	880.00	1
88	品牌A 外套 粉色 L	1	890.00	1
89	品牌A 外套 粉色 XL	1	900.00	1
90	品牌A 外套 粉色 均一	1	910.00	1
91	品牌A 外套 黃色 S	1	920.00	1
92	品牌A 外套 黃色 M	1	930.00	1
93	品牌A 外套 黃色 L	1	940.00	1
94	品牌A 外套 黃色 XL	1	950.00	1
95	品牌A 外套 黃色 均一	1	960.00	1
96	品牌A 外套 紫色 S	1	970.00	1
97	品牌A 外套 紫色 M	1	980.00	1
98	品牌A 外套 紫色 L	1	990.00	1
99	品牌A 外套 紫色 XL	1	1000.00	1
100	品牌A 外套 紫色 均一	1	1010.00	0
101	品牌A 無線耳機 黑色 S	2	1020.00	1
102	品牌A 無線耳機 黑色 M	2	1030.00	1
103	品牌A 無線耳機 黑色 L	2	1040.00	1
104	品牌A 無線耳機 黑色 XL	2	1050.00	1
105	品牌A 無線耳機 黑色 均一	2	1060.00	1
106	品牌A 無線耳機 白色 S	2	1070.00	1
107	品牌A 無線耳機 白色 M	2	1080.00	1
108	品牌A 無線耳機 白色 L	2	1090.00	1
109	品牌A 無線耳機 白色 XL	2	1100.00	1
110	品牌A 無線耳機 白色 均一	2	1110.00	1
111	品牌A 無線耳機 藍色 S	2	1120.00	1
112	品牌A 無線耳機 藍色 M	2	1130.00	1
113	品牌A 無線耳機 藍色 L	2	1140.00	1
114	品牌A 無線耳機 藍色 XL	2	1150.00	1
115	品牌A 無線耳機 藍色 均一	2	1160.00	1
116	品牌A 無線耳機 紅色 S	2	1170.00	1
117	品牌A 無線耳機 紅色 M	2	1180.00	1
118	品牌A 無線耳機 紅色 L	2	1190.00	1
119	品牌A 無線耳機 紅色 XL	2	1200.00	1
120	品牌A 無線耳機 紅色 均一	2	1210.00	1
121	品牌A 無線耳機 灰色 S	2	1220.00	1
122	品牌A 無線耳機 灰色 M	2	1230.00	1
123	品牌A 無線耳機 灰色 L	2	1240.00	1
124	品牌A 無線耳機 灰色 XL	2	1250.00	1
125	品牌A 無線耳機 灰色 均一	2	1260.00	1
126	品牌A 無線耳機 綠色 S	2	1270.00	1
127	品牌A 無線耳機 綠色 M	2	1280.00	1
128	品牌A 無線耳機 綠色 L	2	1290.00	1
129	品牌A 無線耳機 綠色 XL	2	1300.00	1
130	品牌A 無線耳機 綠色 均一	2	1310.00	1
131	品牌A 無線耳機 米色 S	2	1320.00	1
132	品牌A 無線耳機 米色 M	2	1330.00	1
133	品牌A 無線耳機 米色 L	2	1340.00	1
134	品牌A 無線耳機 米色 XL	2	1350.00	1
135	品牌A 無線耳機 米色 均一	2	1360.00	1
136	品牌A 無線耳機 粉色 S	2	1370.00	1
137	品牌A 無線耳機 粉色 M	2	1380.00	1
138	品牌A 無線耳機 粉色 L	2	1390.00	1
139	品牌A 無線耳機 粉色 XL	2	1400.00	1
140	品牌A 無線耳機 粉色 均一	2	1410.00	1
141	品牌A 無線耳機 黃色 S	2	1420.00	1
142	品牌A 無線耳機 黃色 M	2	1430.00	1
143	品牌A 無線耳機 黃色 L	2	1440.00	1
144	品牌A 無線耳機 黃色 XL	2	1450.00	1
145	品牌A 無線耳機 黃色 均一	2	1460.00	1
146	品牌A 無線耳機 紫色 S	2	1470.00	1
147	品牌A 無線耳機 紫色 M	2	1480.00	1
148	品牌A 無線耳機 紫色 L	2	1490.00	1
149	品牌A 無線耳機 紫色 XL	2	1500.00	1
150	品牌A 無線耳機 紫色 均一	2	1510.00	0
151	品牌A 行動電源 黑色 S	2	1520.00	1
152	品牌A 行動電源 黑色 M	2	1530.00	1
153	品牌A 行動電源 黑色 L	2	1540.00	1
154	品牌A 行動電源 黑色 XL	2	1550.00	1
155	品牌A 行動電源 黑色 均一	2	1560.00	1
156	品牌A 行動電源 白色 S	2	1570.00	1
157	品牌A 行動電源 白色 M	2	1580.00	1
158	品牌A 行動電源 白色 L	2	1590.00	1
159	品牌A 行動電源 白色 XL	2	1600.00	1
160	品牌A 行動電源 白色 均一	2	1610.00	1
161	品牌A 行動電源 藍色 S	2	1620.00	1
162	品牌A 行動電源 藍色 M	2	1630.00	1
163	品牌A 行動電源 藍色 L	2	1640.00	1
164	品牌A 行動電源 藍色 XL	2	1650.00	1
165	品牌A 行動電源 藍色 均一	2	1660.00	1
166	品牌A 行動電源 紅色 S	2	1670.00	1
167	品牌A 行動電源 紅色 M	2	1680.00	1
168	品牌A 行動電源 紅色 L	2	1690.00	1
169	品牌A 行動電源 紅色 XL	2	1700.00	1
170	品牌A 行動電源 紅色 均一	2	1710.00	1
171	品牌A 行動電源 灰色 S	2	1720.00	1
172	品牌A 行動電源 灰色 M	2	1730.00	1
173	品牌A 行動電源 灰色 L	2	1740.00	1
174	品牌A 行動電源 灰色 XL	2	1750.00	1
175	品牌A 行動電源 灰色 均一	2	1760.00	1
176	品牌A 行動電源 綠色 S	2	1770.00	1
177	品牌A 行動電源 綠色 M	2	1780.00	1
178	品牌A 行動電源 綠色 L	2	1790.00	1
179	品牌A 行動電源 綠色 XL	2	1800.00	1
180	品牌A 行動電源 綠色 均一	2	1810.00	1
181	品牌A 行動電源 米色 S	2	1820.00	1
182	品牌A 行動電源 米色 M	2	1830.00	1
183	品牌A 行動電源 米色 L	2	1840.00	1
184	品牌A 行動電源 米色 XL	2	1850.00	1
185	品牌A 行動電源 米色 均一	2	1860.00	1
186	品牌A 行動電源 粉色 S	2	1870.00	1
187	品牌A 行動電源 粉色 M	2	1880.00	1
188	品牌A 行動電源 粉色 L	2	1890.00	1
189	品牌A 行動電源 粉色 XL	2	1900.00	1
190	品牌A 行動電源 粉色 均一	2	1910.00	1
191	品牌A 行動電源 黃色 S	2	1920.00	1
192	品牌A 行動電源 黃色 M	2	1930.00	1
193	品牌A 行動電源 黃色 L	2	1940.00	1
194	品牌A 行動電源 黃色 XL	2	1950.00	1
195	品牌A 行動電源 黃色 均一	2	1960.00	1
196	品牌A 行動電源 紫色 S	2	1970.00	1
197	品牌A 行動電源 紫色 M	2	1980.00	1
198	品牌A 行動電源 紫色 L	2	1990.00	1
199	品牌A 行動電源 紫色 XL	2	2000.00	1
200	品牌A 行動電源 紫色 均一	2	10.00	0
201	品牌A 馬克杯 黑色 S	3	20.00	1
202	品牌A 馬克杯 黑色 M	3	30.00	1
203	品牌A 馬克杯 黑色 L	3	40.00	1
204	品牌A 馬克杯 黑色 XL	3	50.00	1
205	品牌A 馬克杯 黑色 均一	3	60.00	1
206	品牌A 馬克杯 白色 S	3	70.00	1
207	品牌A 馬克杯 白色 M	3	80.00	1
208	品牌A 馬克杯 白色 L	3	90.00	1
209	品牌A 馬克杯 白色 XL	3	100.00	1
210	品牌A 馬克杯 白色 均一	3	110.00	1
211	品牌A 馬克杯 藍色 S	3	120.00	1
212	品牌A 馬克杯 藍色 M	3	130.00	1
213	品牌A 馬克杯 藍色 L	3	140.00	1
214	品牌A 馬克杯 藍色 XL	3	150.00	1
215	品牌A 馬克杯 藍色 均一	3	160.00	1
216	品牌A 馬克杯 紅色 S	3	170.00	1
217	品牌A 馬克杯 紅色 M	3	180.00	1
218	品牌A 馬克杯 紅色 L	3	190.00	1
219	品牌A 馬克杯 紅色 XL	3	200.00	1
220	品牌A 馬克杯 紅色 均一	3	210.00	1
221	品牌A 馬克杯 灰色 S	3	220.00	1
222	品牌A 馬克杯 灰色 M	3	230.00	1
223	品牌A 馬克杯 灰色 L	3	240.00	1
224	品牌A 馬克杯 灰色 XL	3	250.00	1
225	品牌A 馬克杯 灰色 均一	3	260.00	1
226	品牌A 馬克杯 綠色 S	3	270.00	1
227	品牌A 馬克杯 綠色 M	3	280.00	1
228	品牌A 馬克杯 綠色 L	3	290.00	1
229	品牌A 馬克杯 綠色 XL	3	300.00	1
230	品牌A 馬克杯 綠色 均一	3	310.00	1
231	品牌A 馬克杯 米色 S	3	320.00	1
232	品牌A 馬克杯 米色 M	3	330.00	1
233	品牌A 馬克杯 米色 L	3	340.00	1
234	品牌A 馬克杯 米色 XL	3	350.00	1
235	品牌A 馬克杯 米色 均一	3	360.00	1
236	品牌A 馬克杯 粉色 S	3	370.00	1
237	品牌A 馬克杯 粉色 M	3	380.00	1
238	品牌A 馬克杯 粉色 L	3	390.00	1
239	品牌A 馬克杯 粉色 XL	3	400.00	1
240	品牌A 馬克杯 粉色 均一	3	410.00	1
241	品牌A 馬克杯 黃色 S	3	420.00	1
242	品牌A 馬克杯 黃色 M	3	430.00	1
243	品牌A 馬克杯 黃色 L	3	440.00	1
244	品牌A 馬克杯 黃色 XL	3	450.00	1
245	品牌A 馬克杯 黃色 均一	3	460.00	1
246	品牌A 馬克杯 紫色 S	3	470.00	1
247	品牌A 馬克杯 紫色 M	3	480.00	1
248	品牌A 馬克杯 紫色 L	3	490.00	1
249	品牌A 馬克杯 紫色 XL	3	500.00	1
250	品牌A 馬克杯 紫色 均一	3	510.00	0
251	品牌A 收納盒 黑色 S	3	520.00	1
252	品牌A 收納盒 黑色 M	3	530.00	1
253	品牌A 收納盒 黑色 L	3	540.00	1
254	品牌A 收納盒 黑色 XL	3	550.00	1
255	品牌A 收納盒 黑色 均一	3	560.00	1
256	品牌A 收納盒 白色 S	3	570.00	1
257	品牌A 收納盒 白色 M	3	580.00	1
258	品牌A 收納盒 白色 L	3	590.00	1
259	品牌A 收納盒 白色 XL	3	600.00	1
260	品牌A 收納盒 白色 均一	3	610.00	1
261	品牌A 收納盒 藍色 S	3	620.00	1
262	品牌A 收納盒 藍色 M	3	630.00	1
263	品牌A 收納盒 藍色 L	3	640.00	1
264	品牌A 收納盒 藍色 XL	3	650.00	1
265	品牌A 收納盒 藍色 均一	3	660.00	1
266	品牌A 收納盒 紅色 S	3	670.00	1
267	品牌A 收納盒 紅色 M	3	680.00	1
268	品牌A 收納盒 紅色 L	3	690.00	1
269	品牌A 收納盒 紅色 XL	3	700.00	1
270	品牌A 收納盒 紅色 均一	3	710.00	1
271	品牌A 收納盒 灰色 S	3	720.00	1
272	品牌A 收納盒 灰色 M	3	730.00	1
273	品牌A 收納盒 灰色 L	3	740.00	1
274	品牌A 收納盒 灰色 XL	3	750.00	1
275	品牌A 收納盒 灰色 均一	3	760.00	1
276	品牌A 收納盒 綠色 S	3	770.00	1
277	品牌A 收納盒 綠色 M	3	780.00	1
278	品牌A 收納盒 綠色 L	3	790.00	1
279	品牌A 收納盒 綠色 XL	3	800.00	1
280	品牌A 收納盒 綠色 均一	3	810.00	1
281	品牌A 收納盒 米色 S	3	820.00	1
282	品牌A 收納盒 米色 M	3	830.00	1
283	品牌A 收納盒 米色 L	3	840.00	1
284	品牌A 收納盒 米色 XL	3	850.00	1
285	品牌A 收納盒 米色 均一	3	860.00	1
286	品牌A 收納盒 粉色 S	3	870.00	1
287	品牌A 收納盒 粉色 M	3	880.00	1
288	品牌A 收納盒 粉色 L	3	890.00	1
289	品牌A 收納盒 粉色 XL	3	900.00	1
290	品牌A 收納盒 粉色 均一	3	910.00	1
291	品牌A 收納盒 黃色 S	3	920.00	1
292	品牌A 收納盒 黃色 M	3	930.00	1
293	品牌A 收納盒 黃色 L	3	940.00	1
294	品牌A 收納盒 黃色 XL	3	950.00	1
295	品牌A 收納盒 黃色 均一	3	960.00	1
296	品牌A 收納盒 紫色 S	3	970.00	1
297	品牌A 收納盒 紫色 M	3	980.00	1
298	品牌A 收納盒 紫色 L	3	990.00	1
299	品牌A 收納盒 紫色 XL	3	1000.00	1
300	品牌A 收納盒 紫色 均一	3	1010.00	0
301	品牌A 咖啡豆 黑色 S	4	1020.00	1
302	品牌A 咖啡豆 黑色 M	4	1030.00	1
303	品牌A 咖啡豆 黑色 L	4	1040.00	1
304	品牌A 咖啡豆 黑色 XL	4	1050.00	1
305	品牌A 咖啡豆 黑色 均一	4	1060.00	1
306	品牌A 咖啡豆 白色 S	4	1070.00	1
307	品牌A 咖啡豆 白色 M	4	1080.00	1
308	品牌A 咖啡豆 白色 L	4	1090.00	1
309	品牌A 咖啡豆 白色 XL	4	1100.00	1
310	品牌A 咖啡豆 白色 均一	4	1110.00	1
311	品牌A 咖啡豆 藍色 S	4	1120.00	1
312	品牌A 咖啡豆 藍色 M	4	1130.00	1
313	品牌A 咖啡豆 藍色 L	4	1140.00	1
314	品牌A 咖啡豆 藍色 XL	4	1150.00	1
315	品牌A 咖啡豆 藍色 均一	4	1160.00	1
316	品牌A 咖啡豆 紅色 S	4	1170.00	1
317	品牌A 咖啡豆 紅色 M	4	1180.00	1
318	品牌A 咖啡豆 紅色 L	4	1190.00	1
319	品牌A 咖啡豆 紅色 XL	4	1200.00	1
320	品牌A 咖啡豆 紅色 均一	4	1210.00	1
321	品牌A 咖啡豆 灰色 S	4	1220.00	1
322	品牌A 咖啡豆 灰色 M	4	1230.00	1
323	品牌A 咖啡豆 灰色 L	4	1240.00	1
324	品牌A 咖啡豆 灰色 XL	4	1250.00	1
325	品牌A 咖啡豆 灰色 均一	4	1260.00	1
326	品牌A 咖啡豆 綠色 S	4	1270.00	1
327	品牌A 咖啡豆 綠色 M	4	1280.00	1
328	品牌A 咖啡豆 綠色 L	4	1290.00	1
329	品牌A 咖啡豆 綠色 XL	4	1300.00	1
330	品牌A 咖啡豆 綠色 均一	4	1310.00	1
331	品牌A 咖啡豆 米色 S	4	1320.00	1
332	品牌A 咖啡豆 米色 M	4	1330.00	1
333	品牌A 咖啡豆 米色 L	4	1340.00	1
334	品牌A 咖啡豆 米色 XL	4	1350.00	1
335	品牌A 咖啡豆 米色 均一	4	1360.00	1
336	品牌A 咖啡豆 粉色 S	4	1370.00	1
337	品牌A 咖啡豆 粉色 M	4	1380.00	1
338	品牌A 咖啡豆 粉色 L	4	1390.00	1
339	品牌A 咖啡豆 粉色 XL	4	1400.00	1
340	品牌A 咖啡豆 粉色 均一	4	1410.00	1
341	品牌A 咖啡豆 黃色 S	4	1420.00	1
342	品牌A 咖啡豆 黃色 M	4	1430.00	1
343	品牌A 咖啡豆 黃色 L	4	1440.00	1
344	品牌A 咖啡豆 黃色 XL	4	1450.00	1
345	品牌A 咖啡豆 黃色 均一	4	1460.00	1
346	品牌A 咖啡豆 紫色 S	4	1470.00	1
347	品牌A 咖啡豆 紫色 M	4	1480.00	1
348	品牌A 咖啡豆 紫色 L	4	1490.00	1
349	品牌A 咖啡豆 紫色 XL	4	1500.00	1
350	品牌A 咖啡豆 紫色 均一	4	1510.00	0
351	品牌A 餅乾 黑色 S	4	1520.00	1
352	品牌A 餅乾 黑色 M	4	1530.00	1
353	品牌A 餅乾 黑色 L	4	1540.00	1
354	品牌A 餅乾 黑色 XL	4	1550.00	1
355	品牌A 餅乾 黑色 均一	4	1560.00	1
356	品牌A 餅乾 白色 S	4	1570.00	1
357	品牌A 餅乾 白色 M	4	1580.00	1
358	品牌A 餅乾 白色 L	4	1590.00	1
359	品牌A 餅乾 白色 XL	4	1600.00	1
360	品牌A 餅乾 白色 均一	4	1610.00	1
361	品牌A 餅乾 藍色 S	4	1620.00	1
362	品牌A 餅乾 藍色 M	4	1630.00	1
363	品牌A 餅乾 藍色 L	4	1640.00	1
364	品牌A 餅乾 藍色 XL	4	1650.00	1
365	品牌A 餅乾 藍色 均一	4	1660.00	1
366	品牌A 餅乾 紅色 S	4	1670.00	1
367	品牌A 餅乾 紅色 M	4	1680.00	1
368	品牌A 餅乾 紅色 L	4	1690.00	1
369	品牌A 餅乾 紅色 XL	4	1700.00	1
370	品牌A 餅乾 紅色 均一	4	1710.00	1
371	品牌A 餅乾 灰色 S	4	1720.00	1
372	品牌A 餅乾 灰色 M	4	1730.00	1
373	品牌A 餅乾 灰色 L	4	1740.00	1
374	品牌A 餅乾 灰色 XL	4	1750.00	1
375	品牌A 餅乾 灰色 均一	4	1760.00	1
376	品牌A 餅乾 綠色 S	4	1770.00	1
377	品牌A 餅乾 綠色 M	4	1780.00	1
378	品牌A 餅乾 綠色 L	4	1790.00	1
379	品牌A 餅乾 綠色 XL	4	1800.00	1
380	品牌A 餅乾 綠色 均一	4	1810.00	1
381	品牌A 餅乾 米色 S	4	1820.00	1
382	品牌A 餅乾 米色 M	4	1830.00	1
383	品牌A 餅乾 米色 L	4	1840.00	1
384	品牌A 餅乾 米色 XL	4	1850.00	1
385	品牌A 餅乾 米色 均一	4	1860.00	1
386	品牌A 餅乾 粉色 S	4	1870.00	1
387	品牌A 餅乾 粉色 M	4	1880.00	1
388	品牌A 餅乾 粉色 L	4	1890.00	1
389	品牌A 餅乾 粉色 XL	4	1900.00	1
390	品牌A 餅乾 粉色 均一	4	1910.00	1
391	品牌A 餅乾 黃色 S	4	1920.00	1
392	品牌A 餅乾 黃色 M	4	1930.00	1
393	品牌A 餅乾 黃色 L	4	1940.00	1
394	品牌A 餅乾 黃色 XL	4	1950.00	1
395	品牌A 餅乾 黃色 均一	4	1960.00	1
396	品牌A 餅乾 紫色 S	4	1970.00	1
397	品牌A 餅乾 紫色 M	4	1980.00	1
398	品牌A 餅乾 紫色 L	4	1990.00	1
399	品牌A 餅乾 紫色 XL	4	2000.00	1
400	品牌A 餅乾 紫色 均一	4	10.00	0
401	品牌A 洗面乳 黑色 S	5	20.00	1
402	品牌A 洗面乳 黑色 M	5	30.00	1
403	品牌A 洗面乳 黑色 L	5	40.00	1
404	品牌A 洗面乳 黑色 XL	5	50.00	1
405	品牌A 洗面乳 黑色 均一	5	60.00	1
406	品牌A 洗面乳 白色 S	5	70.00	1
407	品牌A 洗面乳 白色 M	5	80.00	1
408	品牌A 洗面乳 白色 L	5	90.00	1
409	品牌A 洗面乳 白色 XL	5	100.00	1
410	品牌A 洗面乳 白色 均一	5	110.00	1
411	品牌A 洗面乳 藍色 S	5	120.00	1
412	品牌A 洗面乳 藍色 M	5	130.00	1
413	品牌A 洗面乳 藍色 L	5	140.00	1
414	品牌A 洗面乳 藍色 XL	5	150.00	1
415	品牌A 洗面乳 藍色 均一	5	160.00	1
416	品牌A 洗面乳 紅色 S	5	170.00	1
417	品牌A 洗面乳 紅色 M	5	180.00	1
418	品牌A 洗面乳 紅色 L	5	190.00	1
419	品牌A 洗面乳 紅色 XL	5	200.00	1
420	品牌A 洗面乳 紅色 均一	5	210.00	1
421	品牌A 洗面乳 灰色 S	5	220.00	1
422	品牌A 洗面乳 灰色 M	5	230.00	1
423	品牌A 洗面乳 灰色 L	5	240.00	1
424	品牌A 洗面乳 灰色 XL	5	250.00	1
425	品牌A 洗面乳 灰色 均一	5	260.00	1
426	品牌A 洗面乳 綠色 S	5	270.00	1
427	品牌A 洗面乳 綠色 M	5	280.00	1
428	品牌A 洗面乳 綠色 L	5	290.00	1
429	品牌A 洗面乳 綠色 XL	5	300.00	1
430	品牌A 洗面乳 綠色 均一	5	310.00	1
431	品牌A 洗面乳 米色 S	5	320.00	1
432	品牌A 洗面乳 米色 M	5	330.00	1
433	品牌A 洗面乳 米色 L	5	340.00	1
434	品牌A 洗面乳 米色 XL	5	350.00	1
435	品牌A 洗面乳 米色 均一	5	360.00	1
436	品牌A 洗面乳 粉色 S	5	370.00	1
437	品牌A 洗面乳 粉色 M	5	380.00	1
438	品牌A 洗面乳 粉色 L	5	390.00	1
439	品牌A 洗面乳 粉色 XL	5	400.00	1
440	品牌A 洗面乳 粉色 均一	5	410.00	1
441	品牌A 洗面乳 黃色 S	5	420.00	1
442	品牌A 洗面乳 黃色 M	5	430.00	1
443	品牌A 洗面乳 黃色 L	5	440.00	1
444	品牌A 洗面乳 黃色 XL	5	450.00	1
445	品牌A 洗面乳 黃色 均一	5	460.00	1
446	品牌A 洗面乳 紫色 S	5	470.00	1
447	品牌A 洗面乳 紫色 M	5	480.00	1
448	品牌A 洗面乳 紫色 L	5	490.00	1
449	品牌A 洗面乳 紫色 XL	5	500.00	1
450	品牌A 洗面乳 紫色 均一	5	510.00	0
451	品牌A 面膜 黑色 S	5	520.00	1
452	品牌A 面膜 黑色 M	5	530.00	1
453	品牌A 面膜 黑色 L	5	540.00	1
454	品牌A 面膜 黑色 XL	5	550.00	1
455	品牌A 面膜 黑色 均一	5	560.00	1
456	品牌A 面膜 白色 S	5	570.00	1
457	品牌A 面膜 白色 M	5	580.00	1
458	品牌A 面膜 白色 L	5	590.00	1
459	品牌A 面膜 白色 XL	5	600.00	1
460	品牌A 面膜 白色 均一	5	610.00	1
461	品牌A 面膜 藍色 S	5	620.00	1
462	品牌A 面膜 藍色 M	5	630.00	1
463	品牌A 面膜 藍色 L	5	640.00	1
464	品牌A 面膜 藍色 XL	5	650.00	1
465	品牌A 面膜 藍色 均一	5	660.00	1
466	品牌A 面膜 紅色 S	5	670.00	1
467	品牌A 面膜 紅色 M	5	680.00	1
468	品牌A 面膜 紅色 L	5	690.00	1
469	品牌A 面膜 紅色 XL	5	700.00	1
470	品牌A 面膜 紅色 均一	5	710.00	1
471	品牌A 面膜 灰色 S	5	720.00	1
472	品牌A 面膜 灰色 M	5	730.00	1
473	品牌A 面膜 灰色 L	5	740.00	1
474	品牌A 面膜 灰色 XL	5	750.00	1
475	品牌A 面膜 灰色 均一	5	760.00	1
476	品牌A 面膜 綠色 S	5	770.00	1
477	品牌A 面膜 綠色 M	5	780.00	1
478	品牌A 面膜 綠色 L	5	790.00	1
479	品牌A 面膜 綠色 XL	5	800.00	1
480	品牌A 面膜 綠色 均一	5	810.00	1
481	品牌A 面膜 米色 S	5	820.00	1
482	品牌A 面膜 米色 M	5	830.00	1
483	品牌A 面膜 米色 L	5	840.00	1
484	品牌A 面膜 米色 XL	5	850.00	1
485	品牌A 面膜 米色 均一	5	860.00	1
486	品牌A 面膜 粉色 S	5	870.00	1
487	品牌A 面膜 粉色 M	5	880.00	1
488	品牌A 面膜 粉色 L	5	890.00	1
489	品牌A 面膜 粉色 XL	5	900.00	1
490	品牌A 面膜 粉色 均一	5	910.00	1
491	品牌A 面膜 黃色 S	5	920.00	1
492	品牌A 面膜 黃色 M	5	930.00	1
493	品牌A 面膜 黃色 L	5	940.00	1
494	品牌A 面膜 黃色 XL	5	950.00	1
495	品牌A 面膜 黃色 均一	5	960.00	1
496	品牌A 面膜 紫色 S	5	970.00	1
497	品牌A 面膜 紫色 M	5	980.00	1
498	品牌A 面膜 紫色 L	5	990.00	1
499	品牌A 面膜 紫色 XL	5	1000.00	1
500	品牌A 面膜 紫色 均一	5	1010.00	0
501	品牌A 瑜珈墊 黑色 S	6	1020.00	1
502	品牌A 瑜珈墊 黑色 M	6	1030.00	1
503	品牌A 瑜珈墊 黑色 L	6	1040.00	1
504	品牌A 瑜珈墊 黑色 XL	6	1050.00	1
505	品牌A 瑜珈墊 黑色 均一	6	1060.00	1
506	品牌A 瑜珈墊 白色 S	6	1070.00	1
507	品牌A 瑜珈墊 白色 M	6	1080.00	1
508	品牌A 瑜珈墊 白色 L	6	1090.00	1
509	品牌A 瑜珈墊 白色 XL	6	1100.00	1
510	品牌A 瑜珈墊 白色 均一	6	1110.00	1
511	品牌A 瑜珈墊 藍色 S	6	1120.00	1
512	品牌A 瑜珈墊 藍色 M	6	1130.00	1
513	品牌A 瑜珈墊 藍色 L	6	1140.00	1
514	品牌A 瑜珈墊 藍色 XL	6	1150.00	1
515	品牌A 瑜珈墊 藍色 均一	6	1160.00	1
516	品牌A 瑜珈墊 紅色 S	6	1170.00	1
517	品牌A 瑜珈墊 紅色 M	6	1180.00	1
518	品牌A 瑜珈墊 紅色 L	6	1190.00	1
519	品牌A 瑜珈墊 紅色 XL	6	1200.00	1
520	品牌A 瑜珈墊 紅色 均一	6	1210.00	1
521	品牌A 瑜珈墊 灰色 S	6	1220.00	1
522	品牌A 瑜珈墊 灰色 M	6	1230.00	1
523	品牌A 瑜珈墊 灰色 L	6	1240.00	1
524	品牌A 瑜珈墊 灰色 XL	6	1250.00	1
525	品牌A 瑜珈墊 灰色 均一	6	1260.00	1
526	品牌A 瑜珈墊 綠色 S	6	1270.00	1
527	品牌A 瑜珈墊 綠色 M	6	1280.00	1
528	品牌A 瑜珈墊 綠色 L	6	1290.00	1
529	品牌A 瑜珈墊 綠色 XL	6	1300.00	1
530	品牌A 瑜珈墊 綠色 均一	6	1310.00	1
531	品牌A 瑜珈墊 米色 S	6	1320.00	1
532	品牌A 瑜珈墊 米色 M	6	1330.00	1
533	品牌A 瑜珈墊 米色 L	6	1340.00	1
534	品牌A 瑜珈墊 米色 XL	6	1350.00	1
535	品牌A 瑜珈墊 米色 均一	6	1360.00	1
536	品牌A 瑜珈墊 粉色 S	6	1370.00	1
537	品牌A 瑜珈墊 粉色 M	6	1380.00	1
538	品牌A 瑜珈墊 粉色 L	6	1390.00	1
539	品牌A 瑜珈墊 粉色 XL	6	1400.00	1
540	品牌A 瑜珈墊 粉色 均一	6	1410.00	1
541	品牌A 瑜珈墊 黃色 S	6	1420.00	1
542	品牌A 瑜珈墊 黃色 M	6	1430.00	1
543	品牌A 瑜珈墊 黃色 L	6	1440.00	1
544	品牌A 瑜珈墊 黃色 XL	6	1450.00	1
545	品牌A 瑜珈墊 黃色 均一	6	1460.00	1
546	品牌A 瑜珈墊 紫色 S	6	1470.00	1
547	品牌A 瑜珈墊 紫色 M	6	1480.00	1
548	品牌A 瑜珈墊 紫色 L	6	1490.00	1
549	品牌A 瑜珈墊 紫色 XL	6	1500.00	1
550	品牌A 瑜珈墊 紫色 均一	6	1510.00	0
551	品牌A 啞鈴 黑色 S	6	1520.00	1
552	品牌A 啞鈴 黑色 M	6	1530.00	1
553	品牌A 啞鈴 黑色 L	6	1540.00	1
554	品牌A 啞鈴 黑色 XL	6	1550.00	1
555	品牌A 啞鈴 黑色 均一	6	1560.00	1
556	品牌A 啞鈴 白色 S	6	1570.00	1
557	品牌A 啞鈴 白色 M	6	1580.00	1
558	品牌A 啞鈴 白色 L	6	1590.00	1
559	品牌A 啞鈴 白色 XL	6	1600.00	1
560	品牌A 啞鈴 白色 均一	6	1610.00	1
561	品牌A 啞鈴 藍色 S	6	1620.00	1
562	品牌A 啞鈴 藍色 M	6	1630.00	1
563	品牌A 啞鈴 藍色 L	6	1640.00	1
564	品牌A 啞鈴 藍色 XL	6	1650.00	1
565	品牌A 啞鈴 藍色 均一	6	1660.00	1
566	品牌A 啞鈴 紅色 S	6	1670.00	1
567	品牌A 啞鈴 紅色 M	6	1680.00	1
568	品牌A 啞鈴 紅色 L	6	1690.00	1
569	品牌A 啞鈴 紅色 XL	6	1700.00	1
570	品牌A 啞鈴 紅色 均一	6	1710.00	1
571	品牌A 啞鈴 灰色 S	6	1720.00	1
572	品牌A 啞鈴 灰色 M	6	1730.00	1
573	品牌A 啞鈴 灰色 L	6	1740.00	1
574	品牌A 啞鈴 灰色 XL	6	1750.00	1
575	品牌A 啞鈴 灰色 均一	6	1760.00	1
576	品牌A 啞鈴 綠色 S	6	1770.00	1
577	品牌A 啞鈴 綠色 M	6	1780.00	1
578	品牌A 啞鈴 綠色 L	6	1790.00	1
579	品牌A 啞鈴 綠色 XL	6	1800.00	1
580	品牌A 啞鈴 綠色 均一	6	1810.00	1
581	品牌A 啞鈴 米色 S	6	1820.00	1
582	品牌A 啞鈴 米色 M	6	1830.00	1
583	品牌A 啞鈴 米色 L	6	1840.00	1
584	品牌A 啞鈴 米色 XL	6	1850.00	1
585	品牌A 啞鈴 米色 均一	6	1860.00	1
586	品牌A 啞鈴 粉色 S	6	1870.00	1
587	品牌A 啞鈴 粉色 M	6	1880.00	1
588	品牌A 啞鈴 粉色 L	6	1890.00	1
589	品牌A 啞鈴 粉色 XL	6	1900.00	1
590	品牌A 啞鈴 粉色 均一	6	1910.00	1
591	品牌A 啞鈴 黃色 S	6	1920.00	1
592	品牌A 啞鈴 黃色 M	6	1930.00	1
593	品牌A 啞鈴 黃色 L	6	1940.00	1
594	品牌A 啞鈴 黃色 XL	6	1950.00	1
595	品牌A 啞鈴 黃色 均一	6	1960.00	1
596	品牌A 啞鈴 紫色 S	6	1970.00	1
597	品牌A 啞鈴 紫色 M	6	1980.00	1
598	品牌A 啞鈴 紫色 L	6	1990.00	1
599	品牌A 啞鈴 紫色 XL	6	2000.00	1
600	品牌A 啞鈴 紫色 均一	6	10.00	0
601	品牌A 筆記本 黑色 S	7	20.00	1
602	品牌A 筆記本 黑色 M	7	30.00	1
603	品牌A 筆記本 黑色 L	7	40.00	1
604	品牌A 筆記本 黑色 XL	7	50.00	1
605	品牌A 筆記本 黑色 均一	7	60.00	1
606	品牌A 筆記本 白色 S	7	70.00	1
607	品牌A 筆記本 白色 M	7	80.00	1
608	品牌A 筆記本 白色 L	7	90.00	1
609	品牌A 筆記本 白色 XL	7	100.00	1
610	品牌A 筆記本 白色 均一	7	110.00	1
611	品牌A 筆記本 藍色 S	7	120.00	1
612	品牌A 筆記本 藍色 M	7	130.00	1
613	品牌A 筆記本 藍色 L	7	140.00	1
614	品牌A 筆記本 藍色 XL	7	150.00	1
615	品牌A 筆記本 藍色 均一	7	160.00	1
616	品牌A 筆記本 紅色 S	7	170.00	1
617	品牌A 筆記本 紅色 M	7	180.00	1
618	品牌A 筆記本 紅色 L	7	190.00	1
619	品牌A 筆記本 紅色 XL	7	200.00	1
620	品牌A 筆記本 紅色 均一	7	210.00	1
621	品牌A 筆記本 灰色 S	7	220.00	1
622	品牌A 筆記本 灰色 M	7	230.00	1
623	品牌A 筆記本 灰色 L	7	240.00	1
624	品牌A 筆記本 灰色 XL	7	250.00	1
625	品牌A 筆記本 灰色 均一	7	260.00	1
626	品牌A 筆記本 綠色 S	7	270.00	1
627	品牌A 筆記本 綠色 M	7	280.00	1
628	品牌A 筆記本 綠色 L	7	290.00	1
629	品牌A 筆記本 綠色 XL	7	300.00	1
630	品牌A 筆記本 綠色 均一	7	310.00	1
631	品牌A 筆記本 米色 S	7	320.00	1
632	品牌A 筆記本 米色 M	7	330.00	1
633	品牌A 筆記本 米色 L	7	340.00	1
634	品牌A 筆記本 米色 XL	7	350.00	1
635	品牌A 筆記本 米色 均一	7	360.00	1
636	品牌A 筆記本 粉色 S	7	370.00	1
637	品牌A 筆記本 粉色 M	7	380.00	1
638	品牌A 筆記本 粉色 L	7	390.00	1
639	品牌A 筆記本 粉色 XL	7	400.00	1
640	品牌A 筆記本 粉色 均一	7	410.00	1
641	品牌A 筆記本 黃色 S	7	420.00	1
642	品牌A 筆記本 黃色 M	7	430.00	1
643	品牌A 筆記本 黃色 L	7	440.00	1
644	品牌A 筆記本 黃色 XL	7	450.00	1
645	品牌A 筆記本 黃色 均一	7	460.00	1
646	品牌A 筆記本 紫色 S	7	470.00	1
647	品牌A 筆記本 紫色 M	7	480.00	1
648	品牌A 筆記本 紫色 L	7	490.00	1
649	品牌A 筆記本 紫色 XL	7	500.00	1
650	品牌A 筆記本 紫色 均一	7	510.00	0
651	品牌A 原子筆 黑色 S	7	520.00	1
652	品牌A 原子筆 黑色 M	7	530.00	1
653	品牌A 原子筆 黑色 L	7	540.00	1
654	品牌A 原子筆 黑色 XL	7	550.00	1
655	品牌A 原子筆 黑色 均一	7	560.00	1
656	品牌A 原子筆 白色 S	7	570.00	1
657	品牌A 原子筆 白色 M	7	580.00	1
658	品牌A 原子筆 白色 L	7	590.00	1
659	品牌A 原子筆 白色 XL	7	600.00	1
660	品牌A 原子筆 白色 均一	7	610.00	1
661	品牌A 原子筆 藍色 S	7	620.00	1
662	品牌A 原子筆 藍色 M	7	630.00	1
663	品牌A 原子筆 藍色 L	7	640.00	1
664	品牌A 原子筆 藍色 XL	7	650.00	1
665	品牌A 原子筆 藍色 均一	7	660.00	1
666	品牌A 原子筆 紅色 S	7	670.00	1
667	品牌A 原子筆 紅色 M	7	680.00	1
668	品牌A 原子筆 紅色 L	7	690.00	1
669	品牌A 原子筆 紅色 XL	7	700.00	1
670	品牌A 原子筆 紅色 均一	7	710.00	1
671	品牌A 原子筆 灰色 S	7	720.00	1
672	品牌A 原子筆 灰色 M	7	730.00	1
673	品牌A 原子筆 灰色 L	7	740.00	1
674	品牌A 原子筆 灰色 XL	7	750.00	1
675	品牌A 原子筆 灰色 均一	7	760.00	1
676	品牌A 原子筆 綠色 S	7	770.00	1
677	品牌A 原子筆 綠色 M	7	780.00	1
678	品牌A 原子筆 綠色 L	7	790.00	1
679	品牌A 原子筆 綠色 XL	7	800.00	1
680	品牌A 原子筆 綠色 均一	7	810.00	1
681	品牌A 原子筆 米色 S	7	820.00	1
682	品牌A 原子筆 米色 M	7	830.00	1
683	品牌A 原子筆 米色 L	7	840.00	1
684	品牌A 原子筆 米色 XL	7	850.00	1
685	品牌A 原子筆 米色 均一	7	860.00	1
686	品牌A 原子筆 粉色 S	7	870.00	1
687	品牌A 原子筆 粉色 M	7	880.00	1
688	品牌A 原子筆 粉色 L	7	890.00	1
689	品牌A 原子筆 粉色 XL	7	900.00	1
690	品牌A 原子筆 粉色 均一	7	910.00	1
691	品牌A 原子筆 黃色 S	7	920.00	1
692	品牌A 原子筆 黃色 M	7	930.00	1
693	品牌A 原子筆 黃色 L	7	940.00	1
694	品牌A 原子筆 黃色 XL	7	950.00	1
695	品牌A 原子筆 黃色 均一	7	960.00	1
696	品牌A 原子筆 紫色 S	7	970.00	1
697	品牌A 原子筆 紫色 M	7	980.00	1
698	品牌A 原子筆 紫色 L	7	990.00	1
699	品牌A 原子筆 紫色 XL	7	1000.00	1
700	品牌A 原子筆 紫色 均一	7	1010.00	0
701	品牌A 貓砂 黑色 S	8	1020.00	1
702	品牌A 貓砂 黑色 M	8	1030.00	1
703	品牌A 貓砂 黑色 L	8	1040.00	1
704	品牌A 貓砂 黑色 XL	8	1050.00	1
705	品牌A 貓砂 黑色 均一	8	1060.00	1
706	品牌A 貓砂 白色 S	8	1070.00	1
707	品牌A 貓砂 白色 M	8	1080.00	1
708	品牌A 貓砂 白色 L	8	1090.00	1
709	品牌A 貓砂 白色 XL	8	1100.00	1
710	品牌A 貓砂 白色 均一	8	1110.00	1
711	品牌A 貓砂 藍色 S	8	1120.00	1
712	品牌A 貓砂 藍色 M	8	1130.00	1
713	品牌A 貓砂 藍色 L	8	1140.00	1
714	品牌A 貓砂 藍色 XL	8	1150.00	1
715	品牌A 貓砂 藍色 均一	8	1160.00	1
716	品牌A 貓砂 紅色 S	8	1170.00	1
717	品牌A 貓砂 紅色 M	8	1180.00	1
718	品牌A 貓砂 紅色 L	8	1190.00	1
719	品牌A 貓砂 紅色 XL	8	1200.00	1
720	品牌A 貓砂 紅色 均一	8	1210.00	1
721	品牌A 貓砂 灰色 S	8	1220.00	1
722	品牌A 貓砂 灰色 M	8	1230.00	1
723	品牌A 貓砂 灰色 L	8	1240.00	1
724	品牌A 貓砂 灰色 XL	8	1250.00	1
725	品牌A 貓砂 灰色 均一	8	1260.00	1
726	品牌A 貓砂 綠色 S	8	1270.00	1
727	品牌A 貓砂 綠色 M	8	1280.00	1
728	品牌A 貓砂 綠色 L	8	1290.00	1
729	品牌A 貓砂 綠色 XL	8	1300.00	1
730	品牌A 貓砂 綠色 均一	8	1310.00	1
731	品牌A 貓砂 米色 S	8	1320.00	1
732	品牌A 貓砂 米色 M	8	1330.00	1
733	品牌A 貓砂 米色 L	8	1340.00	1
734	品牌A 貓砂 米色 XL	8	1350.00	1
735	品牌A 貓砂 米色 均一	8	1360.00	1
736	品牌A 貓砂 粉色 S	8	1370.00	1
737	品牌A 貓砂 粉色 M	8	1380.00	1
738	品牌A 貓砂 粉色 L	8	1390.00	1
739	品牌A 貓砂 粉色 XL	8	1400.00	1
740	品牌A 貓砂 粉色 均一	8	1410.00	1
741	品牌A 貓砂 黃色 S	8	1420.00	1
742	品牌A 貓砂 黃色 M	8	1430.00	1
743	品牌A 貓砂 黃色 L	8	1440.00	1
744	品牌A 貓砂 黃色 XL	8	1450.00	1
745	品牌A 貓砂 黃色 均一	8	1460.00	1
746	品牌A 貓砂 紫色 S	8	1470.00	1
747	品牌A 貓砂 紫色 M	8	1480.00	1
748	品牌A 貓砂 紫色 L	8	1490.00	1
749	品牌A 貓砂 紫色 XL	8	1500.00	1
750	品牌A 貓砂 紫色 均一	8	1510.00	0
751	品牌A 狗零食 黑色 S	8	1520.00	1
752	品牌A 狗零食 黑色 M	8	1530.00	1
753	品牌A 狗零食 黑色 L	8	1540.00	1
754	品牌A 狗零食 黑色 XL	8	1550.00	1
755	品牌A 狗零食 黑色 均一	8	1560.00	1
756	品牌A 狗零食 白色 S	8	1570.00	1
757	品牌A 狗零食 白色 M	8	1580.00	1
758	品牌A 狗零食 白色 L	8	1590.00	1
759	品牌A 狗零食 白色 XL	8	1600.00	1
760	品牌A 狗零食 白色 均一	8	1610.00	1
761	品牌A 狗零食 藍色 S	8	1620.00	1
762	品牌A 狗零食 藍色 M	8	1630.00	1
763	品牌A 狗零食 藍色 L	8	1640.00	1
764	品牌A 狗零食 藍色 XL	8	1650.00	1
765	品牌A 狗零食 藍色 均一	8	1660.00	1
766	品牌A 狗零食 紅色 S	8	1670.00	1
767	品牌A 狗零食 紅色 M	8	1680.00	1
768	品牌A 狗零食 紅色 L	8	1690.00	1
769	品牌A 狗零食 紅色 XL	8	1700.00	1
770	品牌A 狗零食 紅色 均一	8	1710.00	1
771	品牌A 狗零食 灰色 S	8	1720.00	1
772	品牌A 狗零食 灰色 M	8	1730.00	1
773	品牌A 狗零食 灰色 L	8	1740.00	1
774	品牌A 狗零食 灰色 XL	8	1750.00	1
775	品牌A 狗零食 灰色 均一	8	1760.00	1
776	品牌A 狗零食 綠色 S	8	1770.00	1
777	品牌A 狗零食 綠色 M	8	1780.00	1
778	品牌A 狗零食 綠色 L	8	1790.00	1
779	品牌A 狗零食 綠色 XL	8	1800.00	1
780	品牌A 狗零食 綠色 均一	8	1810.00	1
781	品牌A 狗零食 米色 S	8	1820.00	1
782	品牌A 狗零食 米色 M	8	1830.00	1
783	品牌A 狗零食 米色 L	8	1840.00	1
784	品牌A 狗零食 米色 XL	8	1850.00	1
785	品牌A 狗零食 米色 均一	8	1860.00	1
786	品牌A 狗零食 粉色 S	8	1870.00	1
787	品牌A 狗零食 粉色 M	8	1880.00	1
788	品牌A 狗零食 粉色 L	8	1890.00	1
789	品牌A 狗零食 粉色 XL	8	1900.00	1
790	品牌A 狗零食 粉色 均一	8	1910.00	1
791	品牌A 狗零食 黃色 S	8	1920.00	1
792	品牌A 狗零食 黃色 M	8	1930.00	1
793	品牌A 狗零食 黃色 L	8	1940.00	1
794	品牌A 狗零食 黃色 XL	8	1950.00	1
795	品牌A 狗零食 黃色 均一	8	1960.00	1
796	品牌A 狗零食 紫色 S	8	1970.00	1
797	品牌A 狗零食 紫色 M	8	1980.00	1
798	品牌A 狗零食 紫色 L	8	1990.00	1
799	品牌A 狗零食 紫色 XL	8	2000.00	1
800	品牌A 狗零食 紫色 均一	8	10.00	0
801	品牌A 小說 黑色 S	9	20.00	1
802	品牌A 小說 黑色 M	9	30.00	1
803	品牌A 小說 黑色 L	9	40.00	1
804	品牌A 小說 黑色 XL	9	50.00	1
805	品牌A 小說 黑色 均一	9	60.00	1
806	品牌A 小說 白色 S	9	70.00	1
807	品牌A 小說 白色 M	9	80.00	1
808	品牌A 小說 白色 L	9	90.00	1
809	品牌A 小說 白色 XL	9	100.00	1
810	品牌A 小說 白色 均一	9	110.00	1
811	品牌A 小說 藍色 S	9	120.00	1
812	品牌A 小說 藍色 M	9	130.00	1
813	品牌A 小說 藍色 L	9	140.00	1
814	品牌A 小說 藍色 XL	9	150.00	1
815	品牌A 小說 藍色 均一	9	160.00	1
816	品牌A 小說 紅色 S	9	170.00	1
817	品牌A 小說 紅色 M	9	180.00	1
818	品牌A 小說 紅色 L	9	190.00	1
819	品牌A 小說 紅色 XL	9	200.00	1
820	品牌A 小說 紅色 均一	9	210.00	1
821	品牌A 小說 灰色 S	9	220.00	1
822	品牌A 小說 灰色 M	9	230.00	1
823	品牌A 小說 灰色 L	9	240.00	1
824	品牌A 小說 灰色 XL	9	250.00	1
825	品牌A 小說 灰色 均一	9	260.00	1
826	品牌A 小說 綠色 S	9	270.00	1
827	品牌A 小說 綠色 M	9	280.00	1
828	品牌A 小說 綠色 L	9	290.00	1
829	品牌A 小說 綠色 XL	9	300.00	1
830	品牌A 小說 綠色 均一	9	310.00	1
831	品牌A 小說 米色 S	9	320.00	1
832	品牌A 小說 米色 M	9	330.00	1
833	品牌A 小說 米色 L	9	340.00	1
834	品牌A 小說 米色 XL	9	350.00	1
835	品牌A 小說 米色 均一	9	360.00	1
836	品牌A 小說 粉色 S	9	370.00	1
837	品牌A 小說 粉色 M	9	380.00	1
838	品牌A 小說 粉色 L	9	390.00	1
839	品牌A 小說 粉色 XL	9	400.00	1
840	品牌A 小說 粉色 均一	9	410.00	1
841	品牌A 小說 黃色 S	9	420.00	1
842	品牌A 小說 黃色 M	9	430.00	1
843	品牌A 小說 黃色 L	9	440.00	1
844	品牌A 小說 黃色 XL	9	450.00	1
845	品牌A 小說 黃色 均一	9	460.00	1
846	品牌A 小說 紫色 S	9	470.00	1
847	品牌A 小說 紫色 M	9	480.00	1
848	品牌A 小說 紫色 L	9	490.00	1
849	品牌A 小說 紫色 XL	9	500.00	1
850	品牌A 小說 紫色 均一	9	510.00	0
851	品牌A 食譜 黑色 S	9	520.00	1
852	品牌A 食譜 黑色 M	9	530.00	1
853	品牌A 食譜 黑色 L	9	540.00	1
854	品牌A 食譜 黑色 XL	9	550.00	1
855	品牌A 食譜 黑色 均一	9	560.00	1
856	品牌A 食譜 白色 S	9	570.00	1
857	品牌A 食譜 白色 M	9	580.00	1
858	品牌A 食譜 白色 L	9	590.00	1
859	品牌A 食譜 白色 XL	9	600.00	1
860	品牌A 食譜 白色 均一	9	610.00	1
861	品牌A 食譜 藍色 S	9	620.00	1
862	品牌A 食譜 藍色 M	9	630.00	1
863	品牌A 食譜 藍色 L	9	640.00	1
864	品牌A 食譜 藍色 XL	9	650.00	1
865	品牌A 食譜 藍色 均一	9	660.00	1
866	品牌A 食譜 紅色 S	9	670.00	1
867	品牌A 食譜 紅色 M	9	680.00	1
868	品牌A 食譜 紅色 L	9	690.00	1
869	品牌A 食譜 紅色 XL	9	700.00	1
870	品牌A 食譜 紅色 均一	9	710.00	1
871	品牌A 食譜 灰色 S	9	720.00	1
872	品牌A 食譜 灰色 M	9	730.00	1
873	品牌A 食譜 灰色 L	9	740.00	1
874	品牌A 食譜 灰色 XL	9	750.00	1
875	品牌A 食譜 灰色 均一	9	760.00	1
876	品牌A 食譜 綠色 S	9	770.00	1
877	品牌A 食譜 綠色 M	9	780.00	1
878	品牌A 食譜 綠色 L	9	790.00	1
879	品牌A 食譜 綠色 XL	9	800.00	1
880	品牌A 食譜 綠色 均一	9	810.00	1
881	品牌A 食譜 米色 S	9	820.00	1
882	品牌A 食譜 米色 M	9	830.00	1
883	品牌A 食譜 米色 L	9	840.00	1
884	品牌A 食譜 米色 XL	9	850.00	1
885	品牌A 食譜 米色 均一	9	860.00	1
886	品牌A 食譜 粉色 S	9	870.00	1
887	品牌A 食譜 粉色 M	9	880.00	1
888	品牌A 食譜 粉色 L	9	890.00	1
889	品牌A 食譜 粉色 XL	9	900.00	1
890	品牌A 食譜 粉色 均一	9	910.00	1
891	品牌A 食譜 黃色 S	9	920.00	1
892	品牌A 食譜 黃色 M	9	930.00	1
893	品牌A 食譜 黃色 L	9	940.00	1
894	品牌A 食譜 黃色 XL	9	950.00	1
895	品牌A 食譜 黃色 均一	9	960.00	1
896	品牌A 食譜 紫色 S	9	970.00	1
897	品牌A 食譜 紫色 M	9	980.00	1
898	品牌A 食譜 紫色 L	9	990.00	1
899	品牌A 食譜 紫色 XL	9	1000.00	1
900	品牌A 食譜 紫色 均一	9	1010.00	0
901	品牌A 禮物卡 黑色 S	10	1020.00	1
902	品牌A 禮物卡 黑色 M	10	1030.00	1
903	品牌A 禮物卡 黑色 L	10	1040.00	1
904	品牌A 禮物卡 黑色 XL	10	1050.00	1
905	品牌A 禮物卡 黑色 均一	10	1060.00	1
906	品牌A 禮物卡 白色 S	10	1070.00	1
907	品牌A 禮物卡 白色 M	10	1080.00	1
908	品牌A 禮物卡 白色 L	10	1090.00	1
909	品牌A 禮物卡 白色 XL	10	1100.00	1
910	品牌A 禮物卡 白色 均一	10	1110.00	1
911	品牌A 禮物卡 藍色 S	10	1120.00	1
912	品牌A 禮物卡 藍色 M	10	1130.00	1
913	品牌A 禮物卡 藍色 L	10	1140.00	1
914	品牌A 禮物卡 藍色 XL	10	1150.00	1
915	品牌A 禮物卡 藍色 均一	10	1160.00	1
916	品牌A 禮物卡 紅色 S	10	1170.00	1
917	品牌A 禮物卡 紅色 M	10	1180.00	1
918	品牌A 禮物卡 紅色 L	10	1190.00	1
919	品牌A 禮物卡 紅色 XL	10	1200.00	1
920	品牌A 禮物卡 紅色 均一	10	1210.00	1
921	品牌A 禮物卡 灰色 S	10	1220.00	1
922	品牌A 禮物卡 灰色 M	10	1230.00	1
923	品牌A 禮物卡 灰色 L	10	1240.00	1
924	品牌A 禮物卡 灰色 XL	10	1250.00	1
925	品牌A 禮物卡 灰色 均一	10	1260.00	1
926	品牌A 禮物卡 綠色 S	10	1270.00	1
927	品牌A 禮物卡 綠色 M	10	1280.00	1
928	品牌A 禮物卡 綠色 L	10	1290.00	1
929	品牌A 禮物卡 綠色 XL	10	1300.00	1
930	品牌A 禮物卡 綠色 均一	10	1310.00	1
931	品牌A 禮物卡 米色 S	10	1320.00	1
932	品牌A 禮物卡 米色 M	10	1330.00	1
933	品牌A 禮物卡 米色 L	10	1340.00	1
934	品牌A 禮物卡 米色 XL	10	1350.00	1
935	品牌A 禮物卡 米色 均一	10	1360.00	1
936	品牌A 禮物卡 粉色 S	10	1370.00	1
937	品牌A 禮物卡 粉色 M	10	1380.00	1
938	品牌A 禮物卡 粉色 L	10	1390.00	1
939	品牌A 禮物卡 粉色 XL	10	1400.00	1
940	品牌A 禮物卡 粉色 均一	10	1410.00	1
941	品牌A 禮物卡 黃色 S	10	1420.00	1
942	品牌A 禮物卡 黃色 M	10	1430.00	1
943	品牌A 禮物卡 黃色 L	10	1440.00	1
944	品牌A 禮物卡 黃色 XL	10	1450.00	1
945	品牌A 禮物卡 黃色 均一	10	1460.00	1
946	品牌A 禮物卡 紫色 S	10	1470.00	1
947	品牌A 禮物卡 紫色 M	10	1480.00	1
948	品牌A 禮物卡 紫色 L	10	1490.00	1
949	品牌A 禮物卡 紫色 XL	10	1500.00	1
950	品牌A 禮物卡 紫色 均一	10	1510.00	0
951	品牌A 收納袋 黑色 S	10	1520.00	1
952	品牌A 收納袋 黑色 M	10	1530.00	1
953	品牌A 收納袋 黑色 L	10	1540.00	1
954	品牌A 收納袋 黑色 XL	10	1550.00	1
955	品牌A 收納袋 黑色 均一	10	1560.00	1
956	品牌A 收納袋 白色 S	10	1570.00	1
957	品牌A 收納袋 白色 M	10	1580.00	1
958	品牌A 收納袋 白色 L	10	1590.00	1
959	品牌A 收納袋 白色 XL	10	1600.00	1
960	品牌A 收納袋 白色 均一	10	1610.00	1
961	品牌A 收納袋 藍色 S	10	1620.00	1
962	品牌A 收納袋 藍色 M	10	1630.00	1
963	品牌A 收納袋 藍色 L	10	1640.00	1
964	品牌A 收納袋 藍色 XL	10	1650.00	1
965	品牌A 收納袋 藍色 均一	10	1660.00	1
966	品牌A 收納袋 紅色 S	10	1670.00	1
967	品牌A 收納袋 紅色 M	10	1680.00	1
968	品牌A 收納袋 紅色 L	10	1690.00	1
969	品牌A 收納袋 紅色 XL	10	1700.00	1
970	品牌A 收納袋 紅色 均一	10	1710.00	1
971	品牌A 收納袋 灰色 S	10	1720.00	1
972	品牌A 收納袋 灰色 M	10	1730.00	1
973	品牌A 收納袋 灰色 L	10	1740.00	1
974	品牌A 收納袋 灰色 XL	10	1750.00	1
975	品牌A 收納袋 灰色 均一	10	1760.00	1
976	品牌A 收納袋 綠色 S	10	1770.00	1
977	品牌A 收納袋 綠色 M	10	1780.00	1
978	品牌A 收納袋 綠色 L	10	1790.00	1
979	品牌A 收納袋 綠色 XL	10	1800.00	1
980	品牌A 收納袋 綠色 均一	10	1810.00	1
981	品牌A 收納袋 米色 S	10	1820.00	1
982	品牌A 收納袋 米色 M	10	1830.00	1
983	品牌A 收納袋 米色 L	10	1840.00	1
984	品牌A 收納袋 米色 XL	10	1850.00	1
985	品牌A 收納袋 米色 均一	10	1860.00	1
986	品牌A 收納袋 粉色 S	10	1870.00	1
987	品牌A 收納袋 粉色 M	10	1880.00	1
988	品牌A 收納袋 粉色 L	10	1890.00	1
989	品牌A 收納袋 粉色 XL	10	1900.00	1
990	品牌A 收納袋 粉色 均一	10	1910.00	1
991	品牌A 收納袋 黃色 S	10	1920.00	1
992	品牌A 收納袋 黃色 M	10	1930.00	1
993	品牌A 收納袋 黃色 L	10	1940.00	1
994	品牌A 收納袋 黃色 XL	10	1950.00	1
995	品牌A 收納袋 黃色 均一	10	1960.00	1
996	品牌A 收納袋 紫色 S	10	1970.00	1
997	品牌A 收納袋 紫色 M	10	1980.00	1
998	品牌A 收納袋 紫色 L	10	1990.00	1
999	品牌A 收納袋 紫色 XL	10	2000.00	1
1000	品牌A 收納袋 紫色 均一	10	10.00	0
1001	品牌B T恤 黑色 S	1	20.00	1
1002	品牌B T恤 黑色 M	1	30.00	1
1003	品牌B T恤 黑色 L	1	40.00	1
1004	品牌B T恤 黑色 XL	1	50.00	1
1005	品牌B T恤 黑色 均一	1	60.00	1
1006	品牌B T恤 白色 S	1	70.00	1
1007	品牌B T恤 白色 M	1	80.00	1
1008	品牌B T恤 白色 L	1	90.00	1
1009	品牌B T恤 白色 XL	1	100.00	1
1010	品牌B T恤 白色 均一	1	110.00	1
1011	品牌B T恤 藍色 S	1	120.00	1
1012	品牌B T恤 藍色 M	1	130.00	1
1013	品牌B T恤 藍色 L	1	140.00	1
1014	品牌B T恤 藍色 XL	1	150.00	1
1015	品牌B T恤 藍色 均一	1	160.00	1
1016	品牌B T恤 紅色 S	1	170.00	1
1017	品牌B T恤 紅色 M	1	180.00	1
1018	品牌B T恤 紅色 L	1	190.00	1
1019	品牌B T恤 紅色 XL	1	200.00	1
1020	品牌B T恤 紅色 均一	1	210.00	1
1021	品牌B T恤 灰色 S	1	220.00	1
1022	品牌B T恤 灰色 M	1	230.00	1
1023	品牌B T恤 灰色 L	1	240.00	1
1024	品牌B T恤 灰色 XL	1	250.00	1
1025	品牌B T恤 灰色 均一	1	260.00	1
1026	品牌B T恤 綠色 S	1	270.00	1
1027	品牌B T恤 綠色 M	1	280.00	1
1028	品牌B T恤 綠色 L	1	290.00	1
1029	品牌B T恤 綠色 XL	1	300.00	1
1030	品牌B T恤 綠色 均一	1	310.00	1
1031	品牌B T恤 米色 S	1	320.00	1
1032	品牌B T恤 米色 M	1	330.00	1
1033	品牌B T恤 米色 L	1	340.00	1
1034	品牌B T恤 米色 XL	1	350.00	1
1035	品牌B T恤 米色 均一	1	360.00	1
1036	品牌B T恤 粉色 S	1	370.00	1
1037	品牌B T恤 粉色 M	1	380.00	1
1038	品牌B T恤 粉色 L	1	390.00	1
1039	品牌B T恤 粉色 XL	1	400.00	1
1040	品牌B T恤 粉色 均一	1	410.00	1
1041	品牌B T恤 黃色 S	1	420.00	1
1042	品牌B T恤 黃色 M	1	430.00	1
1043	品牌B T恤 黃色 L	1	440.00	1
1044	品牌B T恤 黃色 XL	1	450.00	1
1045	品牌B T恤 黃色 均一	1	460.00	1
1046	品牌B T恤 紫色 S	1	470.00	1
1047	品牌B T恤 紫色 M	1	480.00	1
1048	品牌B T恤 紫色 L	1	490.00	1
1049	品牌B T恤 紫色 XL	1	500.00	1
1050	品牌B T恤 紫色 均一	1	510.00	0
1051	品牌B 外套 黑色 S	1	520.00	1
1052	品牌B 外套 黑色 M	1	530.00	1
1053	品牌B 外套 黑色 L	1	540.00	1
1054	品牌B 外套 黑色 XL	1	550.00	1
1055	品牌B 外套 黑色 均一	1	560.00	1
1056	品牌B 外套 白色 S	1	570.00	1
1057	品牌B 外套 白色 M	1	580.00	1
1058	品牌B 外套 白色 L	1	590.00	1
1059	品牌B 外套 白色 XL	1	600.00	1
1060	品牌B 外套 白色 均一	1	610.00	1
1061	品牌B 外套 藍色 S	1	620.00	1
1062	品牌B 外套 藍色 M	1	630.00	1
1063	品牌B 外套 藍色 L	1	640.00	1
1064	品牌B 外套 藍色 XL	1	650.00	1
1065	品牌B 外套 藍色 均一	1	660.00	1
1066	品牌B 外套 紅色 S	1	670.00	1
1067	品牌B 外套 紅色 M	1	680.00	1
1068	品牌B 外套 紅色 L	1	690.00	1
1069	品牌B 外套 紅色 XL	1	700.00	1
1070	品牌B 外套 紅色 均一	1	710.00	1
1071	品牌B 外套 灰色 S	1	720.00	1
1072	品牌B 外套 灰色 M	1	730.00	1
1073	品牌B 外套 灰色 L	1	740.00	1
1074	品牌B 外套 灰色 XL	1	750.00	1
1075	品牌B 外套 灰色 均一	1	760.00	1
1076	品牌B 外套 綠色 S	1	770.00	1
1077	品牌B 外套 綠色 M	1	780.00	1
1078	品牌B 外套 綠色 L	1	790.00	1
1079	品牌B 外套 綠色 XL	1	800.00	1
1080	品牌B 外套 綠色 均一	1	810.00	1
1081	品牌B 外套 米色 S	1	820.00	1
1082	品牌B 外套 米色 M	1	830.00	1
1083	品牌B 外套 米色 L	1	840.00	1
1084	品牌B 外套 米色 XL	1	850.00	1
1085	品牌B 外套 米色 均一	1	860.00	1
1086	品牌B 外套 粉色 S	1	870.00	1
1087	品牌B 外套 粉色 M	1	880.00	1
1088	品牌B 外套 粉色 L	1	890.00	1
1089	品牌B 外套 粉色 XL	1	900.00	1
1090	品牌B 外套 粉色 均一	1	910.00	1
1091	品牌B 外套 黃色 S	1	920.00	1
1092	品牌B 外套 黃色 M	1	930.00	1
1093	品牌B 外套 黃色 L	1	940.00	1
1094	品牌B 外套 黃色 XL	1	950.00	1
1095	品牌B 外套 黃色 均一	1	960.00	1
1096	品牌B 外套 紫色 S	1	970.00	1
1097	品牌B 外套 紫色 M	1	980.00	1
1098	品牌B 外套 紫色 L	1	990.00	1
1099	品牌B 外套 紫色 XL	1	1000.00	1
1100	品牌B 外套 紫色 均一	1	1010.00	0
1101	品牌B 無線耳機 黑色 S	2	1020.00	1
1102	品牌B 無線耳機 黑色 M	2	1030.00	1
1103	品牌B 無線耳機 黑色 L	2	1040.00	1
1104	品牌B 無線耳機 黑色 XL	2	1050.00	1
1105	品牌B 無線耳機 黑色 均一	2	1060.00	1
1106	品牌B 無線耳機 白色 S	2	1070.00	1
1107	品牌B 無線耳機 白色 M	2	1080.00	1
1108	品牌B 無線耳機 白色 L	2	1090.00	1
1109	品牌B 無線耳機 白色 XL	2	1100.00	1
1110	品牌B 無線耳機 白色 均一	2	1110.00	1
1111	品牌B 無線耳機 藍色 S	2	1120.00	1
1112	品牌B 無線耳機 藍色 M	2	1130.00	1
1113	品牌B 無線耳機 藍色 L	2	1140.00	1
1114	品牌B 無線耳機 藍色 XL	2	1150.00	1
1115	品牌B 無線耳機 藍色 均一	2	1160.00	1
1116	品牌B 無線耳機 紅色 S	2	1170.00	1
1117	品牌B 無線耳機 紅色 M	2	1180.00	1
1118	品牌B 無線耳機 紅色 L	2	1190.00	1
1119	品牌B 無線耳機 紅色 XL	2	1200.00	1
1120	品牌B 無線耳機 紅色 均一	2	1210.00	1
1121	品牌B 無線耳機 灰色 S	2	1220.00	1
1122	品牌B 無線耳機 灰色 M	2	1230.00	1
1123	品牌B 無線耳機 灰色 L	2	1240.00	1
1124	品牌B 無線耳機 灰色 XL	2	1250.00	1
1125	品牌B 無線耳機 灰色 均一	2	1260.00	1
1126	品牌B 無線耳機 綠色 S	2	1270.00	1
1127	品牌B 無線耳機 綠色 M	2	1280.00	1
1128	品牌B 無線耳機 綠色 L	2	1290.00	1
1129	品牌B 無線耳機 綠色 XL	2	1300.00	1
1130	品牌B 無線耳機 綠色 均一	2	1310.00	1
1131	品牌B 無線耳機 米色 S	2	1320.00	1
1132	品牌B 無線耳機 米色 M	2	1330.00	1
1133	品牌B 無線耳機 米色 L	2	1340.00	1
1134	品牌B 無線耳機 米色 XL	2	1350.00	1
1135	品牌B 無線耳機 米色 均一	2	1360.00	1
1136	品牌B 無線耳機 粉色 S	2	1370.00	1
1137	品牌B 無線耳機 粉色 M	2	1380.00	1
1138	品牌B 無線耳機 粉色 L	2	1390.00	1
1139	品牌B 無線耳機 粉色 XL	2	1400.00	1
1140	品牌B 無線耳機 粉色 均一	2	1410.00	1
1141	品牌B 無線耳機 黃色 S	2	1420.00	1
1142	品牌B 無線耳機 黃色 M	2	1430.00	1
1143	品牌B 無線耳機 黃色 L	2	1440.00	1
1144	品牌B 無線耳機 黃色 XL	2	1450.00	1
1145	品牌B 無線耳機 黃色 均一	2	1460.00	1
1146	品牌B 無線耳機 紫色 S	2	1470.00	1
1147	品牌B 無線耳機 紫色 M	2	1480.00	1
1148	品牌B 無線耳機 紫色 L	2	1490.00	1
1149	品牌B 無線耳機 紫色 XL	2	1500.00	1
1150	品牌B 無線耳機 紫色 均一	2	1510.00	0
1151	品牌B 行動電源 黑色 S	2	1520.00	1
1152	品牌B 行動電源 黑色 M	2	1530.00	1
1153	品牌B 行動電源 黑色 L	2	1540.00	1
1154	品牌B 行動電源 黑色 XL	2	1550.00	1
1155	品牌B 行動電源 黑色 均一	2	1560.00	1
1156	品牌B 行動電源 白色 S	2	1570.00	1
1157	品牌B 行動電源 白色 M	2	1580.00	1
1158	品牌B 行動電源 白色 L	2	1590.00	1
1159	品牌B 行動電源 白色 XL	2	1600.00	1
1160	品牌B 行動電源 白色 均一	2	1610.00	1
1161	品牌B 行動電源 藍色 S	2	1620.00	1
1162	品牌B 行動電源 藍色 M	2	1630.00	1
1163	品牌B 行動電源 藍色 L	2	1640.00	1
1164	品牌B 行動電源 藍色 XL	2	1650.00	1
1165	品牌B 行動電源 藍色 均一	2	1660.00	1
1166	品牌B 行動電源 紅色 S	2	1670.00	1
1167	品牌B 行動電源 紅色 M	2	1680.00	1
1168	品牌B 行動電源 紅色 L	2	1690.00	1
1169	品牌B 行動電源 紅色 XL	2	1700.00	1
1170	品牌B 行動電源 紅色 均一	2	1710.00	1
1171	品牌B 行動電源 灰色 S	2	1720.00	1
1172	品牌B 行動電源 灰色 M	2	1730.00	1
1173	品牌B 行動電源 灰色 L	2	1740.00	1
1174	品牌B 行動電源 灰色 XL	2	1750.00	1
1175	品牌B 行動電源 灰色 均一	2	1760.00	1
1176	品牌B 行動電源 綠色 S	2	1770.00	1
1177	品牌B 行動電源 綠色 M	2	1780.00	1
1178	品牌B 行動電源 綠色 L	2	1790.00	1
1179	品牌B 行動電源 綠色 XL	2	1800.00	1
1180	品牌B 行動電源 綠色 均一	2	1810.00	1
1181	品牌B 行動電源 米色 S	2	1820.00	1
1182	品牌B 行動電源 米色 M	2	1830.00	1
1183	品牌B 行動電源 米色 L	2	1840.00	1
1184	品牌B 行動電源 米色 XL	2	1850.00	1
1185	品牌B 行動電源 米色 均一	2	1860.00	1
1186	品牌B 行動電源 粉色 S	2	1870.00	1
1187	品牌B 行動電源 粉色 M	2	1880.00	1
1188	品牌B 行動電源 粉色 L	2	1890.00	1
1189	品牌B 行動電源 粉色 XL	2	1900.00	1
1190	品牌B 行動電源 粉色 均一	2	1910.00	1
1191	品牌B 行動電源 黃色 S	2	1920.00	1
1192	品牌B 行動電源 黃色 M	2	1930.00	1
1193	品牌B 行動電源 黃色 L	2	1940.00	1
1194	品牌B 行動電源 黃色 XL	2	1950.00	1
1195	品牌B 行動電源 黃色 均一	2	1960.00	1
1196	品牌B 行動電源 紫色 S	2	1970.00	1
1197	品牌B 行動電源 紫色 M	2	1980.00	1
1198	品牌B 行動電源 紫色 L	2	1990.00	1
1199	品牌B 行動電源 紫色 XL	2	2000.00	1
1200	品牌B 行動電源 紫色 均一	2	10.00	0
1201	品牌B 馬克杯 黑色 S	3	20.00	1
1202	品牌B 馬克杯 黑色 M	3	30.00	1
1203	品牌B 馬克杯 黑色 L	3	40.00	1
1204	品牌B 馬克杯 黑色 XL	3	50.00	1
1205	品牌B 馬克杯 黑色 均一	3	60.00	1
1206	品牌B 馬克杯 白色 S	3	70.00	1
1207	品牌B 馬克杯 白色 M	3	80.00	1
1208	品牌B 馬克杯 白色 L	3	90.00	1
1209	品牌B 馬克杯 白色 XL	3	100.00	1
1210	品牌B 馬克杯 白色 均一	3	110.00	1
1211	品牌B 馬克杯 藍色 S	3	120.00	1
1212	品牌B 馬克杯 藍色 M	3	130.00	1
1213	品牌B 馬克杯 藍色 L	3	140.00	1
1214	品牌B 馬克杯 藍色 XL	3	150.00	1
1215	品牌B 馬克杯 藍色 均一	3	160.00	1
1216	品牌B 馬克杯 紅色 S	3	170.00	1
1217	品牌B 馬克杯 紅色 M	3	180.00	1
1218	品牌B 馬克杯 紅色 L	3	190.00	1
1219	品牌B 馬克杯 紅色 XL	3	200.00	1
1220	品牌B 馬克杯 紅色 均一	3	210.00	1
1221	品牌B 馬克杯 灰色 S	3	220.00	1
1222	品牌B 馬克杯 灰色 M	3	230.00	1
1223	品牌B 馬克杯 灰色 L	3	240.00	1
1224	品牌B 馬克杯 灰色 XL	3	250.00	1
1225	品牌B 馬克杯 灰色 均一	3	260.00	1
1226	品牌B 馬克杯 綠色 S	3	270.00	1
1227	品牌B 馬克杯 綠色 M	3	280.00	1
1228	品牌B 馬克杯 綠色 L	3	290.00	1
1229	品牌B 馬克杯 綠色 XL	3	300.00	1
1230	品牌B 馬克杯 綠色 均一	3	310.00	1
1231	品牌B 馬克杯 米色 S	3	320.00	1
1232	品牌B 馬克杯 米色 M	3	330.00	1
1233	品牌B 馬克杯 米色 L	3	340.00	1
1234	品牌B 馬克杯 米色 XL	3	350.00	1
1235	品牌B 馬克杯 米色 均一	3	360.00	1
1236	品牌B 馬克杯 粉色 S	3	370.00	1
1237	品牌B 馬克杯 粉色 M	3	380.00	1
1238	品牌B 馬克杯 粉色 L	3	390.00	1
1239	品牌B 馬克杯 粉色 XL	3	400.00	1
1240	品牌B 馬克杯 粉色 均一	3	410.00	1
1241	品牌B 馬克杯 黃色 S	3	420.00	1
1242	品牌B 馬克杯 黃色 M	3	430.00	1
1243	品牌B 馬克杯 黃色 L	3	440.00	1
1244	品牌B 馬克杯 黃色 XL	3	450.00	1
1245	品牌B 馬克杯 黃色 均一	3	460.00	1
1246	品牌B 馬克杯 紫色 S	3	470.00	1
1247	品牌B 馬克杯 紫色 M	3	480.00	1
1248	品牌B 馬克杯 紫色 L	3	490.00	1
1249	品牌B 馬克杯 紫色 XL	3	500.00	1
1250	品牌B 馬克杯 紫色 均一	3	510.00	0
1251	品牌B 收納盒 黑色 S	3	520.00	1
1252	品牌B 收納盒 黑色 M	3	530.00	1
1253	品牌B 收納盒 黑色 L	3	540.00	1
1254	品牌B 收納盒 黑色 XL	3	550.00	1
1255	品牌B 收納盒 黑色 均一	3	560.00	1
1256	品牌B 收納盒 白色 S	3	570.00	1
1257	品牌B 收納盒 白色 M	3	580.00	1
1258	品牌B 收納盒 白色 L	3	590.00	1
1259	品牌B 收納盒 白色 XL	3	600.00	1
1260	品牌B 收納盒 白色 均一	3	610.00	1
1261	品牌B 收納盒 藍色 S	3	620.00	1
1262	品牌B 收納盒 藍色 M	3	630.00	1
1263	品牌B 收納盒 藍色 L	3	640.00	1
1264	品牌B 收納盒 藍色 XL	3	650.00	1
1265	品牌B 收納盒 藍色 均一	3	660.00	1
1266	品牌B 收納盒 紅色 S	3	670.00	1
1267	品牌B 收納盒 紅色 M	3	680.00	1
1268	品牌B 收納盒 紅色 L	3	690.00	1
1269	品牌B 收納盒 紅色 XL	3	700.00	1
1270	品牌B 收納盒 紅色 均一	3	710.00	1
1271	品牌B 收納盒 灰色 S	3	720.00	1
1272	品牌B 收納盒 灰色 M	3	730.00	1
1273	品牌B 收納盒 灰色 L	3	740.00	1
1274	品牌B 收納盒 灰色 XL	3	750.00	1
1275	品牌B 收納盒 灰色 均一	3	760.00	1
1276	品牌B 收納盒 綠色 S	3	770.00	1
1277	品牌B 收納盒 綠色 M	3	780.00	1
1278	品牌B 收納盒 綠色 L	3	790.00	1
1279	品牌B 收納盒 綠色 XL	3	800.00	1
1280	品牌B 收納盒 綠色 均一	3	810.00	1
1281	品牌B 收納盒 米色 S	3	820.00	1
1282	品牌B 收納盒 米色 M	3	830.00	1
1283	品牌B 收納盒 米色 L	3	840.00	1
1284	品牌B 收納盒 米色 XL	3	850.00	1
1285	品牌B 收納盒 米色 均一	3	860.00	1
1286	品牌B 收納盒 粉色 S	3	870.00	1
1287	品牌B 收納盒 粉色 M	3	880.00	1
1288	品牌B 收納盒 粉色 L	3	890.00	1
1289	品牌B 收納盒 粉色 XL	3	900.00	1
1290	品牌B 收納盒 粉色 均一	3	910.00	1
1291	品牌B 收納盒 黃色 S	3	920.00	1
1292	品牌B 收納盒 黃色 M	3	930.00	1
1293	品牌B 收納盒 黃色 L	3	940.00	1
1294	品牌B 收納盒 黃色 XL	3	950.00	1
1295	品牌B 收納盒 黃色 均一	3	960.00	1
1296	品牌B 收納盒 紫色 S	3	970.00	1
1297	品牌B 收納盒 紫色 M	3	980.00	1
1298	品牌B 收納盒 紫色 L	3	990.00	1
1299	品牌B 收納盒 紫色 XL	3	1000.00	1
1300	品牌B 收納盒 紫色 均一	3	1010.00	0
1301	品牌B 咖啡豆 黑色 S	4	1020.00	1
1302	品牌B 咖啡豆 黑色 M	4	1030.00	1
1303	品牌B 咖啡豆 黑色 L	4	1040.00	1
1304	品牌B 咖啡豆 黑色 XL	4	1050.00	1
1305	品牌B 咖啡豆 黑色 均一	4	1060.00	1
1306	品牌B 咖啡豆 白色 S	4	1070.00	1
1307	品牌B 咖啡豆 白色 M	4	1080.00	1
1308	品牌B 咖啡豆 白色 L	4	1090.00	1
1309	品牌B 咖啡豆 白色 XL	4	1100.00	1
1310	品牌B 咖啡豆 白色 均一	4	1110.00	1
1311	品牌B 咖啡豆 藍色 S	4	1120.00	1
1312	品牌B 咖啡豆 藍色 M	4	1130.00	1
1313	品牌B 咖啡豆 藍色 L	4	1140.00	1
1314	品牌B 咖啡豆 藍色 XL	4	1150.00	1
1315	品牌B 咖啡豆 藍色 均一	4	1160.00	1
1316	品牌B 咖啡豆 紅色 S	4	1170.00	1
1317	品牌B 咖啡豆 紅色 M	4	1180.00	1
1318	品牌B 咖啡豆 紅色 L	4	1190.00	1
1319	品牌B 咖啡豆 紅色 XL	4	1200.00	1
1320	品牌B 咖啡豆 紅色 均一	4	1210.00	1
1321	品牌B 咖啡豆 灰色 S	4	1220.00	1
1322	品牌B 咖啡豆 灰色 M	4	1230.00	1
1323	品牌B 咖啡豆 灰色 L	4	1240.00	1
1324	品牌B 咖啡豆 灰色 XL	4	1250.00	1
1325	品牌B 咖啡豆 灰色 均一	4	1260.00	1
1326	品牌B 咖啡豆 綠色 S	4	1270.00	1
1327	品牌B 咖啡豆 綠色 M	4	1280.00	1
1328	品牌B 咖啡豆 綠色 L	4	1290.00	1
1329	品牌B 咖啡豆 綠色 XL	4	1300.00	1
1330	品牌B 咖啡豆 綠色 均一	4	1310.00	1
1331	品牌B 咖啡豆 米色 S	4	1320.00	1
1332	品牌B 咖啡豆 米色 M	4	1330.00	1
1333	品牌B 咖啡豆 米色 L	4	1340.00	1
1334	品牌B 咖啡豆 米色 XL	4	1350.00	1
1335	品牌B 咖啡豆 米色 均一	4	1360.00	1
1336	品牌B 咖啡豆 粉色 S	4	1370.00	1
1337	品牌B 咖啡豆 粉色 M	4	1380.00	1
1338	品牌B 咖啡豆 粉色 L	4	1390.00	1
1339	品牌B 咖啡豆 粉色 XL	4	1400.00	1
1340	品牌B 咖啡豆 粉色 均一	4	1410.00	1
1341	品牌B 咖啡豆 黃色 S	4	1420.00	1
1342	品牌B 咖啡豆 黃色 M	4	1430.00	1
1343	品牌B 咖啡豆 黃色 L	4	1440.00	1
1344	品牌B 咖啡豆 黃色 XL	4	1450.00	1
1345	品牌B 咖啡豆 黃色 均一	4	1460.00	1
1346	品牌B 咖啡豆 紫色 S	4	1470.00	1
1347	品牌B 咖啡豆 紫色 M	4	1480.00	1
1348	品牌B 咖啡豆 紫色 L	4	1490.00	1
1349	品牌B 咖啡豆 紫色 XL	4	1500.00	1
1350	品牌B 咖啡豆 紫色 均一	4	1510.00	0
1351	品牌B 餅乾 黑色 S	4	1520.00	1
1352	品牌B 餅乾 黑色 M	4	1530.00	1
1353	品牌B 餅乾 黑色 L	4	1540.00	1
1354	品牌B 餅乾 黑色 XL	4	1550.00	1
1355	品牌B 餅乾 黑色 均一	4	1560.00	1
1356	品牌B 餅乾 白色 S	4	1570.00	1
1357	品牌B 餅乾 白色 M	4	1580.00	1
1358	品牌B 餅乾 白色 L	4	1590.00	1
1359	品牌B 餅乾 白色 XL	4	1600.00	1
1360	品牌B 餅乾 白色 均一	4	1610.00	1
1361	品牌B 餅乾 藍色 S	4	1620.00	1
1362	品牌B 餅乾 藍色 M	4	1630.00	1
1363	品牌B 餅乾 藍色 L	4	1640.00	1
1364	品牌B 餅乾 藍色 XL	4	1650.00	1
1365	品牌B 餅乾 藍色 均一	4	1660.00	1
1366	品牌B 餅乾 紅色 S	4	1670.00	1
1367	品牌B 餅乾 紅色 M	4	1680.00	1
1368	品牌B 餅乾 紅色 L	4	1690.00	1
1369	品牌B 餅乾 紅色 XL	4	1700.00	1
1370	品牌B 餅乾 紅色 均一	4	1710.00	1
1371	品牌B 餅乾 灰色 S	4	1720.00	1
1372	品牌B 餅乾 灰色 M	4	1730.00	1
1373	品牌B 餅乾 灰色 L	4	1740.00	1
1374	品牌B 餅乾 灰色 XL	4	1750.00	1
1375	品牌B 餅乾 灰色 均一	4	1760.00	1
1376	品牌B 餅乾 綠色 S	4	1770.00	1
1377	品牌B 餅乾 綠色 M	4	1780.00	1
1378	品牌B 餅乾 綠色 L	4	1790.00	1
1379	品牌B 餅乾 綠色 XL	4	1800.00	1
1380	品牌B 餅乾 綠色 均一	4	1810.00	1
1381	品牌B 餅乾 米色 S	4	1820.00	1
1382	品牌B 餅乾 米色 M	4	1830.00	1
1383	品牌B 餅乾 米色 L	4	1840.00	1
1384	品牌B 餅乾 米色 XL	4	1850.00	1
1385	品牌B 餅乾 米色 均一	4	1860.00	1
1386	品牌B 餅乾 粉色 S	4	1870.00	1
1387	品牌B 餅乾 粉色 M	4	1880.00	1
1388	品牌B 餅乾 粉色 L	4	1890.00	1
1389	品牌B 餅乾 粉色 XL	4	1900.00	1
1390	品牌B 餅乾 粉色 均一	4	1910.00	1
1391	品牌B 餅乾 黃色 S	4	1920.00	1
1392	品牌B 餅乾 黃色 M	4	1930.00	1
1393	品牌B 餅乾 黃色 L	4	1940.00	1
1394	品牌B 餅乾 黃色 XL	4	1950.00	1
1395	品牌B 餅乾 黃色 均一	4	1960.00	1
1396	品牌B 餅乾 紫色 S	4	1970.00	1
1397	品牌B 餅乾 紫色 M	4	1980.00	1
1398	品牌B 餅乾 紫色 L	4	1990.00	1
1399	品牌B 餅乾 紫色 XL	4	2000.00	1
1400	品牌B 餅乾 紫色 均一	4	10.00	0
1401	品牌B 洗面乳 黑色 S	5	20.00	1
1402	品牌B 洗面乳 黑色 M	5	30.00	1
1403	品牌B 洗面乳 黑色 L	5	40.00	1
1404	品牌B 洗面乳 黑色 XL	5	50.00	1
1405	品牌B 洗面乳 黑色 均一	5	60.00	1
1406	品牌B 洗面乳 白色 S	5	70.00	1
1407	品牌B 洗面乳 白色 M	5	80.00	1
1408	品牌B 洗面乳 白色 L	5	90.00	1
1409	品牌B 洗面乳 白色 XL	5	100.00	1
1410	品牌B 洗面乳 白色 均一	5	110.00	1
1411	品牌B 洗面乳 藍色 S	5	120.00	1
1412	品牌B 洗面乳 藍色 M	5	130.00	1
1413	品牌B 洗面乳 藍色 L	5	140.00	1
1414	品牌B 洗面乳 藍色 XL	5	150.00	1
1415	品牌B 洗面乳 藍色 均一	5	160.00	1
1416	品牌B 洗面乳 紅色 S	5	170.00	1
1417	品牌B 洗面乳 紅色 M	5	180.00	1
1418	品牌B 洗面乳 紅色 L	5	190.00	1
1419	品牌B 洗面乳 紅色 XL	5	200.00	1
1420	品牌B 洗面乳 紅色 均一	5	210.00	1
1421	品牌B 洗面乳 灰色 S	5	220.00	1
1422	品牌B 洗面乳 灰色 M	5	230.00	1
1423	品牌B 洗面乳 灰色 L	5	240.00	1
1424	品牌B 洗面乳 灰色 XL	5	250.00	1
1425	品牌B 洗面乳 灰色 均一	5	260.00	1
1426	品牌B 洗面乳 綠色 S	5	270.00	1
1427	品牌B 洗面乳 綠色 M	5	280.00	1
1428	品牌B 洗面乳 綠色 L	5	290.00	1
1429	品牌B 洗面乳 綠色 XL	5	300.00	1
1430	品牌B 洗面乳 綠色 均一	5	310.00	1
1431	品牌B 洗面乳 米色 S	5	320.00	1
1432	品牌B 洗面乳 米色 M	5	330.00	1
1433	品牌B 洗面乳 米色 L	5	340.00	1
1434	品牌B 洗面乳 米色 XL	5	350.00	1
1435	品牌B 洗面乳 米色 均一	5	360.00	1
1436	品牌B 洗面乳 粉色 S	5	370.00	1
1437	品牌B 洗面乳 粉色 M	5	380.00	1
1438	品牌B 洗面乳 粉色 L	5	390.00	1
1439	品牌B 洗面乳 粉色 XL	5	400.00	1
1440	品牌B 洗面乳 粉色 均一	5	410.00	1
1441	品牌B 洗面乳 黃色 S	5	420.00	1
1442	品牌B 洗面乳 黃色 M	5	430.00	1
1443	品牌B 洗面乳 黃色 L	5	440.00	1
1444	品牌B 洗面乳 黃色 XL	5	450.00	1
1445	品牌B 洗面乳 黃色 均一	5	460.00	1
1446	品牌B 洗面乳 紫色 S	5	470.00	1
1447	品牌B 洗面乳 紫色 M	5	480.00	1
1448	品牌B 洗面乳 紫色 L	5	490.00	1
1449	品牌B 洗面乳 紫色 XL	5	500.00	1
1450	品牌B 洗面乳 紫色 均一	5	510.00	0
1451	品牌B 面膜 黑色 S	5	520.00	1
1452	品牌B 面膜 黑色 M	5	530.00	1
1453	品牌B 面膜 黑色 L	5	540.00	1
1454	品牌B 面膜 黑色 XL	5	550.00	1
1455	品牌B 面膜 黑色 均一	5	560.00	1
1456	品牌B 面膜 白色 S	5	570.00	1
1457	品牌B 面膜 白色 M	5	580.00	1
1458	品牌B 面膜 白色 L	5	590.00	1
1459	品牌B 面膜 白色 XL	5	600.00	1
1460	品牌B 面膜 白色 均一	5	610.00	1
1461	品牌B 面膜 藍色 S	5	620.00	1
1462	品牌B 面膜 藍色 M	5	630.00	1
1463	品牌B 面膜 藍色 L	5	640.00	1
1464	品牌B 面膜 藍色 XL	5	650.00	1
1465	品牌B 面膜 藍色 均一	5	660.00	1
1466	品牌B 面膜 紅色 S	5	670.00	1
1467	品牌B 面膜 紅色 M	5	680.00	1
1468	品牌B 面膜 紅色 L	5	690.00	1
1469	品牌B 面膜 紅色 XL	5	700.00	1
1470	品牌B 面膜 紅色 均一	5	710.00	1
1471	品牌B 面膜 灰色 S	5	720.00	1
1472	品牌B 面膜 灰色 M	5	730.00	1
1473	品牌B 面膜 灰色 L	5	740.00	1
1474	品牌B 面膜 灰色 XL	5	750.00	1
1475	品牌B 面膜 灰色 均一	5	760.00	1
1476	品牌B 面膜 綠色 S	5	770.00	1
1477	品牌B 面膜 綠色 M	5	780.00	1
1478	品牌B 面膜 綠色 L	5	790.00	1
1479	品牌B 面膜 綠色 XL	5	800.00	1
1480	品牌B 面膜 綠色 均一	5	810.00	1
1481	品牌B 面膜 米色 S	5	820.00	1
1482	品牌B 面膜 米色 M	5	830.00	1
1483	品牌B 面膜 米色 L	5	840.00	1
1484	品牌B 面膜 米色 XL	5	850.00	1
1485	品牌B 面膜 米色 均一	5	860.00	1
1486	品牌B 面膜 粉色 S	5	870.00	1
1487	品牌B 面膜 粉色 M	5	880.00	1
1488	品牌B 面膜 粉色 L	5	890.00	1
1489	品牌B 面膜 粉色 XL	5	900.00	1
1490	品牌B 面膜 粉色 均一	5	910.00	1
1491	品牌B 面膜 黃色 S	5	920.00	1
1492	品牌B 面膜 黃色 M	5	930.00	1
1493	品牌B 面膜 黃色 L	5	940.00	1
1494	品牌B 面膜 黃色 XL	5	950.00	1
1495	品牌B 面膜 黃色 均一	5	960.00	1
1496	品牌B 面膜 紫色 S	5	970.00	1
1497	品牌B 面膜 紫色 M	5	980.00	1
1498	品牌B 面膜 紫色 L	5	990.00	1
1499	品牌B 面膜 紫色 XL	5	1000.00	1
1500	品牌B 面膜 紫色 均一	5	1010.00	0
1501	品牌B 瑜珈墊 黑色 S	6	1020.00	1
1502	品牌B 瑜珈墊 黑色 M	6	1030.00	1
1503	品牌B 瑜珈墊 黑色 L	6	1040.00	1
1504	品牌B 瑜珈墊 黑色 XL	6	1050.00	1
1505	品牌B 瑜珈墊 黑色 均一	6	1060.00	1
1506	品牌B 瑜珈墊 白色 S	6	1070.00	1
1507	品牌B 瑜珈墊 白色 M	6	1080.00	1
1508	品牌B 瑜珈墊 白色 L	6	1090.00	1
1509	品牌B 瑜珈墊 白色 XL	6	1100.00	1
1510	品牌B 瑜珈墊 白色 均一	6	1110.00	1
1511	品牌B 瑜珈墊 藍色 S	6	1120.00	1
1512	品牌B 瑜珈墊 藍色 M	6	1130.00	1
1513	品牌B 瑜珈墊 藍色 L	6	1140.00	1
1514	品牌B 瑜珈墊 藍色 XL	6	1150.00	1
1515	品牌B 瑜珈墊 藍色 均一	6	1160.00	1
1516	品牌B 瑜珈墊 紅色 S	6	1170.00	1
1517	品牌B 瑜珈墊 紅色 M	6	1180.00	1
1518	品牌B 瑜珈墊 紅色 L	6	1190.00	1
1519	品牌B 瑜珈墊 紅色 XL	6	1200.00	1
1520	品牌B 瑜珈墊 紅色 均一	6	1210.00	1
1521	品牌B 瑜珈墊 灰色 S	6	1220.00	1
1522	品牌B 瑜珈墊 灰色 M	6	1230.00	1
1523	品牌B 瑜珈墊 灰色 L	6	1240.00	1
1524	品牌B 瑜珈墊 灰色 XL	6	1250.00	1
1525	品牌B 瑜珈墊 灰色 均一	6	1260.00	1
1526	品牌B 瑜珈墊 綠色 S	6	1270.00	1
1527	品牌B 瑜珈墊 綠色 M	6	1280.00	1
1528	品牌B 瑜珈墊 綠色 L	6	1290.00	1
1529	品牌B 瑜珈墊 綠色 XL	6	1300.00	1
1530	品牌B 瑜珈墊 綠色 均一	6	1310.00	1
1531	品牌B 瑜珈墊 米色 S	6	1320.00	1
1532	品牌B 瑜珈墊 米色 M	6	1330.00	1
1533	品牌B 瑜珈墊 米色 L	6	1340.00	1
1534	品牌B 瑜珈墊 米色 XL	6	1350.00	1
1535	品牌B 瑜珈墊 米色 均一	6	1360.00	1
1536	品牌B 瑜珈墊 粉色 S	6	1370.00	1
1537	品牌B 瑜珈墊 粉色 M	6	1380.00	1
1538	品牌B 瑜珈墊 粉色 L	6	1390.00	1
1539	品牌B 瑜珈墊 粉色 XL	6	1400.00	1
1540	品牌B 瑜珈墊 粉色 均一	6	1410.00	1
1541	品牌B 瑜珈墊 黃色 S	6	1420.00	1
1542	品牌B 瑜珈墊 黃色 M	6	1430.00	1
1543	品牌B 瑜珈墊 黃色 L	6	1440.00	1
1544	品牌B 瑜珈墊 黃色 XL	6	1450.00	1
1545	品牌B 瑜珈墊 黃色 均一	6	1460.00	1
1546	品牌B 瑜珈墊 紫色 S	6	1470.00	1
1547	品牌B 瑜珈墊 紫色 M	6	1480.00	1
1548	品牌B 瑜珈墊 紫色 L	6	1490.00	1
1549	品牌B 瑜珈墊 紫色 XL	6	1500.00	1
1550	品牌B 瑜珈墊 紫色 均一	6	1510.00	0
1551	品牌B 啞鈴 黑色 S	6	1520.00	1
1552	品牌B 啞鈴 黑色 M	6	1530.00	1
1553	品牌B 啞鈴 黑色 L	6	1540.00	1
1554	品牌B 啞鈴 黑色 XL	6	1550.00	1
1555	品牌B 啞鈴 黑色 均一	6	1560.00	1
1556	品牌B 啞鈴 白色 S	6	1570.00	1
1557	品牌B 啞鈴 白色 M	6	1580.00	1
1558	品牌B 啞鈴 白色 L	6	1590.00	1
1559	品牌B 啞鈴 白色 XL	6	1600.00	1
1560	品牌B 啞鈴 白色 均一	6	1610.00	1
1561	品牌B 啞鈴 藍色 S	6	1620.00	1
1562	品牌B 啞鈴 藍色 M	6	1630.00	1
1563	品牌B 啞鈴 藍色 L	6	1640.00	1
1564	品牌B 啞鈴 藍色 XL	6	1650.00	1
1565	品牌B 啞鈴 藍色 均一	6	1660.00	1
1566	品牌B 啞鈴 紅色 S	6	1670.00	1
1567	品牌B 啞鈴 紅色 M	6	1680.00	1
1568	品牌B 啞鈴 紅色 L	6	1690.00	1
1569	品牌B 啞鈴 紅色 XL	6	1700.00	1
1570	品牌B 啞鈴 紅色 均一	6	1710.00	1
1571	品牌B 啞鈴 灰色 S	6	1720.00	1
1572	品牌B 啞鈴 灰色 M	6	1730.00	1
1573	品牌B 啞鈴 灰色 L	6	1740.00	1
1574	品牌B 啞鈴 灰色 XL	6	1750.00	1
1575	品牌B 啞鈴 灰色 均一	6	1760.00	1
1576	品牌B 啞鈴 綠色 S	6	1770.00	1
1577	品牌B 啞鈴 綠色 M	6	1780.00	1
1578	品牌B 啞鈴 綠色 L	6	1790.00	1
1579	品牌B 啞鈴 綠色 XL	6	1800.00	1
1580	品牌B 啞鈴 綠色 均一	6	1810.00	1
1581	品牌B 啞鈴 米色 S	6	1820.00	1
1582	品牌B 啞鈴 米色 M	6	1830.00	1
1583	品牌B 啞鈴 米色 L	6	1840.00	1
1584	品牌B 啞鈴 米色 XL	6	1850.00	1
1585	品牌B 啞鈴 米色 均一	6	1860.00	1
1586	品牌B 啞鈴 粉色 S	6	1870.00	1
1587	品牌B 啞鈴 粉色 M	6	1880.00	1
1588	品牌B 啞鈴 粉色 L	6	1890.00	1
1589	品牌B 啞鈴 粉色 XL	6	1900.00	1
1590	品牌B 啞鈴 粉色 均一	6	1910.00	1
1591	品牌B 啞鈴 黃色 S	6	1920.00	1
1592	品牌B 啞鈴 黃色 M	6	1930.00	1
1593	品牌B 啞鈴 黃色 L	6	1940.00	1
1594	品牌B 啞鈴 黃色 XL	6	1950.00	1
1595	品牌B 啞鈴 黃色 均一	6	1960.00	1
1596	品牌B 啞鈴 紫色 S	6	1970.00	1
1597	品牌B 啞鈴 紫色 M	6	1980.00	1
1598	品牌B 啞鈴 紫色 L	6	1990.00	1
1599	品牌B 啞鈴 紫色 XL	6	2000.00	1
1600	品牌B 啞鈴 紫色 均一	6	10.00	0
1601	品牌B 筆記本 黑色 S	7	20.00	1
1602	品牌B 筆記本 黑色 M	7	30.00	1
1603	品牌B 筆記本 黑色 L	7	40.00	1
1604	品牌B 筆記本 黑色 XL	7	50.00	1
1605	品牌B 筆記本 黑色 均一	7	60.00	1
1606	品牌B 筆記本 白色 S	7	70.00	1
1607	品牌B 筆記本 白色 M	7	80.00	1
1608	品牌B 筆記本 白色 L	7	90.00	1
1609	品牌B 筆記本 白色 XL	7	100.00	1
1610	品牌B 筆記本 白色 均一	7	110.00	1
1611	品牌B 筆記本 藍色 S	7	120.00	1
1612	品牌B 筆記本 藍色 M	7	130.00	1
1613	品牌B 筆記本 藍色 L	7	140.00	1
1614	品牌B 筆記本 藍色 XL	7	150.00	1
1615	品牌B 筆記本 藍色 均一	7	160.00	1
1616	品牌B 筆記本 紅色 S	7	170.00	1
1617	品牌B 筆記本 紅色 M	7	180.00	1
1618	品牌B 筆記本 紅色 L	7	190.00	1
1619	品牌B 筆記本 紅色 XL	7	200.00	1
1620	品牌B 筆記本 紅色 均一	7	210.00	1
1621	品牌B 筆記本 灰色 S	7	220.00	1
1622	品牌B 筆記本 灰色 M	7	230.00	1
1623	品牌B 筆記本 灰色 L	7	240.00	1
1624	品牌B 筆記本 灰色 XL	7	250.00	1
1625	品牌B 筆記本 灰色 均一	7	260.00	1
1626	品牌B 筆記本 綠色 S	7	270.00	1
1627	品牌B 筆記本 綠色 M	7	280.00	1
1628	品牌B 筆記本 綠色 L	7	290.00	1
1629	品牌B 筆記本 綠色 XL	7	300.00	1
1630	品牌B 筆記本 綠色 均一	7	310.00	1
1631	品牌B 筆記本 米色 S	7	320.00	1
1632	品牌B 筆記本 米色 M	7	330.00	1
1633	品牌B 筆記本 米色 L	7	340.00	1
1634	品牌B 筆記本 米色 XL	7	350.00	1
1635	品牌B 筆記本 米色 均一	7	360.00	1
1636	品牌B 筆記本 粉色 S	7	370.00	1
1637	品牌B 筆記本 粉色 M	7	380.00	1
1638	品牌B 筆記本 粉色 L	7	390.00	1
1639	品牌B 筆記本 粉色 XL	7	400.00	1
1640	品牌B 筆記本 粉色 均一	7	410.00	1
1641	品牌B 筆記本 黃色 S	7	420.00	1
1642	品牌B 筆記本 黃色 M	7	430.00	1
1643	品牌B 筆記本 黃色 L	7	440.00	1
1644	品牌B 筆記本 黃色 XL	7	450.00	1
1645	品牌B 筆記本 黃色 均一	7	460.00	1
1646	品牌B 筆記本 紫色 S	7	470.00	1
1647	品牌B 筆記本 紫色 M	7	480.00	1
1648	品牌B 筆記本 紫色 L	7	490.00	1
1649	品牌B 筆記本 紫色 XL	7	500.00	1
1650	品牌B 筆記本 紫色 均一	7	510.00	0
1651	品牌B 原子筆 黑色 S	7	520.00	1
1652	品牌B 原子筆 黑色 M	7	530.00	1
1653	品牌B 原子筆 黑色 L	7	540.00	1
1654	品牌B 原子筆 黑色 XL	7	550.00	1
1655	品牌B 原子筆 黑色 均一	7	560.00	1
1656	品牌B 原子筆 白色 S	7	570.00	1
1657	品牌B 原子筆 白色 M	7	580.00	1
1658	品牌B 原子筆 白色 L	7	590.00	1
1659	品牌B 原子筆 白色 XL	7	600.00	1
1660	品牌B 原子筆 白色 均一	7	610.00	1
1661	品牌B 原子筆 藍色 S	7	620.00	1
1662	品牌B 原子筆 藍色 M	7	630.00	1
1663	品牌B 原子筆 藍色 L	7	640.00	1
1664	品牌B 原子筆 藍色 XL	7	650.00	1
1665	品牌B 原子筆 藍色 均一	7	660.00	1
1666	品牌B 原子筆 紅色 S	7	670.00	1
1667	品牌B 原子筆 紅色 M	7	680.00	1
1668	品牌B 原子筆 紅色 L	7	690.00	1
1669	品牌B 原子筆 紅色 XL	7	700.00	1
1670	品牌B 原子筆 紅色 均一	7	710.00	1
1671	品牌B 原子筆 灰色 S	7	720.00	1
1672	品牌B 原子筆 灰色 M	7	730.00	1
1673	品牌B 原子筆 灰色 L	7	740.00	1
1674	品牌B 原子筆 灰色 XL	7	750.00	1
1675	品牌B 原子筆 灰色 均一	7	760.00	1
1676	品牌B 原子筆 綠色 S	7	770.00	1
1677	品牌B 原子筆 綠色 M	7	780.00	1
1678	品牌B 原子筆 綠色 L	7	790.00	1
1679	品牌B 原子筆 綠色 XL	7	800.00	1
1680	品牌B 原子筆 綠色 均一	7	810.00	1
1681	品牌B 原子筆 米色 S	7	820.00	1
1682	品牌B 原子筆 米色 M	7	830.00	1
1683	品牌B 原子筆 米色 L	7	840.00	1
1684	品牌B 原子筆 米色 XL	7	850.00	1
1685	品牌B 原子筆 米色 均一	7	860.00	1
1686	品牌B 原子筆 粉色 S	7	870.00	1
1687	品牌B 原子筆 粉色 M	7	880.00	1
1688	品牌B 原子筆 粉色 L	7	890.00	1
1689	品牌B 原子筆 粉色 XL	7	900.00	1
1690	品牌B 原子筆 粉色 均一	7	910.00	1
1691	品牌B 原子筆 黃色 S	7	920.00	1
1692	品牌B 原子筆 黃色 M	7	930.00	1
1693	品牌B 原子筆 黃色 L	7	940.00	1
1694	品牌B 原子筆 黃色 XL	7	950.00	1
1695	品牌B 原子筆 黃色 均一	7	960.00	1
1696	品牌B 原子筆 紫色 S	7	970.00	1
1697	品牌B 原子筆 紫色 M	7	980.00	1
1698	品牌B 原子筆 紫色 L	7	990.00	1
1699	品牌B 原子筆 紫色 XL	7	1000.00	1
1700	品牌B 原子筆 紫色 均一	7	1010.00	0
1701	品牌B 貓砂 黑色 S	8	1020.00	1
1702	品牌B 貓砂 黑色 M	8	1030.00	1
1703	品牌B 貓砂 黑色 L	8	1040.00	1
1704	品牌B 貓砂 黑色 XL	8	1050.00	1
1705	品牌B 貓砂 黑色 均一	8	1060.00	1
1706	品牌B 貓砂 白色 S	8	1070.00	1
1707	品牌B 貓砂 白色 M	8	1080.00	1
1708	品牌B 貓砂 白色 L	8	1090.00	1
1709	品牌B 貓砂 白色 XL	8	1100.00	1
1710	品牌B 貓砂 白色 均一	8	1110.00	1
1711	品牌B 貓砂 藍色 S	8	1120.00	1
1712	品牌B 貓砂 藍色 M	8	1130.00	1
1713	品牌B 貓砂 藍色 L	8	1140.00	1
1714	品牌B 貓砂 藍色 XL	8	1150.00	1
1715	品牌B 貓砂 藍色 均一	8	1160.00	1
1716	品牌B 貓砂 紅色 S	8	1170.00	1
1717	品牌B 貓砂 紅色 M	8	1180.00	1
1718	品牌B 貓砂 紅色 L	8	1190.00	1
1719	品牌B 貓砂 紅色 XL	8	1200.00	1
1720	品牌B 貓砂 紅色 均一	8	1210.00	1
1721	品牌B 貓砂 灰色 S	8	1220.00	1
1722	品牌B 貓砂 灰色 M	8	1230.00	1
1723	品牌B 貓砂 灰色 L	8	1240.00	1
1724	品牌B 貓砂 灰色 XL	8	1250.00	1
1725	品牌B 貓砂 灰色 均一	8	1260.00	1
1726	品牌B 貓砂 綠色 S	8	1270.00	1
1727	品牌B 貓砂 綠色 M	8	1280.00	1
1728	品牌B 貓砂 綠色 L	8	1290.00	1
1729	品牌B 貓砂 綠色 XL	8	1300.00	1
1730	品牌B 貓砂 綠色 均一	8	1310.00	1
1731	品牌B 貓砂 米色 S	8	1320.00	1
1732	品牌B 貓砂 米色 M	8	1330.00	1
1733	品牌B 貓砂 米色 L	8	1340.00	1
1734	品牌B 貓砂 米色 XL	8	1350.00	1
1735	品牌B 貓砂 米色 均一	8	1360.00	1
1736	品牌B 貓砂 粉色 S	8	1370.00	1
1737	品牌B 貓砂 粉色 M	8	1380.00	1
1738	品牌B 貓砂 粉色 L	8	1390.00	1
1739	品牌B 貓砂 粉色 XL	8	1400.00	1
1740	品牌B 貓砂 粉色 均一	8	1410.00	1
1741	品牌B 貓砂 黃色 S	8	1420.00	1
1742	品牌B 貓砂 黃色 M	8	1430.00	1
1743	品牌B 貓砂 黃色 L	8	1440.00	1
1744	品牌B 貓砂 黃色 XL	8	1450.00	1
1745	品牌B 貓砂 黃色 均一	8	1460.00	1
1746	品牌B 貓砂 紫色 S	8	1470.00	1
1747	品牌B 貓砂 紫色 M	8	1480.00	1
1748	品牌B 貓砂 紫色 L	8	1490.00	1
1749	品牌B 貓砂 紫色 XL	8	1500.00	1
1750	品牌B 貓砂 紫色 均一	8	1510.00	0
1751	品牌B 狗零食 黑色 S	8	1520.00	1
1752	品牌B 狗零食 黑色 M	8	1530.00	1
1753	品牌B 狗零食 黑色 L	8	1540.00	1
1754	品牌B 狗零食 黑色 XL	8	1550.00	1
1755	品牌B 狗零食 黑色 均一	8	1560.00	1
1756	品牌B 狗零食 白色 S	8	1570.00	1
1757	品牌B 狗零食 白色 M	8	1580.00	1
1758	品牌B 狗零食 白色 L	8	1590.00	1
1759	品牌B 狗零食 白色 XL	8	1600.00	1
1760	品牌B 狗零食 白色 均一	8	1610.00	1
1761	品牌B 狗零食 藍色 S	8	1620.00	1
1762	品牌B 狗零食 藍色 M	8	1630.00	1
1763	品牌B 狗零食 藍色 L	8	1640.00	1
1764	品牌B 狗零食 藍色 XL	8	1650.00	1
1765	品牌B 狗零食 藍色 均一	8	1660.00	1
1766	品牌B 狗零食 紅色 S	8	1670.00	1
1767	品牌B 狗零食 紅色 M	8	1680.00	1
1768	品牌B 狗零食 紅色 L	8	1690.00	1
1769	品牌B 狗零食 紅色 XL	8	1700.00	1
1770	品牌B 狗零食 紅色 均一	8	1710.00	1
1771	品牌B 狗零食 灰色 S	8	1720.00	1
1772	品牌B 狗零食 灰色 M	8	1730.00	1
1773	品牌B 狗零食 灰色 L	8	1740.00	1
1774	品牌B 狗零食 灰色 XL	8	1750.00	1
1775	品牌B 狗零食 灰色 均一	8	1760.00	1
1776	品牌B 狗零食 綠色 S	8	1770.00	1
1777	品牌B 狗零食 綠色 M	8	1780.00	1
1778	品牌B 狗零食 綠色 L	8	1790.00	1
1779	品牌B 狗零食 綠色 XL	8	1800.00	1
1780	品牌B 狗零食 綠色 均一	8	1810.00	1
1781	品牌B 狗零食 米色 S	8	1820.00	1
1782	品牌B 狗零食 米色 M	8	1830.00	1
1783	品牌B 狗零食 米色 L	8	1840.00	1
1784	品牌B 狗零食 米色 XL	8	1850.00	1
1785	品牌B 狗零食 米色 均一	8	1860.00	1
1786	品牌B 狗零食 粉色 S	8	1870.00	1
1787	品牌B 狗零食 粉色 M	8	1880.00	1
1788	品牌B 狗零食 粉色 L	8	1890.00	1
1789	品牌B 狗零食 粉色 XL	8	1900.00	1
1790	品牌B 狗零食 粉色 均一	8	1910.00	1
1791	品牌B 狗零食 黃色 S	8	1920.00	1
1792	品牌B 狗零食 黃色 M	8	1930.00	1
1793	品牌B 狗零食 黃色 L	8	1940.00	1
1794	品牌B 狗零食 黃色 XL	8	1950.00	1
1795	品牌B 狗零食 黃色 均一	8	1960.00	1
1796	品牌B 狗零食 紫色 S	8	1970.00	1
1797	品牌B 狗零食 紫色 M	8	1980.00	1
1798	品牌B 狗零食 紫色 L	8	1990.00	1
1799	品牌B 狗零食 紫色 XL	8	2000.00	1
1800	品牌B 狗零食 紫色 均一	8	10.00	0
1801	品牌B 小說 黑色 S	9	20.00	1
1802	品牌B 小說 黑色 M	9	30.00	1
1803	品牌B 小說 黑色 L	9	40.00	1
1804	品牌B 小說 黑色 XL	9	50.00	1
1805	品牌B 小說 黑色 均一	9	60.00	1
1806	品牌B 小說 白色 S	9	70.00	1
1807	品牌B 小說 白色 M	9	80.00	1
1808	品牌B 小說 白色 L	9	90.00	1
1809	品牌B 小說 白色 XL	9	100.00	1
1810	品牌B 小說 白色 均一	9	110.00	1
1811	品牌B 小說 藍色 S	9	120.00	1
1812	品牌B 小說 藍色 M	9	130.00	1
1813	品牌B 小說 藍色 L	9	140.00	1
1814	品牌B 小說 藍色 XL	9	150.00	1
1815	品牌B 小說 藍色 均一	9	160.00	1
1816	品牌B 小說 紅色 S	9	170.00	1
1817	品牌B 小說 紅色 M	9	180.00	1
1818	品牌B 小說 紅色 L	9	190.00	1
1819	品牌B 小說 紅色 XL	9	200.00	1
1820	品牌B 小說 紅色 均一	9	210.00	1
1821	品牌B 小說 灰色 S	9	220.00	1
1822	品牌B 小說 灰色 M	9	230.00	1
1823	品牌B 小說 灰色 L	9	240.00	1
1824	品牌B 小說 灰色 XL	9	250.00	1
1825	品牌B 小說 灰色 均一	9	260.00	1
1826	品牌B 小說 綠色 S	9	270.00	1
1827	品牌B 小說 綠色 M	9	280.00	1
1828	品牌B 小說 綠色 L	9	290.00	1
1829	品牌B 小說 綠色 XL	9	300.00	1
1830	品牌B 小說 綠色 均一	9	310.00	1
1831	品牌B 小說 米色 S	9	320.00	1
1832	品牌B 小說 米色 M	9	330.00	1
1833	品牌B 小說 米色 L	9	340.00	1
1834	品牌B 小說 米色 XL	9	350.00	1
1835	品牌B 小說 米色 均一	9	360.00	1
1836	品牌B 小說 粉色 S	9	370.00	1
1837	品牌B 小說 粉色 M	9	380.00	1
1838	品牌B 小說 粉色 L	9	390.00	1
1839	品牌B 小說 粉色 XL	9	400.00	1
1840	品牌B 小說 粉色 均一	9	410.00	1
1841	品牌B 小說 黃色 S	9	420.00	1
1842	品牌B 小說 黃色 M	9	430.00	1
1843	品牌B 小說 黃色 L	9	440.00	1
1844	品牌B 小說 黃色 XL	9	450.00	1
1845	品牌B 小說 黃色 均一	9	460.00	1
1846	品牌B 小說 紫色 S	9	470.00	1
1847	品牌B 小說 紫色 M	9	480.00	1
1848	品牌B 小說 紫色 L	9	490.00	1
1849	品牌B 小說 紫色 XL	9	500.00	1
1850	品牌B 小說 紫色 均一	9	510.00	0
1851	品牌B 食譜 黑色 S	9	520.00	1
1852	品牌B 食譜 黑色 M	9	530.00	1
1853	品牌B 食譜 黑色 L	9	540.00	1
1854	品牌B 食譜 黑色 XL	9	550.00	1
1855	品牌B 食譜 黑色 均一	9	560.00	1
1856	品牌B 食譜 白色 S	9	570.00	1
1857	品牌B 食譜 白色 M	9	580.00	1
1858	品牌B 食譜 白色 L	9	590.00	1
1859	品牌B 食譜 白色 XL	9	600.00	1
1860	品牌B 食譜 白色 均一	9	610.00	1
1861	品牌B 食譜 藍色 S	9	620.00	1
1862	品牌B 食譜 藍色 M	9	630.00	1
1863	品牌B 食譜 藍色 L	9	640.00	1
1864	品牌B 食譜 藍色 XL	9	650.00	1
1865	品牌B 食譜 藍色 均一	9	660.00	1
1866	品牌B 食譜 紅色 S	9	670.00	1
1867	品牌B 食譜 紅色 M	9	680.00	1
1868	品牌B 食譜 紅色 L	9	690.00	1
1869	品牌B 食譜 紅色 XL	9	700.00	1
1870	品牌B 食譜 紅色 均一	9	710.00	1
1871	品牌B 食譜 灰色 S	9	720.00	1
1872	品牌B 食譜 灰色 M	9	730.00	1
1873	品牌B 食譜 灰色 L	9	740.00	1
1874	品牌B 食譜 灰色 XL	9	750.00	1
1875	品牌B 食譜 灰色 均一	9	760.00	1
1876	品牌B 食譜 綠色 S	9	770.00	1
1877	品牌B 食譜 綠色 M	9	780.00	1
1878	品牌B 食譜 綠色 L	9	790.00	1
1879	品牌B 食譜 綠色 XL	9	800.00	1
1880	品牌B 食譜 綠色 均一	9	810.00	1
1881	品牌B 食譜 米色 S	9	820.00	1
1882	品牌B 食譜 米色 M	9	830.00	1
1883	品牌B 食譜 米色 L	9	840.00	1
1884	品牌B 食譜 米色 XL	9	850.00	1
1885	品牌B 食譜 米色 均一	9	860.00	1
1886	品牌B 食譜 粉色 S	9	870.00	1
1887	品牌B 食譜 粉色 M	9	880.00	1
1888	品牌B 食譜 粉色 L	9	890.00	1
1889	品牌B 食譜 粉色 XL	9	900.00	1
1890	品牌B 食譜 粉色 均一	9	910.00	1
1891	品牌B 食譜 黃色 S	9	920.00	1
1892	品牌B 食譜 黃色 M	9	930.00	1
1893	品牌B 食譜 黃色 L	9	940.00	1
1894	品牌B 食譜 黃色 XL	9	950.00	1
1895	品牌B 食譜 黃色 均一	9	960.00	1
1896	品牌B 食譜 紫色 S	9	970.00	1
1897	品牌B 食譜 紫色 M	9	980.00	1
1898	品牌B 食譜 紫色 L	9	990.00	1
1899	品牌B 食譜 紫色 XL	9	1000.00	1
1900	品牌B 食譜 紫色 均一	9	1010.00	0
1901	品牌B 禮物卡 黑色 S	10	1020.00	1
1902	品牌B 禮物卡 黑色 M	10	1030.00	1
1903	品牌B 禮物卡 黑色 L	10	1040.00	1
1904	品牌B 禮物卡 黑色 XL	10	1050.00	1
1905	品牌B 禮物卡 黑色 均一	10	1060.00	1
1906	品牌B 禮物卡 白色 S	10	1070.00	1
1907	品牌B 禮物卡 白色 M	10	1080.00	1
1908	品牌B 禮物卡 白色 L	10	1090.00	1
1909	品牌B 禮物卡 白色 XL	10	1100.00	1
1910	品牌B 禮物卡 白色 均一	10	1110.00	1
1911	品牌B 禮物卡 藍色 S	10	1120.00	1
1912	品牌B 禮物卡 藍色 M	10	1130.00	1
1913	品牌B 禮物卡 藍色 L	10	1140.00	1
1914	品牌B 禮物卡 藍色 XL	10	1150.00	1
1915	品牌B 禮物卡 藍色 均一	10	1160.00	1
1916	品牌B 禮物卡 紅色 S	10	1170.00	1
1917	品牌B 禮物卡 紅色 M	10	1180.00	1
1918	品牌B 禮物卡 紅色 L	10	1190.00	1
1919	品牌B 禮物卡 紅色 XL	10	1200.00	1
1920	品牌B 禮物卡 紅色 均一	10	1210.00	1
1921	品牌B 禮物卡 灰色 S	10	1220.00	1
1922	品牌B 禮物卡 灰色 M	10	1230.00	1
1923	品牌B 禮物卡 灰色 L	10	1240.00	1
1924	品牌B 禮物卡 灰色 XL	10	1250.00	1
1925	品牌B 禮物卡 灰色 均一	10	1260.00	1
1926	品牌B 禮物卡 綠色 S	10	1270.00	1
1927	品牌B 禮物卡 綠色 M	10	1280.00	1
1928	品牌B 禮物卡 綠色 L	10	1290.00	1
1929	品牌B 禮物卡 綠色 XL	10	1300.00	1
1930	品牌B 禮物卡 綠色 均一	10	1310.00	1
1931	品牌B 禮物卡 米色 S	10	1320.00	1
1932	品牌B 禮物卡 米色 M	10	1330.00	1
1933	品牌B 禮物卡 米色 L	10	1340.00	1
1934	品牌B 禮物卡 米色 XL	10	1350.00	1
1935	品牌B 禮物卡 米色 均一	10	1360.00	1
1936	品牌B 禮物卡 粉色 S	10	1370.00	1
1937	品牌B 禮物卡 粉色 M	10	1380.00	1
1938	品牌B 禮物卡 粉色 L	10	1390.00	1
1939	品牌B 禮物卡 粉色 XL	10	1400.00	1
1940	品牌B 禮物卡 粉色 均一	10	1410.00	1
1941	品牌B 禮物卡 黃色 S	10	1420.00	1
1942	品牌B 禮物卡 黃色 M	10	1430.00	1
1943	品牌B 禮物卡 黃色 L	10	1440.00	1
1944	品牌B 禮物卡 黃色 XL	10	1450.00	1
1945	品牌B 禮物卡 黃色 均一	10	1460.00	1
1946	品牌B 禮物卡 紫色 S	10	1470.00	1
1947	品牌B 禮物卡 紫色 M	10	1480.00	1
1948	品牌B 禮物卡 紫色 L	10	1490.00	1
1949	品牌B 禮物卡 紫色 XL	10	1500.00	1
1950	品牌B 禮物卡 紫色 均一	10	1510.00	0
1951	品牌B 收納袋 黑色 S	10	1520.00	1
1952	品牌B 收納袋 黑色 M	10	1530.00	1
1953	品牌B 收納袋 黑色 L	10	1540.00	1
1954	品牌B 收納袋 黑色 XL	10	1550.00	1
1955	品牌B 收納袋 黑色 均一	10	1560.00	1
1956	品牌B 收納袋 白色 S	10	1570.00	1
1957	品牌B 收納袋 白色 M	10	1580.00	1
1958	品牌B 收納袋 白色 L	10	1590.00	1
1959	品牌B 收納袋 白色 XL	10	1600.00	1
1960	品牌B 收納袋 白色 均一	10	1610.00	1
1961	品牌B 收納袋 藍色 S	10	1620.00	1
1962	品牌B 收納袋 藍色 M	10	1630.00	1
1963	品牌B 收納袋 藍色 L	10	1640.00	1
1964	品牌B 收納袋 藍色 XL	10	1650.00	1
1965	品牌B 收納袋 藍色 均一	10	1660.00	1
1966	品牌B 收納袋 紅色 S	10	1670.00	1
1967	品牌B 收納袋 紅色 M	10	1680.00	1
1968	品牌B 收納袋 紅色 L	10	1690.00	1
1969	品牌B 收納袋 紅色 XL	10	1700.00	1
1970	品牌B 收納袋 紅色 均一	10	1710.00	1
1971	品牌B 收納袋 灰色 S	10	1720.00	1
1972	品牌B 收納袋 灰色 M	10	1730.00	1
1973	品牌B 收納袋 灰色 L	10	1740.00	1
1974	品牌B 收納袋 灰色 XL	10	1750.00	1
1975	品牌B 收納袋 灰色 均一	10	1760.00	1
1976	品牌B 收納袋 綠色 S	10	1770.00	1
1977	品牌B 收納袋 綠色 M	10	1780.00	1
1978	品牌B 收納袋 綠色 L	10	1790.00	1
1979	品牌B 收納袋 綠色 XL	10	1800.00	1
1980	品牌B 收納袋 綠色 均一	10	1810.00	1
1981	品牌B 收納袋 米色 S	10	1820.00	1
1982	品牌B 收納袋 米色 M	10	1830.00	1
1983	品牌B 收納袋 米色 L	10	1840.00	1
1984	品牌B 收納袋 米色 XL	10	1850.00	1
1985	品牌B 收納袋 米色 均一	10	1860.00	1
1986	品牌B 收納袋 粉色 S	10	1870.00	1
1987	品牌B 收納袋 粉色 M	10	1880.00	1
1988	品牌B 收納袋 粉色 L	10	1890.00	1
1989	品牌B 收納袋 粉色 XL	10	1900.00	1
1990	品牌B 收納袋 粉色 均一	10	1910.00	1
1991	品牌B 收納袋 黃色 S	10	1920.00	1
1992	品牌B 收納袋 黃色 M	10	1930.00	1
1993	品牌B 收納袋 黃色 L	10	1940.00	1
1994	品牌B 收納袋 黃色 XL	10	1950.00	1
1995	品牌B 收納袋 黃色 均一	10	1960.00	1
1996	品牌B 收納袋 紫色 S	10	1970.00	1
1997	品牌B 收納袋 紫色 M	10	1980.00	1
1998	品牌B 收納袋 紫色 L	10	1990.00	1
1999	品牌B 收納袋 紫色 XL	10	2000.00	1
2000	品牌B 收納袋 紫色 均一	10	10.00	0
2001	品牌C T恤 黑色 S	1	20.00	1
2002	品牌C T恤 黑色 M	1	30.00	1
2003	品牌C T恤 黑色 L	1	40.00	1
2004	品牌C T恤 黑色 XL	1	50.00	1
2005	品牌C T恤 黑色 均一	1	60.00	1
2006	品牌C T恤 白色 S	1	70.00	1
2007	品牌C T恤 白色 M	1	80.00	1
2008	品牌C T恤 白色 L	1	90.00	1
2009	品牌C T恤 白色 XL	1	100.00	1
2010	品牌C T恤 白色 均一	1	110.00	1
2011	品牌C T恤 藍色 S	1	120.00	1
2012	品牌C T恤 藍色 M	1	130.00	1
2013	品牌C T恤 藍色 L	1	140.00	1
2014	品牌C T恤 藍色 XL	1	150.00	1
2015	品牌C T恤 藍色 均一	1	160.00	1
2016	品牌C T恤 紅色 S	1	170.00	1
2017	品牌C T恤 紅色 M	1	180.00	1
2018	品牌C T恤 紅色 L	1	190.00	1
2019	品牌C T恤 紅色 XL	1	200.00	1
2020	品牌C T恤 紅色 均一	1	210.00	1
2021	品牌C T恤 灰色 S	1	220.00	1
2022	品牌C T恤 灰色 M	1	230.00	1
2023	品牌C T恤 灰色 L	1	240.00	1
2024	品牌C T恤 灰色 XL	1	250.00	1
2025	品牌C T恤 灰色 均一	1	260.00	1
2026	品牌C T恤 綠色 S	1	270.00	1
2027	品牌C T恤 綠色 M	1	280.00	1
2028	品牌C T恤 綠色 L	1	290.00	1
2029	品牌C T恤 綠色 XL	1	300.00	1
2030	品牌C T恤 綠色 均一	1	310.00	1
2031	品牌C T恤 米色 S	1	320.00	1
2032	品牌C T恤 米色 M	1	330.00	1
2033	品牌C T恤 米色 L	1	340.00	1
2034	品牌C T恤 米色 XL	1	350.00	1
2035	品牌C T恤 米色 均一	1	360.00	1
2036	品牌C T恤 粉色 S	1	370.00	1
2037	品牌C T恤 粉色 M	1	380.00	1
2038	品牌C T恤 粉色 L	1	390.00	1
2039	品牌C T恤 粉色 XL	1	400.00	1
2040	品牌C T恤 粉色 均一	1	410.00	1
2041	品牌C T恤 黃色 S	1	420.00	1
2042	品牌C T恤 黃色 M	1	430.00	1
2043	品牌C T恤 黃色 L	1	440.00	1
2044	品牌C T恤 黃色 XL	1	450.00	1
2045	品牌C T恤 黃色 均一	1	460.00	1
2046	品牌C T恤 紫色 S	1	470.00	1
2047	品牌C T恤 紫色 M	1	480.00	1
2048	品牌C T恤 紫色 L	1	490.00	1
2049	品牌C T恤 紫色 XL	1	500.00	1
2050	品牌C T恤 紫色 均一	1	510.00	0
2051	品牌C 外套 黑色 S	1	520.00	1
2052	品牌C 外套 黑色 M	1	530.00	1
2053	品牌C 外套 黑色 L	1	540.00	1
2054	品牌C 外套 黑色 XL	1	550.00	1
2055	品牌C 外套 黑色 均一	1	560.00	1
2056	品牌C 外套 白色 S	1	570.00	1
2057	品牌C 外套 白色 M	1	580.00	1
2058	品牌C 外套 白色 L	1	590.00	1
2059	品牌C 外套 白色 XL	1	600.00	1
2060	品牌C 外套 白色 均一	1	610.00	1
2061	品牌C 外套 藍色 S	1	620.00	1
2062	品牌C 外套 藍色 M	1	630.00	1
2063	品牌C 外套 藍色 L	1	640.00	1
2064	品牌C 外套 藍色 XL	1	650.00	1
2065	品牌C 外套 藍色 均一	1	660.00	1
2066	品牌C 外套 紅色 S	1	670.00	1
2067	品牌C 外套 紅色 M	1	680.00	1
2068	品牌C 外套 紅色 L	1	690.00	1
2069	品牌C 外套 紅色 XL	1	700.00	1
2070	品牌C 外套 紅色 均一	1	710.00	1
2071	品牌C 外套 灰色 S	1	720.00	1
2072	品牌C 外套 灰色 M	1	730.00	1
2073	品牌C 外套 灰色 L	1	740.00	1
2074	品牌C 外套 灰色 XL	1	750.00	1
2075	品牌C 外套 灰色 均一	1	760.00	1
2076	品牌C 外套 綠色 S	1	770.00	1
2077	品牌C 外套 綠色 M	1	780.00	1
2078	品牌C 外套 綠色 L	1	790.00	1
2079	品牌C 外套 綠色 XL	1	800.00	1
2080	品牌C 外套 綠色 均一	1	810.00	1
2081	品牌C 外套 米色 S	1	820.00	1
2082	品牌C 外套 米色 M	1	830.00	1
2083	品牌C 外套 米色 L	1	840.00	1
2084	品牌C 外套 米色 XL	1	850.00	1
2085	品牌C 外套 米色 均一	1	860.00	1
2086	品牌C 外套 粉色 S	1	870.00	1
2087	品牌C 外套 粉色 M	1	880.00	1
2088	品牌C 外套 粉色 L	1	890.00	1
2089	品牌C 外套 粉色 XL	1	900.00	1
2090	品牌C 外套 粉色 均一	1	910.00	1
2091	品牌C 外套 黃色 S	1	920.00	1
2092	品牌C 外套 黃色 M	1	930.00	1
2093	品牌C 外套 黃色 L	1	940.00	1
2094	品牌C 外套 黃色 XL	1	950.00	1
2095	品牌C 外套 黃色 均一	1	960.00	1
2096	品牌C 外套 紫色 S	1	970.00	1
2097	品牌C 外套 紫色 M	1	980.00	1
2098	品牌C 外套 紫色 L	1	990.00	1
2099	品牌C 外套 紫色 XL	1	1000.00	1
2100	品牌C 外套 紫色 均一	1	1010.00	0
2101	品牌C 無線耳機 黑色 S	2	1020.00	1
2102	品牌C 無線耳機 黑色 M	2	1030.00	1
2103	品牌C 無線耳機 黑色 L	2	1040.00	1
2104	品牌C 無線耳機 黑色 XL	2	1050.00	1
2105	品牌C 無線耳機 黑色 均一	2	1060.00	1
2106	品牌C 無線耳機 白色 S	2	1070.00	1
2107	品牌C 無線耳機 白色 M	2	1080.00	1
2108	品牌C 無線耳機 白色 L	2	1090.00	1
2109	品牌C 無線耳機 白色 XL	2	1100.00	1
2110	品牌C 無線耳機 白色 均一	2	1110.00	1
2111	品牌C 無線耳機 藍色 S	2	1120.00	1
2112	品牌C 無線耳機 藍色 M	2	1130.00	1
2113	品牌C 無線耳機 藍色 L	2	1140.00	1
2114	品牌C 無線耳機 藍色 XL	2	1150.00	1
2115	品牌C 無線耳機 藍色 均一	2	1160.00	1
2116	品牌C 無線耳機 紅色 S	2	1170.00	1
2117	品牌C 無線耳機 紅色 M	2	1180.00	1
2118	品牌C 無線耳機 紅色 L	2	1190.00	1
2119	品牌C 無線耳機 紅色 XL	2	1200.00	1
2120	品牌C 無線耳機 紅色 均一	2	1210.00	1
2121	品牌C 無線耳機 灰色 S	2	1220.00	1
2122	品牌C 無線耳機 灰色 M	2	1230.00	1
2123	品牌C 無線耳機 灰色 L	2	1240.00	1
2124	品牌C 無線耳機 灰色 XL	2	1250.00	1
2125	品牌C 無線耳機 灰色 均一	2	1260.00	1
2126	品牌C 無線耳機 綠色 S	2	1270.00	1
2127	品牌C 無線耳機 綠色 M	2	1280.00	1
2128	品牌C 無線耳機 綠色 L	2	1290.00	1
2129	品牌C 無線耳機 綠色 XL	2	1300.00	1
2130	品牌C 無線耳機 綠色 均一	2	1310.00	1
2131	品牌C 無線耳機 米色 S	2	1320.00	1
2132	品牌C 無線耳機 米色 M	2	1330.00	1
2133	品牌C 無線耳機 米色 L	2	1340.00	1
2134	品牌C 無線耳機 米色 XL	2	1350.00	1
2135	品牌C 無線耳機 米色 均一	2	1360.00	1
2136	品牌C 無線耳機 粉色 S	2	1370.00	1
2137	品牌C 無線耳機 粉色 M	2	1380.00	1
2138	品牌C 無線耳機 粉色 L	2	1390.00	1
2139	品牌C 無線耳機 粉色 XL	2	1400.00	1
2140	品牌C 無線耳機 粉色 均一	2	1410.00	1
2141	品牌C 無線耳機 黃色 S	2	1420.00	1
2142	品牌C 無線耳機 黃色 M	2	1430.00	1
2143	品牌C 無線耳機 黃色 L	2	1440.00	1
2144	品牌C 無線耳機 黃色 XL	2	1450.00	1
2145	品牌C 無線耳機 黃色 均一	2	1460.00	1
2146	品牌C 無線耳機 紫色 S	2	1470.00	1
2147	品牌C 無線耳機 紫色 M	2	1480.00	1
2148	品牌C 無線耳機 紫色 L	2	1490.00	1
2149	品牌C 無線耳機 紫色 XL	2	1500.00	1
2150	品牌C 無線耳機 紫色 均一	2	1510.00	0
2151	品牌C 行動電源 黑色 S	2	1520.00	1
2152	品牌C 行動電源 黑色 M	2	1530.00	1
2153	品牌C 行動電源 黑色 L	2	1540.00	1
2154	品牌C 行動電源 黑色 XL	2	1550.00	1
2155	品牌C 行動電源 黑色 均一	2	1560.00	1
2156	品牌C 行動電源 白色 S	2	1570.00	1
2157	品牌C 行動電源 白色 M	2	1580.00	1
2158	品牌C 行動電源 白色 L	2	1590.00	1
2159	品牌C 行動電源 白色 XL	2	1600.00	1
2160	品牌C 行動電源 白色 均一	2	1610.00	1
2161	品牌C 行動電源 藍色 S	2	1620.00	1
2162	品牌C 行動電源 藍色 M	2	1630.00	1
2163	品牌C 行動電源 藍色 L	2	1640.00	1
2164	品牌C 行動電源 藍色 XL	2	1650.00	1
2165	品牌C 行動電源 藍色 均一	2	1660.00	1
2166	品牌C 行動電源 紅色 S	2	1670.00	1
2167	品牌C 行動電源 紅色 M	2	1680.00	1
2168	品牌C 行動電源 紅色 L	2	1690.00	1
2169	品牌C 行動電源 紅色 XL	2	1700.00	1
2170	品牌C 行動電源 紅色 均一	2	1710.00	1
2171	品牌C 行動電源 灰色 S	2	1720.00	1
2172	品牌C 行動電源 灰色 M	2	1730.00	1
2173	品牌C 行動電源 灰色 L	2	1740.00	1
2174	品牌C 行動電源 灰色 XL	2	1750.00	1
2175	品牌C 行動電源 灰色 均一	2	1760.00	1
2176	品牌C 行動電源 綠色 S	2	1770.00	1
2177	品牌C 行動電源 綠色 M	2	1780.00	1
2178	品牌C 行動電源 綠色 L	2	1790.00	1
2179	品牌C 行動電源 綠色 XL	2	1800.00	1
2180	品牌C 行動電源 綠色 均一	2	1810.00	1
2181	品牌C 行動電源 米色 S	2	1820.00	1
2182	品牌C 行動電源 米色 M	2	1830.00	1
2183	品牌C 行動電源 米色 L	2	1840.00	1
2184	品牌C 行動電源 米色 XL	2	1850.00	1
2185	品牌C 行動電源 米色 均一	2	1860.00	1
2186	品牌C 行動電源 粉色 S	2	1870.00	1
2187	品牌C 行動電源 粉色 M	2	1880.00	1
2188	品牌C 行動電源 粉色 L	2	1890.00	1
2189	品牌C 行動電源 粉色 XL	2	1900.00	1
2190	品牌C 行動電源 粉色 均一	2	1910.00	1
2191	品牌C 行動電源 黃色 S	2	1920.00	1
2192	品牌C 行動電源 黃色 M	2	1930.00	1
2193	品牌C 行動電源 黃色 L	2	1940.00	1
2194	品牌C 行動電源 黃色 XL	2	1950.00	1
2195	品牌C 行動電源 黃色 均一	2	1960.00	1
2196	品牌C 行動電源 紫色 S	2	1970.00	1
2197	品牌C 行動電源 紫色 M	2	1980.00	1
2198	品牌C 行動電源 紫色 L	2	1990.00	1
2199	品牌C 行動電源 紫色 XL	2	2000.00	1
2200	品牌C 行動電源 紫色 均一	2	10.00	0
2201	品牌C 馬克杯 黑色 S	3	20.00	1
2202	品牌C 馬克杯 黑色 M	3	30.00	1
2203	品牌C 馬克杯 黑色 L	3	40.00	1
2204	品牌C 馬克杯 黑色 XL	3	50.00	1
2205	品牌C 馬克杯 黑色 均一	3	60.00	1
2206	品牌C 馬克杯 白色 S	3	70.00	1
2207	品牌C 馬克杯 白色 M	3	80.00	1
2208	品牌C 馬克杯 白色 L	3	90.00	1
2209	品牌C 馬克杯 白色 XL	3	100.00	1
2210	品牌C 馬克杯 白色 均一	3	110.00	1
2211	品牌C 馬克杯 藍色 S	3	120.00	1
2212	品牌C 馬克杯 藍色 M	3	130.00	1
2213	品牌C 馬克杯 藍色 L	3	140.00	1
2214	品牌C 馬克杯 藍色 XL	3	150.00	1
2215	品牌C 馬克杯 藍色 均一	3	160.00	1
2216	品牌C 馬克杯 紅色 S	3	170.00	1
2217	品牌C 馬克杯 紅色 M	3	180.00	1
2218	品牌C 馬克杯 紅色 L	3	190.00	1
2219	品牌C 馬克杯 紅色 XL	3	200.00	1
2220	品牌C 馬克杯 紅色 均一	3	210.00	1
2221	品牌C 馬克杯 灰色 S	3	220.00	1
2222	品牌C 馬克杯 灰色 M	3	230.00	1
2223	品牌C 馬克杯 灰色 L	3	240.00	1
2224	品牌C 馬克杯 灰色 XL	3	250.00	1
2225	品牌C 馬克杯 灰色 均一	3	260.00	1
2226	品牌C 馬克杯 綠色 S	3	270.00	1
2227	品牌C 馬克杯 綠色 M	3	280.00	1
2228	品牌C 馬克杯 綠色 L	3	290.00	1
2229	品牌C 馬克杯 綠色 XL	3	300.00	1
2230	品牌C 馬克杯 綠色 均一	3	310.00	1
2231	品牌C 馬克杯 米色 S	3	320.00	1
2232	品牌C 馬克杯 米色 M	3	330.00	1
2233	品牌C 馬克杯 米色 L	3	340.00	1
2234	品牌C 馬克杯 米色 XL	3	350.00	1
2235	品牌C 馬克杯 米色 均一	3	360.00	1
2236	品牌C 馬克杯 粉色 S	3	370.00	1
2237	品牌C 馬克杯 粉色 M	3	380.00	1
2238	品牌C 馬克杯 粉色 L	3	390.00	1
2239	品牌C 馬克杯 粉色 XL	3	400.00	1
2240	品牌C 馬克杯 粉色 均一	3	410.00	1
2241	品牌C 馬克杯 黃色 S	3	420.00	1
2242	品牌C 馬克杯 黃色 M	3	430.00	1
2243	品牌C 馬克杯 黃色 L	3	440.00	1
2244	品牌C 馬克杯 黃色 XL	3	450.00	1
2245	品牌C 馬克杯 黃色 均一	3	460.00	1
2246	品牌C 馬克杯 紫色 S	3	470.00	1
2247	品牌C 馬克杯 紫色 M	3	480.00	1
2248	品牌C 馬克杯 紫色 L	3	490.00	1
2249	品牌C 馬克杯 紫色 XL	3	500.00	1
2250	品牌C 馬克杯 紫色 均一	3	510.00	0
2251	品牌C 收納盒 黑色 S	3	520.00	1
2252	品牌C 收納盒 黑色 M	3	530.00	1
2253	品牌C 收納盒 黑色 L	3	540.00	1
2254	品牌C 收納盒 黑色 XL	3	550.00	1
2255	品牌C 收納盒 黑色 均一	3	560.00	1
2256	品牌C 收納盒 白色 S	3	570.00	1
2257	品牌C 收納盒 白色 M	3	580.00	1
2258	品牌C 收納盒 白色 L	3	590.00	1
2259	品牌C 收納盒 白色 XL	3	600.00	1
2260	品牌C 收納盒 白色 均一	3	610.00	1
2261	品牌C 收納盒 藍色 S	3	620.00	1
2262	品牌C 收納盒 藍色 M	3	630.00	1
2263	品牌C 收納盒 藍色 L	3	640.00	1
2264	品牌C 收納盒 藍色 XL	3	650.00	1
2265	品牌C 收納盒 藍色 均一	3	660.00	1
2266	品牌C 收納盒 紅色 S	3	670.00	1
2267	品牌C 收納盒 紅色 M	3	680.00	1
2268	品牌C 收納盒 紅色 L	3	690.00	1
2269	品牌C 收納盒 紅色 XL	3	700.00	1
2270	品牌C 收納盒 紅色 均一	3	710.00	1
2271	品牌C 收納盒 灰色 S	3	720.00	1
2272	品牌C 收納盒 灰色 M	3	730.00	1
2273	品牌C 收納盒 灰色 L	3	740.00	1
2274	品牌C 收納盒 灰色 XL	3	750.00	1
2275	品牌C 收納盒 灰色 均一	3	760.00	1
2276	品牌C 收納盒 綠色 S	3	770.00	1
2277	品牌C 收納盒 綠色 M	3	780.00	1
2278	品牌C 收納盒 綠色 L	3	790.00	1
2279	品牌C 收納盒 綠色 XL	3	800.00	1
2280	品牌C 收納盒 綠色 均一	3	810.00	1
2281	品牌C 收納盒 米色 S	3	820.00	1
2282	品牌C 收納盒 米色 M	3	830.00	1
2283	品牌C 收納盒 米色 L	3	840.00	1
2284	品牌C 收納盒 米色 XL	3	850.00	1
2285	品牌C 收納盒 米色 均一	3	860.00	1
2286	品牌C 收納盒 粉色 S	3	870.00	1
2287	品牌C 收納盒 粉色 M	3	880.00	1
2288	品牌C 收納盒 粉色 L	3	890.00	1
2289	品牌C 收納盒 粉色 XL	3	900.00	1
2290	品牌C 收納盒 粉色 均一	3	910.00	1
2291	品牌C 收納盒 黃色 S	3	920.00	1
2292	品牌C 收納盒 黃色 M	3	930.00	1
2293	品牌C 收納盒 黃色 L	3	940.00	1
2294	品牌C 收納盒 黃色 XL	3	950.00	1
2295	品牌C 收納盒 黃色 均一	3	960.00	1
2296	品牌C 收納盒 紫色 S	3	970.00	1
2297	品牌C 收納盒 紫色 M	3	980.00	1
2298	品牌C 收納盒 紫色 L	3	990.00	1
2299	品牌C 收納盒 紫色 XL	3	1000.00	1
2300	品牌C 收納盒 紫色 均一	3	1010.00	0
2301	品牌C 咖啡豆 黑色 S	4	1020.00	1
2302	品牌C 咖啡豆 黑色 M	4	1030.00	1
2303	品牌C 咖啡豆 黑色 L	4	1040.00	1
2304	品牌C 咖啡豆 黑色 XL	4	1050.00	1
2305	品牌C 咖啡豆 黑色 均一	4	1060.00	1
2306	品牌C 咖啡豆 白色 S	4	1070.00	1
2307	品牌C 咖啡豆 白色 M	4	1080.00	1
2308	品牌C 咖啡豆 白色 L	4	1090.00	1
2309	品牌C 咖啡豆 白色 XL	4	1100.00	1
2310	品牌C 咖啡豆 白色 均一	4	1110.00	1
2311	品牌C 咖啡豆 藍色 S	4	1120.00	1
2312	品牌C 咖啡豆 藍色 M	4	1130.00	1
2313	品牌C 咖啡豆 藍色 L	4	1140.00	1
2314	品牌C 咖啡豆 藍色 XL	4	1150.00	1
2315	品牌C 咖啡豆 藍色 均一	4	1160.00	1
2316	品牌C 咖啡豆 紅色 S	4	1170.00	1
2317	品牌C 咖啡豆 紅色 M	4	1180.00	1
2318	品牌C 咖啡豆 紅色 L	4	1190.00	1
2319	品牌C 咖啡豆 紅色 XL	4	1200.00	1
2320	品牌C 咖啡豆 紅色 均一	4	1210.00	1
2321	品牌C 咖啡豆 灰色 S	4	1220.00	1
2322	品牌C 咖啡豆 灰色 M	4	1230.00	1
2323	品牌C 咖啡豆 灰色 L	4	1240.00	1
2324	品牌C 咖啡豆 灰色 XL	4	1250.00	1
2325	品牌C 咖啡豆 灰色 均一	4	1260.00	1
2326	品牌C 咖啡豆 綠色 S	4	1270.00	1
2327	品牌C 咖啡豆 綠色 M	4	1280.00	1
2328	品牌C 咖啡豆 綠色 L	4	1290.00	1
2329	品牌C 咖啡豆 綠色 XL	4	1300.00	1
2330	品牌C 咖啡豆 綠色 均一	4	1310.00	1
2331	品牌C 咖啡豆 米色 S	4	1320.00	1
2332	品牌C 咖啡豆 米色 M	4	1330.00	1
2333	品牌C 咖啡豆 米色 L	4	1340.00	1
2334	品牌C 咖啡豆 米色 XL	4	1350.00	1
2335	品牌C 咖啡豆 米色 均一	4	1360.00	1
2336	品牌C 咖啡豆 粉色 S	4	1370.00	1
2337	品牌C 咖啡豆 粉色 M	4	1380.00	1
2338	品牌C 咖啡豆 粉色 L	4	1390.00	1
2339	品牌C 咖啡豆 粉色 XL	4	1400.00	1
2340	品牌C 咖啡豆 粉色 均一	4	1410.00	1
2341	品牌C 咖啡豆 黃色 S	4	1420.00	1
2342	品牌C 咖啡豆 黃色 M	4	1430.00	1
2343	品牌C 咖啡豆 黃色 L	4	1440.00	1
2344	品牌C 咖啡豆 黃色 XL	4	1450.00	1
2345	品牌C 咖啡豆 黃色 均一	4	1460.00	1
2346	品牌C 咖啡豆 紫色 S	4	1470.00	1
2347	品牌C 咖啡豆 紫色 M	4	1480.00	1
2348	品牌C 咖啡豆 紫色 L	4	1490.00	1
2349	品牌C 咖啡豆 紫色 XL	4	1500.00	1
2350	品牌C 咖啡豆 紫色 均一	4	1510.00	0
2351	品牌C 餅乾 黑色 S	4	1520.00	1
2352	品牌C 餅乾 黑色 M	4	1530.00	1
2353	品牌C 餅乾 黑色 L	4	1540.00	1
2354	品牌C 餅乾 黑色 XL	4	1550.00	1
2355	品牌C 餅乾 黑色 均一	4	1560.00	1
2356	品牌C 餅乾 白色 S	4	1570.00	1
2357	品牌C 餅乾 白色 M	4	1580.00	1
2358	品牌C 餅乾 白色 L	4	1590.00	1
2359	品牌C 餅乾 白色 XL	4	1600.00	1
2360	品牌C 餅乾 白色 均一	4	1610.00	1
2361	品牌C 餅乾 藍色 S	4	1620.00	1
2362	品牌C 餅乾 藍色 M	4	1630.00	1
2363	品牌C 餅乾 藍色 L	4	1640.00	1
2364	品牌C 餅乾 藍色 XL	4	1650.00	1
2365	品牌C 餅乾 藍色 均一	4	1660.00	1
2366	品牌C 餅乾 紅色 S	4	1670.00	1
2367	品牌C 餅乾 紅色 M	4	1680.00	1
2368	品牌C 餅乾 紅色 L	4	1690.00	1
2369	品牌C 餅乾 紅色 XL	4	1700.00	1
2370	品牌C 餅乾 紅色 均一	4	1710.00	1
2371	品牌C 餅乾 灰色 S	4	1720.00	1
2372	品牌C 餅乾 灰色 M	4	1730.00	1
2373	品牌C 餅乾 灰色 L	4	1740.00	1
2374	品牌C 餅乾 灰色 XL	4	1750.00	1
2375	品牌C 餅乾 灰色 均一	4	1760.00	1
2376	品牌C 餅乾 綠色 S	4	1770.00	1
2377	品牌C 餅乾 綠色 M	4	1780.00	1
2378	品牌C 餅乾 綠色 L	4	1790.00	1
2379	品牌C 餅乾 綠色 XL	4	1800.00	1
2380	品牌C 餅乾 綠色 均一	4	1810.00	1
2381	品牌C 餅乾 米色 S	4	1820.00	1
2382	品牌C 餅乾 米色 M	4	1830.00	1
2383	品牌C 餅乾 米色 L	4	1840.00	1
2384	品牌C 餅乾 米色 XL	4	1850.00	1
2385	品牌C 餅乾 米色 均一	4	1860.00	1
2386	品牌C 餅乾 粉色 S	4	1870.00	1
2387	品牌C 餅乾 粉色 M	4	1880.00	1
2388	品牌C 餅乾 粉色 L	4	1890.00	1
2389	品牌C 餅乾 粉色 XL	4	1900.00	1
2390	品牌C 餅乾 粉色 均一	4	1910.00	1
2391	品牌C 餅乾 黃色 S	4	1920.00	1
2392	品牌C 餅乾 黃色 M	4	1930.00	1
2393	品牌C 餅乾 黃色 L	4	1940.00	1
2394	品牌C 餅乾 黃色 XL	4	1950.00	1
2395	品牌C 餅乾 黃色 均一	4	1960.00	1
2396	品牌C 餅乾 紫色 S	4	1970.00	1
2397	品牌C 餅乾 紫色 M	4	1980.00	1
2398	品牌C 餅乾 紫色 L	4	1990.00	1
2399	品牌C 餅乾 紫色 XL	4	2000.00	1
2400	品牌C 餅乾 紫色 均一	4	10.00	0
2401	品牌C 洗面乳 黑色 S	5	20.00	1
2402	品牌C 洗面乳 黑色 M	5	30.00	1
2403	品牌C 洗面乳 黑色 L	5	40.00	1
2404	品牌C 洗面乳 黑色 XL	5	50.00	1
2405	品牌C 洗面乳 黑色 均一	5	60.00	1
2406	品牌C 洗面乳 白色 S	5	70.00	1
2407	品牌C 洗面乳 白色 M	5	80.00	1
2408	品牌C 洗面乳 白色 L	5	90.00	1
2409	品牌C 洗面乳 白色 XL	5	100.00	1
2410	品牌C 洗面乳 白色 均一	5	110.00	1
2411	品牌C 洗面乳 藍色 S	5	120.00	1
2412	品牌C 洗面乳 藍色 M	5	130.00	1
2413	品牌C 洗面乳 藍色 L	5	140.00	1
2414	品牌C 洗面乳 藍色 XL	5	150.00	1
2415	品牌C 洗面乳 藍色 均一	5	160.00	1
2416	品牌C 洗面乳 紅色 S	5	170.00	1
2417	品牌C 洗面乳 紅色 M	5	180.00	1
2418	品牌C 洗面乳 紅色 L	5	190.00	1
2419	品牌C 洗面乳 紅色 XL	5	200.00	1
2420	品牌C 洗面乳 紅色 均一	5	210.00	1
2421	品牌C 洗面乳 灰色 S	5	220.00	1
2422	品牌C 洗面乳 灰色 M	5	230.00	1
2423	品牌C 洗面乳 灰色 L	5	240.00	1
2424	品牌C 洗面乳 灰色 XL	5	250.00	1
2425	品牌C 洗面乳 灰色 均一	5	260.00	1
2426	品牌C 洗面乳 綠色 S	5	270.00	1
2427	品牌C 洗面乳 綠色 M	5	280.00	1
2428	品牌C 洗面乳 綠色 L	5	290.00	1
2429	品牌C 洗面乳 綠色 XL	5	300.00	1
2430	品牌C 洗面乳 綠色 均一	5	310.00	1
2431	品牌C 洗面乳 米色 S	5	320.00	1
2432	品牌C 洗面乳 米色 M	5	330.00	1
2433	品牌C 洗面乳 米色 L	5	340.00	1
2434	品牌C 洗面乳 米色 XL	5	350.00	1
2435	品牌C 洗面乳 米色 均一	5	360.00	1
2436	品牌C 洗面乳 粉色 S	5	370.00	1
2437	品牌C 洗面乳 粉色 M	5	380.00	1
2438	品牌C 洗面乳 粉色 L	5	390.00	1
2439	品牌C 洗面乳 粉色 XL	5	400.00	1
2440	品牌C 洗面乳 粉色 均一	5	410.00	1
2441	品牌C 洗面乳 黃色 S	5	420.00	1
2442	品牌C 洗面乳 黃色 M	5	430.00	1
2443	品牌C 洗面乳 黃色 L	5	440.00	1
2444	品牌C 洗面乳 黃色 XL	5	450.00	1
2445	品牌C 洗面乳 黃色 均一	5	460.00	1
2446	品牌C 洗面乳 紫色 S	5	470.00	1
2447	品牌C 洗面乳 紫色 M	5	480.00	1
2448	品牌C 洗面乳 紫色 L	5	490.00	1
2449	品牌C 洗面乳 紫色 XL	5	500.00	1
2450	品牌C 洗面乳 紫色 均一	5	510.00	0
2451	品牌C 面膜 黑色 S	5	520.00	1
2452	品牌C 面膜 黑色 M	5	530.00	1
2453	品牌C 面膜 黑色 L	5	540.00	1
2454	品牌C 面膜 黑色 XL	5	550.00	1
2455	品牌C 面膜 黑色 均一	5	560.00	1
2456	品牌C 面膜 白色 S	5	570.00	1
2457	品牌C 面膜 白色 M	5	580.00	1
2458	品牌C 面膜 白色 L	5	590.00	1
2459	品牌C 面膜 白色 XL	5	600.00	1
2460	品牌C 面膜 白色 均一	5	610.00	1
2461	品牌C 面膜 藍色 S	5	620.00	1
2462	品牌C 面膜 藍色 M	5	630.00	1
2463	品牌C 面膜 藍色 L	5	640.00	1
2464	品牌C 面膜 藍色 XL	5	650.00	1
2465	品牌C 面膜 藍色 均一	5	660.00	1
2466	品牌C 面膜 紅色 S	5	670.00	1
2467	品牌C 面膜 紅色 M	5	680.00	1
2468	品牌C 面膜 紅色 L	5	690.00	1
2469	品牌C 面膜 紅色 XL	5	700.00	1
2470	品牌C 面膜 紅色 均一	5	710.00	1
2471	品牌C 面膜 灰色 S	5	720.00	1
2472	品牌C 面膜 灰色 M	5	730.00	1
2473	品牌C 面膜 灰色 L	5	740.00	1
2474	品牌C 面膜 灰色 XL	5	750.00	1
2475	品牌C 面膜 灰色 均一	5	760.00	1
2476	品牌C 面膜 綠色 S	5	770.00	1
2477	品牌C 面膜 綠色 M	5	780.00	1
2478	品牌C 面膜 綠色 L	5	790.00	1
2479	品牌C 面膜 綠色 XL	5	800.00	1
2480	品牌C 面膜 綠色 均一	5	810.00	1
2481	品牌C 面膜 米色 S	5	820.00	1
2482	品牌C 面膜 米色 M	5	830.00	1
2483	品牌C 面膜 米色 L	5	840.00	1
2484	品牌C 面膜 米色 XL	5	850.00	1
2485	品牌C 面膜 米色 均一	5	860.00	1
2486	品牌C 面膜 粉色 S	5	870.00	1
2487	品牌C 面膜 粉色 M	5	880.00	1
2488	品牌C 面膜 粉色 L	5	890.00	1
2489	品牌C 面膜 粉色 XL	5	900.00	1
2490	品牌C 面膜 粉色 均一	5	910.00	1
2491	品牌C 面膜 黃色 S	5	920.00	1
2492	品牌C 面膜 黃色 M	5	930.00	1
2493	品牌C 面膜 黃色 L	5	940.00	1
2494	品牌C 面膜 黃色 XL	5	950.00	1
2495	品牌C 面膜 黃色 均一	5	960.00	1
2496	品牌C 面膜 紫色 S	5	970.00	1
2497	品牌C 面膜 紫色 M	5	980.00	1
2498	品牌C 面膜 紫色 L	5	990.00	1
2499	品牌C 面膜 紫色 XL	5	1000.00	1
2500	品牌C 面膜 紫色 均一	5	1010.00	0
2501	品牌C 瑜珈墊 黑色 S	6	1020.00	1
2502	品牌C 瑜珈墊 黑色 M	6	1030.00	1
2503	品牌C 瑜珈墊 黑色 L	6	1040.00	1
2504	品牌C 瑜珈墊 黑色 XL	6	1050.00	1
2505	品牌C 瑜珈墊 黑色 均一	6	1060.00	1
2506	品牌C 瑜珈墊 白色 S	6	1070.00	1
2507	品牌C 瑜珈墊 白色 M	6	1080.00	1
2508	品牌C 瑜珈墊 白色 L	6	1090.00	1
2509	品牌C 瑜珈墊 白色 XL	6	1100.00	1
2510	品牌C 瑜珈墊 白色 均一	6	1110.00	1
2511	品牌C 瑜珈墊 藍色 S	6	1120.00	1
2512	品牌C 瑜珈墊 藍色 M	6	1130.00	1
2513	品牌C 瑜珈墊 藍色 L	6	1140.00	1
2514	品牌C 瑜珈墊 藍色 XL	6	1150.00	1
2515	品牌C 瑜珈墊 藍色 均一	6	1160.00	1
2516	品牌C 瑜珈墊 紅色 S	6	1170.00	1
2517	品牌C 瑜珈墊 紅色 M	6	1180.00	1
2518	品牌C 瑜珈墊 紅色 L	6	1190.00	1
2519	品牌C 瑜珈墊 紅色 XL	6	1200.00	1
2520	品牌C 瑜珈墊 紅色 均一	6	1210.00	1
2521	品牌C 瑜珈墊 灰色 S	6	1220.00	1
2522	品牌C 瑜珈墊 灰色 M	6	1230.00	1
2523	品牌C 瑜珈墊 灰色 L	6	1240.00	1
2524	品牌C 瑜珈墊 灰色 XL	6	1250.00	1
2525	品牌C 瑜珈墊 灰色 均一	6	1260.00	1
2526	品牌C 瑜珈墊 綠色 S	6	1270.00	1
2527	品牌C 瑜珈墊 綠色 M	6	1280.00	1
2528	品牌C 瑜珈墊 綠色 L	6	1290.00	1
2529	品牌C 瑜珈墊 綠色 XL	6	1300.00	1
2530	品牌C 瑜珈墊 綠色 均一	6	1310.00	1
2531	品牌C 瑜珈墊 米色 S	6	1320.00	1
2532	品牌C 瑜珈墊 米色 M	6	1330.00	1
2533	品牌C 瑜珈墊 米色 L	6	1340.00	1
2534	品牌C 瑜珈墊 米色 XL	6	1350.00	1
2535	品牌C 瑜珈墊 米色 均一	6	1360.00	1
2536	品牌C 瑜珈墊 粉色 S	6	1370.00	1
2537	品牌C 瑜珈墊 粉色 M	6	1380.00	1
2538	品牌C 瑜珈墊 粉色 L	6	1390.00	1
2539	品牌C 瑜珈墊 粉色 XL	6	1400.00	1
2540	品牌C 瑜珈墊 粉色 均一	6	1410.00	1
2541	品牌C 瑜珈墊 黃色 S	6	1420.00	1
2542	品牌C 瑜珈墊 黃色 M	6	1430.00	1
2543	品牌C 瑜珈墊 黃色 L	6	1440.00	1
2544	品牌C 瑜珈墊 黃色 XL	6	1450.00	1
2545	品牌C 瑜珈墊 黃色 均一	6	1460.00	1
2546	品牌C 瑜珈墊 紫色 S	6	1470.00	1
2547	品牌C 瑜珈墊 紫色 M	6	1480.00	1
2548	品牌C 瑜珈墊 紫色 L	6	1490.00	1
2549	品牌C 瑜珈墊 紫色 XL	6	1500.00	1
2550	品牌C 瑜珈墊 紫色 均一	6	1510.00	0
2551	品牌C 啞鈴 黑色 S	6	1520.00	1
2552	品牌C 啞鈴 黑色 M	6	1530.00	1
2553	品牌C 啞鈴 黑色 L	6	1540.00	1
2554	品牌C 啞鈴 黑色 XL	6	1550.00	1
2555	品牌C 啞鈴 黑色 均一	6	1560.00	1
2556	品牌C 啞鈴 白色 S	6	1570.00	1
2557	品牌C 啞鈴 白色 M	6	1580.00	1
2558	品牌C 啞鈴 白色 L	6	1590.00	1
2559	品牌C 啞鈴 白色 XL	6	1600.00	1
2560	品牌C 啞鈴 白色 均一	6	1610.00	1
2561	品牌C 啞鈴 藍色 S	6	1620.00	1
2562	品牌C 啞鈴 藍色 M	6	1630.00	1
2563	品牌C 啞鈴 藍色 L	6	1640.00	1
2564	品牌C 啞鈴 藍色 XL	6	1650.00	1
2565	品牌C 啞鈴 藍色 均一	6	1660.00	1
2566	品牌C 啞鈴 紅色 S	6	1670.00	1
2567	品牌C 啞鈴 紅色 M	6	1680.00	1
2568	品牌C 啞鈴 紅色 L	6	1690.00	1
2569	品牌C 啞鈴 紅色 XL	6	1700.00	1
2570	品牌C 啞鈴 紅色 均一	6	1710.00	1
2571	品牌C 啞鈴 灰色 S	6	1720.00	1
2572	品牌C 啞鈴 灰色 M	6	1730.00	1
2573	品牌C 啞鈴 灰色 L	6	1740.00	1
2574	品牌C 啞鈴 灰色 XL	6	1750.00	1
2575	品牌C 啞鈴 灰色 均一	6	1760.00	1
2576	品牌C 啞鈴 綠色 S	6	1770.00	1
2577	品牌C 啞鈴 綠色 M	6	1780.00	1
2578	品牌C 啞鈴 綠色 L	6	1790.00	1
2579	品牌C 啞鈴 綠色 XL	6	1800.00	1
2580	品牌C 啞鈴 綠色 均一	6	1810.00	1
2581	品牌C 啞鈴 米色 S	6	1820.00	1
2582	品牌C 啞鈴 米色 M	6	1830.00	1
2583	品牌C 啞鈴 米色 L	6	1840.00	1
2584	品牌C 啞鈴 米色 XL	6	1850.00	1
2585	品牌C 啞鈴 米色 均一	6	1860.00	1
2586	品牌C 啞鈴 粉色 S	6	1870.00	1
2587	品牌C 啞鈴 粉色 M	6	1880.00	1
2588	品牌C 啞鈴 粉色 L	6	1890.00	1
2589	品牌C 啞鈴 粉色 XL	6	1900.00	1
2590	品牌C 啞鈴 粉色 均一	6	1910.00	1
2591	品牌C 啞鈴 黃色 S	6	1920.00	1
2592	品牌C 啞鈴 黃色 M	6	1930.00	1
2593	品牌C 啞鈴 黃色 L	6	1940.00	1
2594	品牌C 啞鈴 黃色 XL	6	1950.00	1
2595	品牌C 啞鈴 黃色 均一	6	1960.00	1
2596	品牌C 啞鈴 紫色 S	6	1970.00	1
2597	品牌C 啞鈴 紫色 M	6	1980.00	1
2598	品牌C 啞鈴 紫色 L	6	1990.00	1
2599	品牌C 啞鈴 紫色 XL	6	2000.00	1
2600	品牌C 啞鈴 紫色 均一	6	10.00	0
2601	品牌C 筆記本 黑色 S	7	20.00	1
2602	品牌C 筆記本 黑色 M	7	30.00	1
2603	品牌C 筆記本 黑色 L	7	40.00	1
2604	品牌C 筆記本 黑色 XL	7	50.00	1
2605	品牌C 筆記本 黑色 均一	7	60.00	1
2606	品牌C 筆記本 白色 S	7	70.00	1
2607	品牌C 筆記本 白色 M	7	80.00	1
2608	品牌C 筆記本 白色 L	7	90.00	1
2609	品牌C 筆記本 白色 XL	7	100.00	1
2610	品牌C 筆記本 白色 均一	7	110.00	1
2611	品牌C 筆記本 藍色 S	7	120.00	1
2612	品牌C 筆記本 藍色 M	7	130.00	1
2613	品牌C 筆記本 藍色 L	7	140.00	1
2614	品牌C 筆記本 藍色 XL	7	150.00	1
2615	品牌C 筆記本 藍色 均一	7	160.00	1
2616	品牌C 筆記本 紅色 S	7	170.00	1
2617	品牌C 筆記本 紅色 M	7	180.00	1
2618	品牌C 筆記本 紅色 L	7	190.00	1
2619	品牌C 筆記本 紅色 XL	7	200.00	1
2620	品牌C 筆記本 紅色 均一	7	210.00	1
2621	品牌C 筆記本 灰色 S	7	220.00	1
2622	品牌C 筆記本 灰色 M	7	230.00	1
2623	品牌C 筆記本 灰色 L	7	240.00	1
2624	品牌C 筆記本 灰色 XL	7	250.00	1
2625	品牌C 筆記本 灰色 均一	7	260.00	1
2626	品牌C 筆記本 綠色 S	7	270.00	1
2627	品牌C 筆記本 綠色 M	7	280.00	1
2628	品牌C 筆記本 綠色 L	7	290.00	1
2629	品牌C 筆記本 綠色 XL	7	300.00	1
2630	品牌C 筆記本 綠色 均一	7	310.00	1
2631	品牌C 筆記本 米色 S	7	320.00	1
2632	品牌C 筆記本 米色 M	7	330.00	1
2633	品牌C 筆記本 米色 L	7	340.00	1
2634	品牌C 筆記本 米色 XL	7	350.00	1
2635	品牌C 筆記本 米色 均一	7	360.00	1
2636	品牌C 筆記本 粉色 S	7	370.00	1
2637	品牌C 筆記本 粉色 M	7	380.00	1
2638	品牌C 筆記本 粉色 L	7	390.00	1
2639	品牌C 筆記本 粉色 XL	7	400.00	1
2640	品牌C 筆記本 粉色 均一	7	410.00	1
2641	品牌C 筆記本 黃色 S	7	420.00	1
2642	品牌C 筆記本 黃色 M	7	430.00	1
2643	品牌C 筆記本 黃色 L	7	440.00	1
2644	品牌C 筆記本 黃色 XL	7	450.00	1
2645	品牌C 筆記本 黃色 均一	7	460.00	1
2646	品牌C 筆記本 紫色 S	7	470.00	1
2647	品牌C 筆記本 紫色 M	7	480.00	1
2648	品牌C 筆記本 紫色 L	7	490.00	1
2649	品牌C 筆記本 紫色 XL	7	500.00	1
2650	品牌C 筆記本 紫色 均一	7	510.00	0
2651	品牌C 原子筆 黑色 S	7	520.00	1
2652	品牌C 原子筆 黑色 M	7	530.00	1
2653	品牌C 原子筆 黑色 L	7	540.00	1
2654	品牌C 原子筆 黑色 XL	7	550.00	1
2655	品牌C 原子筆 黑色 均一	7	560.00	1
2656	品牌C 原子筆 白色 S	7	570.00	1
2657	品牌C 原子筆 白色 M	7	580.00	1
2658	品牌C 原子筆 白色 L	7	590.00	1
2659	品牌C 原子筆 白色 XL	7	600.00	1
2660	品牌C 原子筆 白色 均一	7	610.00	1
2661	品牌C 原子筆 藍色 S	7	620.00	1
2662	品牌C 原子筆 藍色 M	7	630.00	1
2663	品牌C 原子筆 藍色 L	7	640.00	1
2664	品牌C 原子筆 藍色 XL	7	650.00	1
2665	品牌C 原子筆 藍色 均一	7	660.00	1
2666	品牌C 原子筆 紅色 S	7	670.00	1
2667	品牌C 原子筆 紅色 M	7	680.00	1
2668	品牌C 原子筆 紅色 L	7	690.00	1
2669	品牌C 原子筆 紅色 XL	7	700.00	1
2670	品牌C 原子筆 紅色 均一	7	710.00	1
2671	品牌C 原子筆 灰色 S	7	720.00	1
2672	品牌C 原子筆 灰色 M	7	730.00	1
2673	品牌C 原子筆 灰色 L	7	740.00	1
2674	品牌C 原子筆 灰色 XL	7	750.00	1
2675	品牌C 原子筆 灰色 均一	7	760.00	1
2676	品牌C 原子筆 綠色 S	7	770.00	1
2677	品牌C 原子筆 綠色 M	7	780.00	1
2678	品牌C 原子筆 綠色 L	7	790.00	1
2679	品牌C 原子筆 綠色 XL	7	800.00	1
2680	品牌C 原子筆 綠色 均一	7	810.00	1
2681	品牌C 原子筆 米色 S	7	820.00	1
2682	品牌C 原子筆 米色 M	7	830.00	1
2683	品牌C 原子筆 米色 L	7	840.00	1
2684	品牌C 原子筆 米色 XL	7	850.00	1
2685	品牌C 原子筆 米色 均一	7	860.00	1
2686	品牌C 原子筆 粉色 S	7	870.00	1
2687	品牌C 原子筆 粉色 M	7	880.00	1
2688	品牌C 原子筆 粉色 L	7	890.00	1
2689	品牌C 原子筆 粉色 XL	7	900.00	1
2690	品牌C 原子筆 粉色 均一	7	910.00	1
2691	品牌C 原子筆 黃色 S	7	920.00	1
2692	品牌C 原子筆 黃色 M	7	930.00	1
2693	品牌C 原子筆 黃色 L	7	940.00	1
2694	品牌C 原子筆 黃色 XL	7	950.00	1
2695	品牌C 原子筆 黃色 均一	7	960.00	1
2696	品牌C 原子筆 紫色 S	7	970.00	1
2697	品牌C 原子筆 紫色 M	7	980.00	1
2698	品牌C 原子筆 紫色 L	7	990.00	1
2699	品牌C 原子筆 紫色 XL	7	1000.00	1
2700	品牌C 原子筆 紫色 均一	7	1010.00	0
2701	品牌C 貓砂 黑色 S	8	1020.00	1
2702	品牌C 貓砂 黑色 M	8	1030.00	1
2703	品牌C 貓砂 黑色 L	8	1040.00	1
2704	品牌C 貓砂 黑色 XL	8	1050.00	1
2705	品牌C 貓砂 黑色 均一	8	1060.00	1
2706	品牌C 貓砂 白色 S	8	1070.00	1
2707	品牌C 貓砂 白色 M	8	1080.00	1
2708	品牌C 貓砂 白色 L	8	1090.00	1
2709	品牌C 貓砂 白色 XL	8	1100.00	1
2710	品牌C 貓砂 白色 均一	8	1110.00	1
2711	品牌C 貓砂 藍色 S	8	1120.00	1
2712	品牌C 貓砂 藍色 M	8	1130.00	1
2713	品牌C 貓砂 藍色 L	8	1140.00	1
2714	品牌C 貓砂 藍色 XL	8	1150.00	1
2715	品牌C 貓砂 藍色 均一	8	1160.00	1
2716	品牌C 貓砂 紅色 S	8	1170.00	1
2717	品牌C 貓砂 紅色 M	8	1180.00	1
2718	品牌C 貓砂 紅色 L	8	1190.00	1
2719	品牌C 貓砂 紅色 XL	8	1200.00	1
2720	品牌C 貓砂 紅色 均一	8	1210.00	1
2721	品牌C 貓砂 灰色 S	8	1220.00	1
2722	品牌C 貓砂 灰色 M	8	1230.00	1
2723	品牌C 貓砂 灰色 L	8	1240.00	1
2724	品牌C 貓砂 灰色 XL	8	1250.00	1
2725	品牌C 貓砂 灰色 均一	8	1260.00	1
2726	品牌C 貓砂 綠色 S	8	1270.00	1
2727	品牌C 貓砂 綠色 M	8	1280.00	1
2728	品牌C 貓砂 綠色 L	8	1290.00	1
2729	品牌C 貓砂 綠色 XL	8	1300.00	1
2730	品牌C 貓砂 綠色 均一	8	1310.00	1
2731	品牌C 貓砂 米色 S	8	1320.00	1
2732	品牌C 貓砂 米色 M	8	1330.00	1
2733	品牌C 貓砂 米色 L	8	1340.00	1
2734	品牌C 貓砂 米色 XL	8	1350.00	1
2735	品牌C 貓砂 米色 均一	8	1360.00	1
2736	品牌C 貓砂 粉色 S	8	1370.00	1
2737	品牌C 貓砂 粉色 M	8	1380.00	1
2738	品牌C 貓砂 粉色 L	8	1390.00	1
2739	品牌C 貓砂 粉色 XL	8	1400.00	1
2740	品牌C 貓砂 粉色 均一	8	1410.00	1
2741	品牌C 貓砂 黃色 S	8	1420.00	1
2742	品牌C 貓砂 黃色 M	8	1430.00	1
2743	品牌C 貓砂 黃色 L	8	1440.00	1
2744	品牌C 貓砂 黃色 XL	8	1450.00	1
2745	品牌C 貓砂 黃色 均一	8	1460.00	1
2746	品牌C 貓砂 紫色 S	8	1470.00	1
2747	品牌C 貓砂 紫色 M	8	1480.00	1
2748	品牌C 貓砂 紫色 L	8	1490.00	1
2749	品牌C 貓砂 紫色 XL	8	1500.00	1
2750	品牌C 貓砂 紫色 均一	8	1510.00	0
2751	品牌C 狗零食 黑色 S	8	1520.00	1
2752	品牌C 狗零食 黑色 M	8	1530.00	1
2753	品牌C 狗零食 黑色 L	8	1540.00	1
2754	品牌C 狗零食 黑色 XL	8	1550.00	1
2755	品牌C 狗零食 黑色 均一	8	1560.00	1
2756	品牌C 狗零食 白色 S	8	1570.00	1
2757	品牌C 狗零食 白色 M	8	1580.00	1
2758	品牌C 狗零食 白色 L	8	1590.00	1
2759	品牌C 狗零食 白色 XL	8	1600.00	1
2760	品牌C 狗零食 白色 均一	8	1610.00	1
2761	品牌C 狗零食 藍色 S	8	1620.00	1
2762	品牌C 狗零食 藍色 M	8	1630.00	1
2763	品牌C 狗零食 藍色 L	8	1640.00	1
2764	品牌C 狗零食 藍色 XL	8	1650.00	1
2765	品牌C 狗零食 藍色 均一	8	1660.00	1
2766	品牌C 狗零食 紅色 S	8	1670.00	1
2767	品牌C 狗零食 紅色 M	8	1680.00	1
2768	品牌C 狗零食 紅色 L	8	1690.00	1
2769	品牌C 狗零食 紅色 XL	8	1700.00	1
2770	品牌C 狗零食 紅色 均一	8	1710.00	1
2771	品牌C 狗零食 灰色 S	8	1720.00	1
2772	品牌C 狗零食 灰色 M	8	1730.00	1
2773	品牌C 狗零食 灰色 L	8	1740.00	1
2774	品牌C 狗零食 灰色 XL	8	1750.00	1
2775	品牌C 狗零食 灰色 均一	8	1760.00	1
2776	品牌C 狗零食 綠色 S	8	1770.00	1
2777	品牌C 狗零食 綠色 M	8	1780.00	1
2778	品牌C 狗零食 綠色 L	8	1790.00	1
2779	品牌C 狗零食 綠色 XL	8	1800.00	1
2780	品牌C 狗零食 綠色 均一	8	1810.00	1
2781	品牌C 狗零食 米色 S	8	1820.00	1
2782	品牌C 狗零食 米色 M	8	1830.00	1
2783	品牌C 狗零食 米色 L	8	1840.00	1
2784	品牌C 狗零食 米色 XL	8	1850.00	1
2785	品牌C 狗零食 米色 均一	8	1860.00	1
2786	品牌C 狗零食 粉色 S	8	1870.00	1
2787	品牌C 狗零食 粉色 M	8	1880.00	1
2788	品牌C 狗零食 粉色 L	8	1890.00	1
2789	品牌C 狗零食 粉色 XL	8	1900.00	1
2790	品牌C 狗零食 粉色 均一	8	1910.00	1
2791	品牌C 狗零食 黃色 S	8	1920.00	1
2792	品牌C 狗零食 黃色 M	8	1930.00	1
2793	品牌C 狗零食 黃色 L	8	1940.00	1
2794	品牌C 狗零食 黃色 XL	8	1950.00	1
2795	品牌C 狗零食 黃色 均一	8	1960.00	1
2796	品牌C 狗零食 紫色 S	8	1970.00	1
2797	品牌C 狗零食 紫色 M	8	1980.00	1
2798	品牌C 狗零食 紫色 L	8	1990.00	1
2799	品牌C 狗零食 紫色 XL	8	2000.00	1
2800	品牌C 狗零食 紫色 均一	8	10.00	0
2801	品牌C 小說 黑色 S	9	20.00	1
2802	品牌C 小說 黑色 M	9	30.00	1
2803	品牌C 小說 黑色 L	9	40.00	1
2804	品牌C 小說 黑色 XL	9	50.00	1
2805	品牌C 小說 黑色 均一	9	60.00	1
2806	品牌C 小說 白色 S	9	70.00	1
2807	品牌C 小說 白色 M	9	80.00	1
2808	品牌C 小說 白色 L	9	90.00	1
2809	品牌C 小說 白色 XL	9	100.00	1
2810	品牌C 小說 白色 均一	9	110.00	1
2811	品牌C 小說 藍色 S	9	120.00	1
2812	品牌C 小說 藍色 M	9	130.00	1
2813	品牌C 小說 藍色 L	9	140.00	1
2814	品牌C 小說 藍色 XL	9	150.00	1
2815	品牌C 小說 藍色 均一	9	160.00	1
2816	品牌C 小說 紅色 S	9	170.00	1
2817	品牌C 小說 紅色 M	9	180.00	1
2818	品牌C 小說 紅色 L	9	190.00	1
2819	品牌C 小說 紅色 XL	9	200.00	1
2820	品牌C 小說 紅色 均一	9	210.00	1
2821	品牌C 小說 灰色 S	9	220.00	1
2822	品牌C 小說 灰色 M	9	230.00	1
2823	品牌C 小說 灰色 L	9	240.00	1
2824	品牌C 小說 灰色 XL	9	250.00	1
2825	品牌C 小說 灰色 均一	9	260.00	1
2826	品牌C 小說 綠色 S	9	270.00	1
2827	品牌C 小說 綠色 M	9	280.00	1
2828	品牌C 小說 綠色 L	9	290.00	1
2829	品牌C 小說 綠色 XL	9	300.00	1
2830	品牌C 小說 綠色 均一	9	310.00	1
2831	品牌C 小說 米色 S	9	320.00	1
2832	品牌C 小說 米色 M	9	330.00	1
2833	品牌C 小說 米色 L	9	340.00	1
2834	品牌C 小說 米色 XL	9	350.00	1
2835	品牌C 小說 米色 均一	9	360.00	1
2836	品牌C 小說 粉色 S	9	370.00	1
2837	品牌C 小說 粉色 M	9	380.00	1
2838	品牌C 小說 粉色 L	9	390.00	1
2839	品牌C 小說 粉色 XL	9	400.00	1
2840	品牌C 小說 粉色 均一	9	410.00	1
2841	品牌C 小說 黃色 S	9	420.00	1
2842	品牌C 小說 黃色 M	9	430.00	1
2843	品牌C 小說 黃色 L	9	440.00	1
2844	品牌C 小說 黃色 XL	9	450.00	1
2845	品牌C 小說 黃色 均一	9	460.00	1
2846	品牌C 小說 紫色 S	9	470.00	1
2847	品牌C 小說 紫色 M	9	480.00	1
2848	品牌C 小說 紫色 L	9	490.00	1
2849	品牌C 小說 紫色 XL	9	500.00	1
2850	品牌C 小說 紫色 均一	9	510.00	0
2851	品牌C 食譜 黑色 S	9	520.00	1
2852	品牌C 食譜 黑色 M	9	530.00	1
2853	品牌C 食譜 黑色 L	9	540.00	1
2854	品牌C 食譜 黑色 XL	9	550.00	1
2855	品牌C 食譜 黑色 均一	9	560.00	1
2856	品牌C 食譜 白色 S	9	570.00	1
2857	品牌C 食譜 白色 M	9	580.00	1
2858	品牌C 食譜 白色 L	9	590.00	1
2859	品牌C 食譜 白色 XL	9	600.00	1
2860	品牌C 食譜 白色 均一	9	610.00	1
2861	品牌C 食譜 藍色 S	9	620.00	1
2862	品牌C 食譜 藍色 M	9	630.00	1
2863	品牌C 食譜 藍色 L	9	640.00	1
2864	品牌C 食譜 藍色 XL	9	650.00	1
2865	品牌C 食譜 藍色 均一	9	660.00	1
2866	品牌C 食譜 紅色 S	9	670.00	1
2867	品牌C 食譜 紅色 M	9	680.00	1
2868	品牌C 食譜 紅色 L	9	690.00	1
2869	品牌C 食譜 紅色 XL	9	700.00	1
2870	品牌C 食譜 紅色 均一	9	710.00	1
2871	品牌C 食譜 灰色 S	9	720.00	1
2872	品牌C 食譜 灰色 M	9	730.00	1
2873	品牌C 食譜 灰色 L	9	740.00	1
2874	品牌C 食譜 灰色 XL	9	750.00	1
2875	品牌C 食譜 灰色 均一	9	760.00	1
2876	品牌C 食譜 綠色 S	9	770.00	1
2877	品牌C 食譜 綠色 M	9	780.00	1
2878	品牌C 食譜 綠色 L	9	790.00	1
2879	品牌C 食譜 綠色 XL	9	800.00	1
2880	品牌C 食譜 綠色 均一	9	810.00	1
2881	品牌C 食譜 米色 S	9	820.00	1
2882	品牌C 食譜 米色 M	9	830.00	1
2883	品牌C 食譜 米色 L	9	840.00	1
2884	品牌C 食譜 米色 XL	9	850.00	1
2885	品牌C 食譜 米色 均一	9	860.00	1
2886	品牌C 食譜 粉色 S	9	870.00	1
2887	品牌C 食譜 粉色 M	9	880.00	1
2888	品牌C 食譜 粉色 L	9	890.00	1
2889	品牌C 食譜 粉色 XL	9	900.00	1
2890	品牌C 食譜 粉色 均一	9	910.00	1
2891	品牌C 食譜 黃色 S	9	920.00	1
2892	品牌C 食譜 黃色 M	9	930.00	1
2893	品牌C 食譜 黃色 L	9	940.00	1
2894	品牌C 食譜 黃色 XL	9	950.00	1
2895	品牌C 食譜 黃色 均一	9	960.00	1
2896	品牌C 食譜 紫色 S	9	970.00	1
2897	品牌C 食譜 紫色 M	9	980.00	1
2898	品牌C 食譜 紫色 L	9	990.00	1
2899	品牌C 食譜 紫色 XL	9	1000.00	1
2900	品牌C 食譜 紫色 均一	9	1010.00	0
2901	品牌C 禮物卡 黑色 S	10	1020.00	1
2902	品牌C 禮物卡 黑色 M	10	1030.00	1
2903	品牌C 禮物卡 黑色 L	10	1040.00	1
2904	品牌C 禮物卡 黑色 XL	10	1050.00	1
2905	品牌C 禮物卡 黑色 均一	10	1060.00	1
2906	品牌C 禮物卡 白色 S	10	1070.00	1
2907	品牌C 禮物卡 白色 M	10	1080.00	1
2908	品牌C 禮物卡 白色 L	10	1090.00	1
2909	品牌C 禮物卡 白色 XL	10	1100.00	1
2910	品牌C 禮物卡 白色 均一	10	1110.00	1
2911	品牌C 禮物卡 藍色 S	10	1120.00	1
2912	品牌C 禮物卡 藍色 M	10	1130.00	1
2913	品牌C 禮物卡 藍色 L	10	1140.00	1
2914	品牌C 禮物卡 藍色 XL	10	1150.00	1
2915	品牌C 禮物卡 藍色 均一	10	1160.00	1
2916	品牌C 禮物卡 紅色 S	10	1170.00	1
2917	品牌C 禮物卡 紅色 M	10	1180.00	1
2918	品牌C 禮物卡 紅色 L	10	1190.00	1
2919	品牌C 禮物卡 紅色 XL	10	1200.00	1
2920	品牌C 禮物卡 紅色 均一	10	1210.00	1
2921	品牌C 禮物卡 灰色 S	10	1220.00	1
2922	品牌C 禮物卡 灰色 M	10	1230.00	1
2923	品牌C 禮物卡 灰色 L	10	1240.00	1
2924	品牌C 禮物卡 灰色 XL	10	1250.00	1
2925	品牌C 禮物卡 灰色 均一	10	1260.00	1
2926	品牌C 禮物卡 綠色 S	10	1270.00	1
2927	品牌C 禮物卡 綠色 M	10	1280.00	1
2928	品牌C 禮物卡 綠色 L	10	1290.00	1
2929	品牌C 禮物卡 綠色 XL	10	1300.00	1
2930	品牌C 禮物卡 綠色 均一	10	1310.00	1
2931	品牌C 禮物卡 米色 S	10	1320.00	1
2932	品牌C 禮物卡 米色 M	10	1330.00	1
2933	品牌C 禮物卡 米色 L	10	1340.00	1
2934	品牌C 禮物卡 米色 XL	10	1350.00	1
2935	品牌C 禮物卡 米色 均一	10	1360.00	1
2936	品牌C 禮物卡 粉色 S	10	1370.00	1
2937	品牌C 禮物卡 粉色 M	10	1380.00	1
2938	品牌C 禮物卡 粉色 L	10	1390.00	1
2939	品牌C 禮物卡 粉色 XL	10	1400.00	1
2940	品牌C 禮物卡 粉色 均一	10	1410.00	1
2941	品牌C 禮物卡 黃色 S	10	1420.00	1
2942	品牌C 禮物卡 黃色 M	10	1430.00	1
2943	品牌C 禮物卡 黃色 L	10	1440.00	1
2944	品牌C 禮物卡 黃色 XL	10	1450.00	1
2945	品牌C 禮物卡 黃色 均一	10	1460.00	1
2946	品牌C 禮物卡 紫色 S	10	1470.00	1
2947	品牌C 禮物卡 紫色 M	10	1480.00	1
2948	品牌C 禮物卡 紫色 L	10	1490.00	1
2949	品牌C 禮物卡 紫色 XL	10	1500.00	1
2950	品牌C 禮物卡 紫色 均一	10	1510.00	0
2951	品牌C 收納袋 黑色 S	10	1520.00	1
2952	品牌C 收納袋 黑色 M	10	1530.00	1
2953	品牌C 收納袋 黑色 L	10	1540.00	1
2954	品牌C 收納袋 黑色 XL	10	1550.00	1
2955	品牌C 收納袋 黑色 均一	10	1560.00	1
2956	品牌C 收納袋 白色 S	10	1570.00	1
2957	品牌C 收納袋 白色 M	10	1580.00	1
2958	品牌C 收納袋 白色 L	10	1590.00	1
2959	品牌C 收納袋 白色 XL	10	1600.00	1
2960	品牌C 收納袋 白色 均一	10	1610.00	1
2961	品牌C 收納袋 藍色 S	10	1620.00	1
2962	品牌C 收納袋 藍色 M	10	1630.00	1
2963	品牌C 收納袋 藍色 L	10	1640.00	1
2964	品牌C 收納袋 藍色 XL	10	1650.00	1
2965	品牌C 收納袋 藍色 均一	10	1660.00	1
2966	品牌C 收納袋 紅色 S	10	1670.00	1
2967	品牌C 收納袋 紅色 M	10	1680.00	1
2968	品牌C 收納袋 紅色 L	10	1690.00	1
2969	品牌C 收納袋 紅色 XL	10	1700.00	1
2970	品牌C 收納袋 紅色 均一	10	1710.00	1
2971	品牌C 收納袋 灰色 S	10	1720.00	1
2972	品牌C 收納袋 灰色 M	10	1730.00	1
2973	品牌C 收納袋 灰色 L	10	1740.00	1
2974	品牌C 收納袋 灰色 XL	10	1750.00	1
2975	品牌C 收納袋 灰色 均一	10	1760.00	1
2976	品牌C 收納袋 綠色 S	10	1770.00	1
2977	品牌C 收納袋 綠色 M	10	1780.00	1
2978	品牌C 收納袋 綠色 L	10	1790.00	1
2979	品牌C 收納袋 綠色 XL	10	1800.00	1
2980	品牌C 收納袋 綠色 均一	10	1810.00	1
2981	品牌C 收納袋 米色 S	10	1820.00	1
2982	品牌C 收納袋 米色 M	10	1830.00	1
2983	品牌C 收納袋 米色 L	10	1840.00	1
2984	品牌C 收納袋 米色 XL	10	1850.00	1
2985	品牌C 收納袋 米色 均一	10	1860.00	1
2986	品牌C 收納袋 粉色 S	10	1870.00	1
2987	品牌C 收納袋 粉色 M	10	1880.00	1
2988	品牌C 收納袋 粉色 L	10	1890.00	1
2989	品牌C 收納袋 粉色 XL	10	1900.00	1
2990	品牌C 收納袋 粉色 均一	10	1910.00	1
2991	品牌C 收納袋 黃色 S	10	1920.00	1
2992	品牌C 收納袋 黃色 M	10	1930.00	1
2993	品牌C 收納袋 黃色 L	10	1940.00	1
2994	品牌C 收納袋 黃色 XL	10	1950.00	1
2995	品牌C 收納袋 黃色 均一	10	1960.00	1
2996	品牌C 收納袋 紫色 S	10	1970.00	1
2997	品牌C 收納袋 紫色 M	10	1980.00	1
2998	品牌C 收納袋 紫色 L	10	1990.00	1
2999	品牌C 收納袋 紫色 XL	10	2000.00	1
3000	品牌C 收納袋 紫色 均一	10	10.00	0
3001	品牌D T恤 黑色 S	1	20.00	1
3002	品牌D T恤 黑色 M	1	30.00	1
3003	品牌D T恤 黑色 L	1	40.00	1
3004	品牌D T恤 黑色 XL	1	50.00	1
3005	品牌D T恤 黑色 均一	1	60.00	1
3006	品牌D T恤 白色 S	1	70.00	1
3007	品牌D T恤 白色 M	1	80.00	1
3008	品牌D T恤 白色 L	1	90.00	1
3009	品牌D T恤 白色 XL	1	100.00	1
3010	品牌D T恤 白色 均一	1	110.00	1
3011	品牌D T恤 藍色 S	1	120.00	1
3012	品牌D T恤 藍色 M	1	130.00	1
3013	品牌D T恤 藍色 L	1	140.00	1
3014	品牌D T恤 藍色 XL	1	150.00	1
3015	品牌D T恤 藍色 均一	1	160.00	1
3016	品牌D T恤 紅色 S	1	170.00	1
3017	品牌D T恤 紅色 M	1	180.00	1
3018	品牌D T恤 紅色 L	1	190.00	1
3019	品牌D T恤 紅色 XL	1	200.00	1
3020	品牌D T恤 紅色 均一	1	210.00	1
3021	品牌D T恤 灰色 S	1	220.00	1
3022	品牌D T恤 灰色 M	1	230.00	1
3023	品牌D T恤 灰色 L	1	240.00	1
3024	品牌D T恤 灰色 XL	1	250.00	1
3025	品牌D T恤 灰色 均一	1	260.00	1
3026	品牌D T恤 綠色 S	1	270.00	1
3027	品牌D T恤 綠色 M	1	280.00	1
3028	品牌D T恤 綠色 L	1	290.00	1
3029	品牌D T恤 綠色 XL	1	300.00	1
3030	品牌D T恤 綠色 均一	1	310.00	1
3031	品牌D T恤 米色 S	1	320.00	1
3032	品牌D T恤 米色 M	1	330.00	1
3033	品牌D T恤 米色 L	1	340.00	1
3034	品牌D T恤 米色 XL	1	350.00	1
3035	品牌D T恤 米色 均一	1	360.00	1
3036	品牌D T恤 粉色 S	1	370.00	1
3037	品牌D T恤 粉色 M	1	380.00	1
3038	品牌D T恤 粉色 L	1	390.00	1
3039	品牌D T恤 粉色 XL	1	400.00	1
3040	品牌D T恤 粉色 均一	1	410.00	1
3041	品牌D T恤 黃色 S	1	420.00	1
3042	品牌D T恤 黃色 M	1	430.00	1
3043	品牌D T恤 黃色 L	1	440.00	1
3044	品牌D T恤 黃色 XL	1	450.00	1
3045	品牌D T恤 黃色 均一	1	460.00	1
3046	品牌D T恤 紫色 S	1	470.00	1
3047	品牌D T恤 紫色 M	1	480.00	1
3048	品牌D T恤 紫色 L	1	490.00	1
3049	品牌D T恤 紫色 XL	1	500.00	1
3050	品牌D T恤 紫色 均一	1	510.00	0
3051	品牌D 外套 黑色 S	1	520.00	1
3052	品牌D 外套 黑色 M	1	530.00	1
3053	品牌D 外套 黑色 L	1	540.00	1
3054	品牌D 外套 黑色 XL	1	550.00	1
3055	品牌D 外套 黑色 均一	1	560.00	1
3056	品牌D 外套 白色 S	1	570.00	1
3057	品牌D 外套 白色 M	1	580.00	1
3058	品牌D 外套 白色 L	1	590.00	1
3059	品牌D 外套 白色 XL	1	600.00	1
3060	品牌D 外套 白色 均一	1	610.00	1
3061	品牌D 外套 藍色 S	1	620.00	1
3062	品牌D 外套 藍色 M	1	630.00	1
3063	品牌D 外套 藍色 L	1	640.00	1
3064	品牌D 外套 藍色 XL	1	650.00	1
3065	品牌D 外套 藍色 均一	1	660.00	1
3066	品牌D 外套 紅色 S	1	670.00	1
3067	品牌D 外套 紅色 M	1	680.00	1
3068	品牌D 外套 紅色 L	1	690.00	1
3069	品牌D 外套 紅色 XL	1	700.00	1
3070	品牌D 外套 紅色 均一	1	710.00	1
3071	品牌D 外套 灰色 S	1	720.00	1
3072	品牌D 外套 灰色 M	1	730.00	1
3073	品牌D 外套 灰色 L	1	740.00	1
3074	品牌D 外套 灰色 XL	1	750.00	1
3075	品牌D 外套 灰色 均一	1	760.00	1
3076	品牌D 外套 綠色 S	1	770.00	1
3077	品牌D 外套 綠色 M	1	780.00	1
3078	品牌D 外套 綠色 L	1	790.00	1
3079	品牌D 外套 綠色 XL	1	800.00	1
3080	品牌D 外套 綠色 均一	1	810.00	1
3081	品牌D 外套 米色 S	1	820.00	1
3082	品牌D 外套 米色 M	1	830.00	1
3083	品牌D 外套 米色 L	1	840.00	1
3084	品牌D 外套 米色 XL	1	850.00	1
3085	品牌D 外套 米色 均一	1	860.00	1
3086	品牌D 外套 粉色 S	1	870.00	1
3087	品牌D 外套 粉色 M	1	880.00	1
3088	品牌D 外套 粉色 L	1	890.00	1
3089	品牌D 外套 粉色 XL	1	900.00	1
3090	品牌D 外套 粉色 均一	1	910.00	1
3091	品牌D 外套 黃色 S	1	920.00	1
3092	品牌D 外套 黃色 M	1	930.00	1
3093	品牌D 外套 黃色 L	1	940.00	1
3094	品牌D 外套 黃色 XL	1	950.00	1
3095	品牌D 外套 黃色 均一	1	960.00	1
3096	品牌D 外套 紫色 S	1	970.00	1
3097	品牌D 外套 紫色 M	1	980.00	1
3098	品牌D 外套 紫色 L	1	990.00	1
3099	品牌D 外套 紫色 XL	1	1000.00	1
3100	品牌D 外套 紫色 均一	1	1010.00	0
3101	品牌D 無線耳機 黑色 S	2	1020.00	1
3102	品牌D 無線耳機 黑色 M	2	1030.00	1
3103	品牌D 無線耳機 黑色 L	2	1040.00	1
3104	品牌D 無線耳機 黑色 XL	2	1050.00	1
3105	品牌D 無線耳機 黑色 均一	2	1060.00	1
3106	品牌D 無線耳機 白色 S	2	1070.00	1
3107	品牌D 無線耳機 白色 M	2	1080.00	1
3108	品牌D 無線耳機 白色 L	2	1090.00	1
3109	品牌D 無線耳機 白色 XL	2	1100.00	1
3110	品牌D 無線耳機 白色 均一	2	1110.00	1
3111	品牌D 無線耳機 藍色 S	2	1120.00	1
3112	品牌D 無線耳機 藍色 M	2	1130.00	1
3113	品牌D 無線耳機 藍色 L	2	1140.00	1
3114	品牌D 無線耳機 藍色 XL	2	1150.00	1
3115	品牌D 無線耳機 藍色 均一	2	1160.00	1
3116	品牌D 無線耳機 紅色 S	2	1170.00	1
3117	品牌D 無線耳機 紅色 M	2	1180.00	1
3118	品牌D 無線耳機 紅色 L	2	1190.00	1
3119	品牌D 無線耳機 紅色 XL	2	1200.00	1
3120	品牌D 無線耳機 紅色 均一	2	1210.00	1
3121	品牌D 無線耳機 灰色 S	2	1220.00	1
3122	品牌D 無線耳機 灰色 M	2	1230.00	1
3123	品牌D 無線耳機 灰色 L	2	1240.00	1
3124	品牌D 無線耳機 灰色 XL	2	1250.00	1
3125	品牌D 無線耳機 灰色 均一	2	1260.00	1
3126	品牌D 無線耳機 綠色 S	2	1270.00	1
3127	品牌D 無線耳機 綠色 M	2	1280.00	1
3128	品牌D 無線耳機 綠色 L	2	1290.00	1
3129	品牌D 無線耳機 綠色 XL	2	1300.00	1
3130	品牌D 無線耳機 綠色 均一	2	1310.00	1
3131	品牌D 無線耳機 米色 S	2	1320.00	1
3132	品牌D 無線耳機 米色 M	2	1330.00	1
3133	品牌D 無線耳機 米色 L	2	1340.00	1
3134	品牌D 無線耳機 米色 XL	2	1350.00	1
3135	品牌D 無線耳機 米色 均一	2	1360.00	1
3136	品牌D 無線耳機 粉色 S	2	1370.00	1
3137	品牌D 無線耳機 粉色 M	2	1380.00	1
3138	品牌D 無線耳機 粉色 L	2	1390.00	1
3139	品牌D 無線耳機 粉色 XL	2	1400.00	1
3140	品牌D 無線耳機 粉色 均一	2	1410.00	1
3141	品牌D 無線耳機 黃色 S	2	1420.00	1
3142	品牌D 無線耳機 黃色 M	2	1430.00	1
3143	品牌D 無線耳機 黃色 L	2	1440.00	1
3144	品牌D 無線耳機 黃色 XL	2	1450.00	1
3145	品牌D 無線耳機 黃色 均一	2	1460.00	1
3146	品牌D 無線耳機 紫色 S	2	1470.00	1
3147	品牌D 無線耳機 紫色 M	2	1480.00	1
3148	品牌D 無線耳機 紫色 L	2	1490.00	1
3149	品牌D 無線耳機 紫色 XL	2	1500.00	1
3150	品牌D 無線耳機 紫色 均一	2	1510.00	0
3151	品牌D 行動電源 黑色 S	2	1520.00	1
3152	品牌D 行動電源 黑色 M	2	1530.00	1
3153	品牌D 行動電源 黑色 L	2	1540.00	1
3154	品牌D 行動電源 黑色 XL	2	1550.00	1
3155	品牌D 行動電源 黑色 均一	2	1560.00	1
3156	品牌D 行動電源 白色 S	2	1570.00	1
3157	品牌D 行動電源 白色 M	2	1580.00	1
3158	品牌D 行動電源 白色 L	2	1590.00	1
3159	品牌D 行動電源 白色 XL	2	1600.00	1
3160	品牌D 行動電源 白色 均一	2	1610.00	1
3161	品牌D 行動電源 藍色 S	2	1620.00	1
3162	品牌D 行動電源 藍色 M	2	1630.00	1
3163	品牌D 行動電源 藍色 L	2	1640.00	1
3164	品牌D 行動電源 藍色 XL	2	1650.00	1
3165	品牌D 行動電源 藍色 均一	2	1660.00	1
3166	品牌D 行動電源 紅色 S	2	1670.00	1
3167	品牌D 行動電源 紅色 M	2	1680.00	1
3168	品牌D 行動電源 紅色 L	2	1690.00	1
3169	品牌D 行動電源 紅色 XL	2	1700.00	1
3170	品牌D 行動電源 紅色 均一	2	1710.00	1
3171	品牌D 行動電源 灰色 S	2	1720.00	1
3172	品牌D 行動電源 灰色 M	2	1730.00	1
3173	品牌D 行動電源 灰色 L	2	1740.00	1
3174	品牌D 行動電源 灰色 XL	2	1750.00	1
3175	品牌D 行動電源 灰色 均一	2	1760.00	1
3176	品牌D 行動電源 綠色 S	2	1770.00	1
3177	品牌D 行動電源 綠色 M	2	1780.00	1
3178	品牌D 行動電源 綠色 L	2	1790.00	1
3179	品牌D 行動電源 綠色 XL	2	1800.00	1
3180	品牌D 行動電源 綠色 均一	2	1810.00	1
3181	品牌D 行動電源 米色 S	2	1820.00	1
3182	品牌D 行動電源 米色 M	2	1830.00	1
3183	品牌D 行動電源 米色 L	2	1840.00	1
3184	品牌D 行動電源 米色 XL	2	1850.00	1
3185	品牌D 行動電源 米色 均一	2	1860.00	1
3186	品牌D 行動電源 粉色 S	2	1870.00	1
3187	品牌D 行動電源 粉色 M	2	1880.00	1
3188	品牌D 行動電源 粉色 L	2	1890.00	1
3189	品牌D 行動電源 粉色 XL	2	1900.00	1
3190	品牌D 行動電源 粉色 均一	2	1910.00	1
3191	品牌D 行動電源 黃色 S	2	1920.00	1
3192	品牌D 行動電源 黃色 M	2	1930.00	1
3193	品牌D 行動電源 黃色 L	2	1940.00	1
3194	品牌D 行動電源 黃色 XL	2	1950.00	1
3195	品牌D 行動電源 黃色 均一	2	1960.00	1
3196	品牌D 行動電源 紫色 S	2	1970.00	1
3197	品牌D 行動電源 紫色 M	2	1980.00	1
3198	品牌D 行動電源 紫色 L	2	1990.00	1
3199	品牌D 行動電源 紫色 XL	2	2000.00	1
3200	品牌D 行動電源 紫色 均一	2	10.00	0
3201	品牌D 馬克杯 黑色 S	3	20.00	1
3202	品牌D 馬克杯 黑色 M	3	30.00	1
3203	品牌D 馬克杯 黑色 L	3	40.00	1
3204	品牌D 馬克杯 黑色 XL	3	50.00	1
3205	品牌D 馬克杯 黑色 均一	3	60.00	1
3206	品牌D 馬克杯 白色 S	3	70.00	1
3207	品牌D 馬克杯 白色 M	3	80.00	1
3208	品牌D 馬克杯 白色 L	3	90.00	1
3209	品牌D 馬克杯 白色 XL	3	100.00	1
3210	品牌D 馬克杯 白色 均一	3	110.00	1
3211	品牌D 馬克杯 藍色 S	3	120.00	1
3212	品牌D 馬克杯 藍色 M	3	130.00	1
3213	品牌D 馬克杯 藍色 L	3	140.00	1
3214	品牌D 馬克杯 藍色 XL	3	150.00	1
3215	品牌D 馬克杯 藍色 均一	3	160.00	1
3216	品牌D 馬克杯 紅色 S	3	170.00	1
3217	品牌D 馬克杯 紅色 M	3	180.00	1
3218	品牌D 馬克杯 紅色 L	3	190.00	1
3219	品牌D 馬克杯 紅色 XL	3	200.00	1
3220	品牌D 馬克杯 紅色 均一	3	210.00	1
3221	品牌D 馬克杯 灰色 S	3	220.00	1
3222	品牌D 馬克杯 灰色 M	3	230.00	1
3223	品牌D 馬克杯 灰色 L	3	240.00	1
3224	品牌D 馬克杯 灰色 XL	3	250.00	1
3225	品牌D 馬克杯 灰色 均一	3	260.00	1
3226	品牌D 馬克杯 綠色 S	3	270.00	1
3227	品牌D 馬克杯 綠色 M	3	280.00	1
3228	品牌D 馬克杯 綠色 L	3	290.00	1
3229	品牌D 馬克杯 綠色 XL	3	300.00	1
3230	品牌D 馬克杯 綠色 均一	3	310.00	1
3231	品牌D 馬克杯 米色 S	3	320.00	1
3232	品牌D 馬克杯 米色 M	3	330.00	1
3233	品牌D 馬克杯 米色 L	3	340.00	1
3234	品牌D 馬克杯 米色 XL	3	350.00	1
3235	品牌D 馬克杯 米色 均一	3	360.00	1
3236	品牌D 馬克杯 粉色 S	3	370.00	1
3237	品牌D 馬克杯 粉色 M	3	380.00	1
3238	品牌D 馬克杯 粉色 L	3	390.00	1
3239	品牌D 馬克杯 粉色 XL	3	400.00	1
3240	品牌D 馬克杯 粉色 均一	3	410.00	1
3241	品牌D 馬克杯 黃色 S	3	420.00	1
3242	品牌D 馬克杯 黃色 M	3	430.00	1
3243	品牌D 馬克杯 黃色 L	3	440.00	1
3244	品牌D 馬克杯 黃色 XL	3	450.00	1
3245	品牌D 馬克杯 黃色 均一	3	460.00	1
3246	品牌D 馬克杯 紫色 S	3	470.00	1
3247	品牌D 馬克杯 紫色 M	3	480.00	1
3248	品牌D 馬克杯 紫色 L	3	490.00	1
3249	品牌D 馬克杯 紫色 XL	3	500.00	1
3250	品牌D 馬克杯 紫色 均一	3	510.00	0
3251	品牌D 收納盒 黑色 S	3	520.00	1
3252	品牌D 收納盒 黑色 M	3	530.00	1
3253	品牌D 收納盒 黑色 L	3	540.00	1
3254	品牌D 收納盒 黑色 XL	3	550.00	1
3255	品牌D 收納盒 黑色 均一	3	560.00	1
3256	品牌D 收納盒 白色 S	3	570.00	1
3257	品牌D 收納盒 白色 M	3	580.00	1
3258	品牌D 收納盒 白色 L	3	590.00	1
3259	品牌D 收納盒 白色 XL	3	600.00	1
3260	品牌D 收納盒 白色 均一	3	610.00	1
3261	品牌D 收納盒 藍色 S	3	620.00	1
3262	品牌D 收納盒 藍色 M	3	630.00	1
3263	品牌D 收納盒 藍色 L	3	640.00	1
3264	品牌D 收納盒 藍色 XL	3	650.00	1
3265	品牌D 收納盒 藍色 均一	3	660.00	1
3266	品牌D 收納盒 紅色 S	3	670.00	1
3267	品牌D 收納盒 紅色 M	3	680.00	1
3268	品牌D 收納盒 紅色 L	3	690.00	1
3269	品牌D 收納盒 紅色 XL	3	700.00	1
3270	品牌D 收納盒 紅色 均一	3	710.00	1
3271	品牌D 收納盒 灰色 S	3	720.00	1
3272	品牌D 收納盒 灰色 M	3	730.00	1
3273	品牌D 收納盒 灰色 L	3	740.00	1
3274	品牌D 收納盒 灰色 XL	3	750.00	1
3275	品牌D 收納盒 灰色 均一	3	760.00	1
3276	品牌D 收納盒 綠色 S	3	770.00	1
3277	品牌D 收納盒 綠色 M	3	780.00	1
3278	品牌D 收納盒 綠色 L	3	790.00	1
3279	品牌D 收納盒 綠色 XL	3	800.00	1
3280	品牌D 收納盒 綠色 均一	3	810.00	1
3281	品牌D 收納盒 米色 S	3	820.00	1
3282	品牌D 收納盒 米色 M	3	830.00	1
3283	品牌D 收納盒 米色 L	3	840.00	1
3284	品牌D 收納盒 米色 XL	3	850.00	1
3285	品牌D 收納盒 米色 均一	3	860.00	1
3286	品牌D 收納盒 粉色 S	3	870.00	1
3287	品牌D 收納盒 粉色 M	3	880.00	1
3288	品牌D 收納盒 粉色 L	3	890.00	1
3289	品牌D 收納盒 粉色 XL	3	900.00	1
3290	品牌D 收納盒 粉色 均一	3	910.00	1
3291	品牌D 收納盒 黃色 S	3	920.00	1
3292	品牌D 收納盒 黃色 M	3	930.00	1
3293	品牌D 收納盒 黃色 L	3	940.00	1
3294	品牌D 收納盒 黃色 XL	3	950.00	1
3295	品牌D 收納盒 黃色 均一	3	960.00	1
3296	品牌D 收納盒 紫色 S	3	970.00	1
3297	品牌D 收納盒 紫色 M	3	980.00	1
3298	品牌D 收納盒 紫色 L	3	990.00	1
3299	品牌D 收納盒 紫色 XL	3	1000.00	1
3300	品牌D 收納盒 紫色 均一	3	1010.00	0
3301	品牌D 咖啡豆 黑色 S	4	1020.00	1
3302	品牌D 咖啡豆 黑色 M	4	1030.00	1
3303	品牌D 咖啡豆 黑色 L	4	1040.00	1
3304	品牌D 咖啡豆 黑色 XL	4	1050.00	1
3305	品牌D 咖啡豆 黑色 均一	4	1060.00	1
3306	品牌D 咖啡豆 白色 S	4	1070.00	1
3307	品牌D 咖啡豆 白色 M	4	1080.00	1
3308	品牌D 咖啡豆 白色 L	4	1090.00	1
3309	品牌D 咖啡豆 白色 XL	4	1100.00	1
3310	品牌D 咖啡豆 白色 均一	4	1110.00	1
3311	品牌D 咖啡豆 藍色 S	4	1120.00	1
3312	品牌D 咖啡豆 藍色 M	4	1130.00	1
3313	品牌D 咖啡豆 藍色 L	4	1140.00	1
3314	品牌D 咖啡豆 藍色 XL	4	1150.00	1
3315	品牌D 咖啡豆 藍色 均一	4	1160.00	1
3316	品牌D 咖啡豆 紅色 S	4	1170.00	1
3317	品牌D 咖啡豆 紅色 M	4	1180.00	1
3318	品牌D 咖啡豆 紅色 L	4	1190.00	1
3319	品牌D 咖啡豆 紅色 XL	4	1200.00	1
3320	品牌D 咖啡豆 紅色 均一	4	1210.00	1
3321	品牌D 咖啡豆 灰色 S	4	1220.00	1
3322	品牌D 咖啡豆 灰色 M	4	1230.00	1
3323	品牌D 咖啡豆 灰色 L	4	1240.00	1
3324	品牌D 咖啡豆 灰色 XL	4	1250.00	1
3325	品牌D 咖啡豆 灰色 均一	4	1260.00	1
3326	品牌D 咖啡豆 綠色 S	4	1270.00	1
3327	品牌D 咖啡豆 綠色 M	4	1280.00	1
3328	品牌D 咖啡豆 綠色 L	4	1290.00	1
3329	品牌D 咖啡豆 綠色 XL	4	1300.00	1
3330	品牌D 咖啡豆 綠色 均一	4	1310.00	1
3331	品牌D 咖啡豆 米色 S	4	1320.00	1
3332	品牌D 咖啡豆 米色 M	4	1330.00	1
3333	品牌D 咖啡豆 米色 L	4	1340.00	1
3334	品牌D 咖啡豆 米色 XL	4	1350.00	1
3335	品牌D 咖啡豆 米色 均一	4	1360.00	1
3336	品牌D 咖啡豆 粉色 S	4	1370.00	1
3337	品牌D 咖啡豆 粉色 M	4	1380.00	1
3338	品牌D 咖啡豆 粉色 L	4	1390.00	1
3339	品牌D 咖啡豆 粉色 XL	4	1400.00	1
3340	品牌D 咖啡豆 粉色 均一	4	1410.00	1
3341	品牌D 咖啡豆 黃色 S	4	1420.00	1
3342	品牌D 咖啡豆 黃色 M	4	1430.00	1
3343	品牌D 咖啡豆 黃色 L	4	1440.00	1
3344	品牌D 咖啡豆 黃色 XL	4	1450.00	1
3345	品牌D 咖啡豆 黃色 均一	4	1460.00	1
3346	品牌D 咖啡豆 紫色 S	4	1470.00	1
3347	品牌D 咖啡豆 紫色 M	4	1480.00	1
3348	品牌D 咖啡豆 紫色 L	4	1490.00	1
3349	品牌D 咖啡豆 紫色 XL	4	1500.00	1
3350	品牌D 咖啡豆 紫色 均一	4	1510.00	0
3351	品牌D 餅乾 黑色 S	4	1520.00	1
3352	品牌D 餅乾 黑色 M	4	1530.00	1
3353	品牌D 餅乾 黑色 L	4	1540.00	1
3354	品牌D 餅乾 黑色 XL	4	1550.00	1
3355	品牌D 餅乾 黑色 均一	4	1560.00	1
3356	品牌D 餅乾 白色 S	4	1570.00	1
3357	品牌D 餅乾 白色 M	4	1580.00	1
3358	品牌D 餅乾 白色 L	4	1590.00	1
3359	品牌D 餅乾 白色 XL	4	1600.00	1
3360	品牌D 餅乾 白色 均一	4	1610.00	1
3361	品牌D 餅乾 藍色 S	4	1620.00	1
3362	品牌D 餅乾 藍色 M	4	1630.00	1
3363	品牌D 餅乾 藍色 L	4	1640.00	1
3364	品牌D 餅乾 藍色 XL	4	1650.00	1
3365	品牌D 餅乾 藍色 均一	4	1660.00	1
3366	品牌D 餅乾 紅色 S	4	1670.00	1
3367	品牌D 餅乾 紅色 M	4	1680.00	1
3368	品牌D 餅乾 紅色 L	4	1690.00	1
3369	品牌D 餅乾 紅色 XL	4	1700.00	1
3370	品牌D 餅乾 紅色 均一	4	1710.00	1
3371	品牌D 餅乾 灰色 S	4	1720.00	1
3372	品牌D 餅乾 灰色 M	4	1730.00	1
3373	品牌D 餅乾 灰色 L	4	1740.00	1
3374	品牌D 餅乾 灰色 XL	4	1750.00	1
3375	品牌D 餅乾 灰色 均一	4	1760.00	1
3376	品牌D 餅乾 綠色 S	4	1770.00	1
3377	品牌D 餅乾 綠色 M	4	1780.00	1
3378	品牌D 餅乾 綠色 L	4	1790.00	1
3379	品牌D 餅乾 綠色 XL	4	1800.00	1
3380	品牌D 餅乾 綠色 均一	4	1810.00	1
3381	品牌D 餅乾 米色 S	4	1820.00	1
3382	品牌D 餅乾 米色 M	4	1830.00	1
3383	品牌D 餅乾 米色 L	4	1840.00	1
3384	品牌D 餅乾 米色 XL	4	1850.00	1
3385	品牌D 餅乾 米色 均一	4	1860.00	1
3386	品牌D 餅乾 粉色 S	4	1870.00	1
3387	品牌D 餅乾 粉色 M	4	1880.00	1
3388	品牌D 餅乾 粉色 L	4	1890.00	1
3389	品牌D 餅乾 粉色 XL	4	1900.00	1
3390	品牌D 餅乾 粉色 均一	4	1910.00	1
3391	品牌D 餅乾 黃色 S	4	1920.00	1
3392	品牌D 餅乾 黃色 M	4	1930.00	1
3393	品牌D 餅乾 黃色 L	4	1940.00	1
3394	品牌D 餅乾 黃色 XL	4	1950.00	1
3395	品牌D 餅乾 黃色 均一	4	1960.00	1
3396	品牌D 餅乾 紫色 S	4	1970.00	1
3397	品牌D 餅乾 紫色 M	4	1980.00	1
3398	品牌D 餅乾 紫色 L	4	1990.00	1
3399	品牌D 餅乾 紫色 XL	4	2000.00	1
3400	品牌D 餅乾 紫色 均一	4	10.00	0
3401	品牌D 洗面乳 黑色 S	5	20.00	1
3402	品牌D 洗面乳 黑色 M	5	30.00	1
3403	品牌D 洗面乳 黑色 L	5	40.00	1
3404	品牌D 洗面乳 黑色 XL	5	50.00	1
3405	品牌D 洗面乳 黑色 均一	5	60.00	1
3406	品牌D 洗面乳 白色 S	5	70.00	1
3407	品牌D 洗面乳 白色 M	5	80.00	1
3408	品牌D 洗面乳 白色 L	5	90.00	1
3409	品牌D 洗面乳 白色 XL	5	100.00	1
3410	品牌D 洗面乳 白色 均一	5	110.00	1
3411	品牌D 洗面乳 藍色 S	5	120.00	1
3412	品牌D 洗面乳 藍色 M	5	130.00	1
3413	品牌D 洗面乳 藍色 L	5	140.00	1
3414	品牌D 洗面乳 藍色 XL	5	150.00	1
3415	品牌D 洗面乳 藍色 均一	5	160.00	1
3416	品牌D 洗面乳 紅色 S	5	170.00	1
3417	品牌D 洗面乳 紅色 M	5	180.00	1
3418	品牌D 洗面乳 紅色 L	5	190.00	1
3419	品牌D 洗面乳 紅色 XL	5	200.00	1
3420	品牌D 洗面乳 紅色 均一	5	210.00	1
3421	品牌D 洗面乳 灰色 S	5	220.00	1
3422	品牌D 洗面乳 灰色 M	5	230.00	1
3423	品牌D 洗面乳 灰色 L	5	240.00	1
3424	品牌D 洗面乳 灰色 XL	5	250.00	1
3425	品牌D 洗面乳 灰色 均一	5	260.00	1
3426	品牌D 洗面乳 綠色 S	5	270.00	1
3427	品牌D 洗面乳 綠色 M	5	280.00	1
3428	品牌D 洗面乳 綠色 L	5	290.00	1
3429	品牌D 洗面乳 綠色 XL	5	300.00	1
3430	品牌D 洗面乳 綠色 均一	5	310.00	1
3431	品牌D 洗面乳 米色 S	5	320.00	1
3432	品牌D 洗面乳 米色 M	5	330.00	1
3433	品牌D 洗面乳 米色 L	5	340.00	1
3434	品牌D 洗面乳 米色 XL	5	350.00	1
3435	品牌D 洗面乳 米色 均一	5	360.00	1
3436	品牌D 洗面乳 粉色 S	5	370.00	1
3437	品牌D 洗面乳 粉色 M	5	380.00	1
3438	品牌D 洗面乳 粉色 L	5	390.00	1
3439	品牌D 洗面乳 粉色 XL	5	400.00	1
3440	品牌D 洗面乳 粉色 均一	5	410.00	1
3441	品牌D 洗面乳 黃色 S	5	420.00	1
3442	品牌D 洗面乳 黃色 M	5	430.00	1
3443	品牌D 洗面乳 黃色 L	5	440.00	1
3444	品牌D 洗面乳 黃色 XL	5	450.00	1
3445	品牌D 洗面乳 黃色 均一	5	460.00	1
3446	品牌D 洗面乳 紫色 S	5	470.00	1
3447	品牌D 洗面乳 紫色 M	5	480.00	1
3448	品牌D 洗面乳 紫色 L	5	490.00	1
3449	品牌D 洗面乳 紫色 XL	5	500.00	1
3450	品牌D 洗面乳 紫色 均一	5	510.00	0
3451	品牌D 面膜 黑色 S	5	520.00	1
3452	品牌D 面膜 黑色 M	5	530.00	1
3453	品牌D 面膜 黑色 L	5	540.00	1
3454	品牌D 面膜 黑色 XL	5	550.00	1
3455	品牌D 面膜 黑色 均一	5	560.00	1
3456	品牌D 面膜 白色 S	5	570.00	1
3457	品牌D 面膜 白色 M	5	580.00	1
3458	品牌D 面膜 白色 L	5	590.00	1
3459	品牌D 面膜 白色 XL	5	600.00	1
3460	品牌D 面膜 白色 均一	5	610.00	1
3461	品牌D 面膜 藍色 S	5	620.00	1
3462	品牌D 面膜 藍色 M	5	630.00	1
3463	品牌D 面膜 藍色 L	5	640.00	1
3464	品牌D 面膜 藍色 XL	5	650.00	1
3465	品牌D 面膜 藍色 均一	5	660.00	1
3466	品牌D 面膜 紅色 S	5	670.00	1
3467	品牌D 面膜 紅色 M	5	680.00	1
3468	品牌D 面膜 紅色 L	5	690.00	1
3469	品牌D 面膜 紅色 XL	5	700.00	1
3470	品牌D 面膜 紅色 均一	5	710.00	1
3471	品牌D 面膜 灰色 S	5	720.00	1
3472	品牌D 面膜 灰色 M	5	730.00	1
3473	品牌D 面膜 灰色 L	5	740.00	1
3474	品牌D 面膜 灰色 XL	5	750.00	1
3475	品牌D 面膜 灰色 均一	5	760.00	1
3476	品牌D 面膜 綠色 S	5	770.00	1
3477	品牌D 面膜 綠色 M	5	780.00	1
3478	品牌D 面膜 綠色 L	5	790.00	1
3479	品牌D 面膜 綠色 XL	5	800.00	1
3480	品牌D 面膜 綠色 均一	5	810.00	1
3481	品牌D 面膜 米色 S	5	820.00	1
3482	品牌D 面膜 米色 M	5	830.00	1
3483	品牌D 面膜 米色 L	5	840.00	1
3484	品牌D 面膜 米色 XL	5	850.00	1
3485	品牌D 面膜 米色 均一	5	860.00	1
3486	品牌D 面膜 粉色 S	5	870.00	1
3487	品牌D 面膜 粉色 M	5	880.00	1
3488	品牌D 面膜 粉色 L	5	890.00	1
3489	品牌D 面膜 粉色 XL	5	900.00	1
3490	品牌D 面膜 粉色 均一	5	910.00	1
3491	品牌D 面膜 黃色 S	5	920.00	1
3492	品牌D 面膜 黃色 M	5	930.00	1
3493	品牌D 面膜 黃色 L	5	940.00	1
3494	品牌D 面膜 黃色 XL	5	950.00	1
3495	品牌D 面膜 黃色 均一	5	960.00	1
3496	品牌D 面膜 紫色 S	5	970.00	1
3497	品牌D 面膜 紫色 M	5	980.00	1
3498	品牌D 面膜 紫色 L	5	990.00	1
3499	品牌D 面膜 紫色 XL	5	1000.00	1
3500	品牌D 面膜 紫色 均一	5	1010.00	0
3501	品牌D 瑜珈墊 黑色 S	6	1020.00	1
3502	品牌D 瑜珈墊 黑色 M	6	1030.00	1
3503	品牌D 瑜珈墊 黑色 L	6	1040.00	1
3504	品牌D 瑜珈墊 黑色 XL	6	1050.00	1
3505	品牌D 瑜珈墊 黑色 均一	6	1060.00	1
3506	品牌D 瑜珈墊 白色 S	6	1070.00	1
3507	品牌D 瑜珈墊 白色 M	6	1080.00	1
3508	品牌D 瑜珈墊 白色 L	6	1090.00	1
3509	品牌D 瑜珈墊 白色 XL	6	1100.00	1
3510	品牌D 瑜珈墊 白色 均一	6	1110.00	1
3511	品牌D 瑜珈墊 藍色 S	6	1120.00	1
3512	品牌D 瑜珈墊 藍色 M	6	1130.00	1
3513	品牌D 瑜珈墊 藍色 L	6	1140.00	1
3514	品牌D 瑜珈墊 藍色 XL	6	1150.00	1
3515	品牌D 瑜珈墊 藍色 均一	6	1160.00	1
3516	品牌D 瑜珈墊 紅色 S	6	1170.00	1
3517	品牌D 瑜珈墊 紅色 M	6	1180.00	1
3518	品牌D 瑜珈墊 紅色 L	6	1190.00	1
3519	品牌D 瑜珈墊 紅色 XL	6	1200.00	1
3520	品牌D 瑜珈墊 紅色 均一	6	1210.00	1
3521	品牌D 瑜珈墊 灰色 S	6	1220.00	1
3522	品牌D 瑜珈墊 灰色 M	6	1230.00	1
3523	品牌D 瑜珈墊 灰色 L	6	1240.00	1
3524	品牌D 瑜珈墊 灰色 XL	6	1250.00	1
3525	品牌D 瑜珈墊 灰色 均一	6	1260.00	1
3526	品牌D 瑜珈墊 綠色 S	6	1270.00	1
3527	品牌D 瑜珈墊 綠色 M	6	1280.00	1
3528	品牌D 瑜珈墊 綠色 L	6	1290.00	1
3529	品牌D 瑜珈墊 綠色 XL	6	1300.00	1
3530	品牌D 瑜珈墊 綠色 均一	6	1310.00	1
3531	品牌D 瑜珈墊 米色 S	6	1320.00	1
3532	品牌D 瑜珈墊 米色 M	6	1330.00	1
3533	品牌D 瑜珈墊 米色 L	6	1340.00	1
3534	品牌D 瑜珈墊 米色 XL	6	1350.00	1
3535	品牌D 瑜珈墊 米色 均一	6	1360.00	1
3536	品牌D 瑜珈墊 粉色 S	6	1370.00	1
3537	品牌D 瑜珈墊 粉色 M	6	1380.00	1
3538	品牌D 瑜珈墊 粉色 L	6	1390.00	1
3539	品牌D 瑜珈墊 粉色 XL	6	1400.00	1
3540	品牌D 瑜珈墊 粉色 均一	6	1410.00	1
3541	品牌D 瑜珈墊 黃色 S	6	1420.00	1
3542	品牌D 瑜珈墊 黃色 M	6	1430.00	1
3543	品牌D 瑜珈墊 黃色 L	6	1440.00	1
3544	品牌D 瑜珈墊 黃色 XL	6	1450.00	1
3545	品牌D 瑜珈墊 黃色 均一	6	1460.00	1
3546	品牌D 瑜珈墊 紫色 S	6	1470.00	1
3547	品牌D 瑜珈墊 紫色 M	6	1480.00	1
3548	品牌D 瑜珈墊 紫色 L	6	1490.00	1
3549	品牌D 瑜珈墊 紫色 XL	6	1500.00	1
3550	品牌D 瑜珈墊 紫色 均一	6	1510.00	0
3551	品牌D 啞鈴 黑色 S	6	1520.00	1
3552	品牌D 啞鈴 黑色 M	6	1530.00	1
3553	品牌D 啞鈴 黑色 L	6	1540.00	1
3554	品牌D 啞鈴 黑色 XL	6	1550.00	1
3555	品牌D 啞鈴 黑色 均一	6	1560.00	1
3556	品牌D 啞鈴 白色 S	6	1570.00	1
3557	品牌D 啞鈴 白色 M	6	1580.00	1
3558	品牌D 啞鈴 白色 L	6	1590.00	1
3559	品牌D 啞鈴 白色 XL	6	1600.00	1
3560	品牌D 啞鈴 白色 均一	6	1610.00	1
3561	品牌D 啞鈴 藍色 S	6	1620.00	1
3562	品牌D 啞鈴 藍色 M	6	1630.00	1
3563	品牌D 啞鈴 藍色 L	6	1640.00	1
3564	品牌D 啞鈴 藍色 XL	6	1650.00	1
3565	品牌D 啞鈴 藍色 均一	6	1660.00	1
3566	品牌D 啞鈴 紅色 S	6	1670.00	1
3567	品牌D 啞鈴 紅色 M	6	1680.00	1
3568	品牌D 啞鈴 紅色 L	6	1690.00	1
3569	品牌D 啞鈴 紅色 XL	6	1700.00	1
3570	品牌D 啞鈴 紅色 均一	6	1710.00	1
3571	品牌D 啞鈴 灰色 S	6	1720.00	1
3572	品牌D 啞鈴 灰色 M	6	1730.00	1
3573	品牌D 啞鈴 灰色 L	6	1740.00	1
3574	品牌D 啞鈴 灰色 XL	6	1750.00	1
3575	品牌D 啞鈴 灰色 均一	6	1760.00	1
3576	品牌D 啞鈴 綠色 S	6	1770.00	1
3577	品牌D 啞鈴 綠色 M	6	1780.00	1
3578	品牌D 啞鈴 綠色 L	6	1790.00	1
3579	品牌D 啞鈴 綠色 XL	6	1800.00	1
3580	品牌D 啞鈴 綠色 均一	6	1810.00	1
3581	品牌D 啞鈴 米色 S	6	1820.00	1
3582	品牌D 啞鈴 米色 M	6	1830.00	1
3583	品牌D 啞鈴 米色 L	6	1840.00	1
3584	品牌D 啞鈴 米色 XL	6	1850.00	1
3585	品牌D 啞鈴 米色 均一	6	1860.00	1
3586	品牌D 啞鈴 粉色 S	6	1870.00	1
3587	品牌D 啞鈴 粉色 M	6	1880.00	1
3588	品牌D 啞鈴 粉色 L	6	1890.00	1
3589	品牌D 啞鈴 粉色 XL	6	1900.00	1
3590	品牌D 啞鈴 粉色 均一	6	1910.00	1
3591	品牌D 啞鈴 黃色 S	6	1920.00	1
3592	品牌D 啞鈴 黃色 M	6	1930.00	1
3593	品牌D 啞鈴 黃色 L	6	1940.00	1
3594	品牌D 啞鈴 黃色 XL	6	1950.00	1
3595	品牌D 啞鈴 黃色 均一	6	1960.00	1
3596	品牌D 啞鈴 紫色 S	6	1970.00	1
3597	品牌D 啞鈴 紫色 M	6	1980.00	1
3598	品牌D 啞鈴 紫色 L	6	1990.00	1
3599	品牌D 啞鈴 紫色 XL	6	2000.00	1
3600	品牌D 啞鈴 紫色 均一	6	10.00	0
3601	品牌D 筆記本 黑色 S	7	20.00	1
3602	品牌D 筆記本 黑色 M	7	30.00	1
3603	品牌D 筆記本 黑色 L	7	40.00	1
3604	品牌D 筆記本 黑色 XL	7	50.00	1
3605	品牌D 筆記本 黑色 均一	7	60.00	1
3606	品牌D 筆記本 白色 S	7	70.00	1
3607	品牌D 筆記本 白色 M	7	80.00	1
3608	品牌D 筆記本 白色 L	7	90.00	1
3609	品牌D 筆記本 白色 XL	7	100.00	1
3610	品牌D 筆記本 白色 均一	7	110.00	1
3611	品牌D 筆記本 藍色 S	7	120.00	1
3612	品牌D 筆記本 藍色 M	7	130.00	1
3613	品牌D 筆記本 藍色 L	7	140.00	1
3614	品牌D 筆記本 藍色 XL	7	150.00	1
3615	品牌D 筆記本 藍色 均一	7	160.00	1
3616	品牌D 筆記本 紅色 S	7	170.00	1
3617	品牌D 筆記本 紅色 M	7	180.00	1
3618	品牌D 筆記本 紅色 L	7	190.00	1
3619	品牌D 筆記本 紅色 XL	7	200.00	1
3620	品牌D 筆記本 紅色 均一	7	210.00	1
3621	品牌D 筆記本 灰色 S	7	220.00	1
3622	品牌D 筆記本 灰色 M	7	230.00	1
3623	品牌D 筆記本 灰色 L	7	240.00	1
3624	品牌D 筆記本 灰色 XL	7	250.00	1
3625	品牌D 筆記本 灰色 均一	7	260.00	1
3626	品牌D 筆記本 綠色 S	7	270.00	1
3627	品牌D 筆記本 綠色 M	7	280.00	1
3628	品牌D 筆記本 綠色 L	7	290.00	1
3629	品牌D 筆記本 綠色 XL	7	300.00	1
3630	品牌D 筆記本 綠色 均一	7	310.00	1
3631	品牌D 筆記本 米色 S	7	320.00	1
3632	品牌D 筆記本 米色 M	7	330.00	1
3633	品牌D 筆記本 米色 L	7	340.00	1
3634	品牌D 筆記本 米色 XL	7	350.00	1
3635	品牌D 筆記本 米色 均一	7	360.00	1
3636	品牌D 筆記本 粉色 S	7	370.00	1
3637	品牌D 筆記本 粉色 M	7	380.00	1
3638	品牌D 筆記本 粉色 L	7	390.00	1
3639	品牌D 筆記本 粉色 XL	7	400.00	1
3640	品牌D 筆記本 粉色 均一	7	410.00	1
3641	品牌D 筆記本 黃色 S	7	420.00	1
3642	品牌D 筆記本 黃色 M	7	430.00	1
3643	品牌D 筆記本 黃色 L	7	440.00	1
3644	品牌D 筆記本 黃色 XL	7	450.00	1
3645	品牌D 筆記本 黃色 均一	7	460.00	1
3646	品牌D 筆記本 紫色 S	7	470.00	1
3647	品牌D 筆記本 紫色 M	7	480.00	1
3648	品牌D 筆記本 紫色 L	7	490.00	1
3649	品牌D 筆記本 紫色 XL	7	500.00	1
3650	品牌D 筆記本 紫色 均一	7	510.00	0
3651	品牌D 原子筆 黑色 S	7	520.00	1
3652	品牌D 原子筆 黑色 M	7	530.00	1
3653	品牌D 原子筆 黑色 L	7	540.00	1
3654	品牌D 原子筆 黑色 XL	7	550.00	1
3655	品牌D 原子筆 黑色 均一	7	560.00	1
3656	品牌D 原子筆 白色 S	7	570.00	1
3657	品牌D 原子筆 白色 M	7	580.00	1
3658	品牌D 原子筆 白色 L	7	590.00	1
3659	品牌D 原子筆 白色 XL	7	600.00	1
3660	品牌D 原子筆 白色 均一	7	610.00	1
3661	品牌D 原子筆 藍色 S	7	620.00	1
3662	品牌D 原子筆 藍色 M	7	630.00	1
3663	品牌D 原子筆 藍色 L	7	640.00	1
3664	品牌D 原子筆 藍色 XL	7	650.00	1
3665	品牌D 原子筆 藍色 均一	7	660.00	1
3666	品牌D 原子筆 紅色 S	7	670.00	1
3667	品牌D 原子筆 紅色 M	7	680.00	1
3668	品牌D 原子筆 紅色 L	7	690.00	1
3669	品牌D 原子筆 紅色 XL	7	700.00	1
3670	品牌D 原子筆 紅色 均一	7	710.00	1
3671	品牌D 原子筆 灰色 S	7	720.00	1
3672	品牌D 原子筆 灰色 M	7	730.00	1
3673	品牌D 原子筆 灰色 L	7	740.00	1
3674	品牌D 原子筆 灰色 XL	7	750.00	1
3675	品牌D 原子筆 灰色 均一	7	760.00	1
3676	品牌D 原子筆 綠色 S	7	770.00	1
3677	品牌D 原子筆 綠色 M	7	780.00	1
3678	品牌D 原子筆 綠色 L	7	790.00	1
3679	品牌D 原子筆 綠色 XL	7	800.00	1
3680	品牌D 原子筆 綠色 均一	7	810.00	1
3681	品牌D 原子筆 米色 S	7	820.00	1
3682	品牌D 原子筆 米色 M	7	830.00	1
3683	品牌D 原子筆 米色 L	7	840.00	1
3684	品牌D 原子筆 米色 XL	7	850.00	1
3685	品牌D 原子筆 米色 均一	7	860.00	1
3686	品牌D 原子筆 粉色 S	7	870.00	1
3687	品牌D 原子筆 粉色 M	7	880.00	1
3688	品牌D 原子筆 粉色 L	7	890.00	1
3689	品牌D 原子筆 粉色 XL	7	900.00	1
3690	品牌D 原子筆 粉色 均一	7	910.00	1
3691	品牌D 原子筆 黃色 S	7	920.00	1
3692	品牌D 原子筆 黃色 M	7	930.00	1
3693	品牌D 原子筆 黃色 L	7	940.00	1
3694	品牌D 原子筆 黃色 XL	7	950.00	1
3695	品牌D 原子筆 黃色 均一	7	960.00	1
3696	品牌D 原子筆 紫色 S	7	970.00	1
3697	品牌D 原子筆 紫色 M	7	980.00	1
3698	品牌D 原子筆 紫色 L	7	990.00	1
3699	品牌D 原子筆 紫色 XL	7	1000.00	1
3700	品牌D 原子筆 紫色 均一	7	1010.00	0
3701	品牌D 貓砂 黑色 S	8	1020.00	1
3702	品牌D 貓砂 黑色 M	8	1030.00	1
3703	品牌D 貓砂 黑色 L	8	1040.00	1
3704	品牌D 貓砂 黑色 XL	8	1050.00	1
3705	品牌D 貓砂 黑色 均一	8	1060.00	1
3706	品牌D 貓砂 白色 S	8	1070.00	1
3707	品牌D 貓砂 白色 M	8	1080.00	1
3708	品牌D 貓砂 白色 L	8	1090.00	1
3709	品牌D 貓砂 白色 XL	8	1100.00	1
3710	品牌D 貓砂 白色 均一	8	1110.00	1
3711	品牌D 貓砂 藍色 S	8	1120.00	1
3712	品牌D 貓砂 藍色 M	8	1130.00	1
3713	品牌D 貓砂 藍色 L	8	1140.00	1
3714	品牌D 貓砂 藍色 XL	8	1150.00	1
3715	品牌D 貓砂 藍色 均一	8	1160.00	1
3716	品牌D 貓砂 紅色 S	8	1170.00	1
3717	品牌D 貓砂 紅色 M	8	1180.00	1
3718	品牌D 貓砂 紅色 L	8	1190.00	1
3719	品牌D 貓砂 紅色 XL	8	1200.00	1
3720	品牌D 貓砂 紅色 均一	8	1210.00	1
3721	品牌D 貓砂 灰色 S	8	1220.00	1
3722	品牌D 貓砂 灰色 M	8	1230.00	1
3723	品牌D 貓砂 灰色 L	8	1240.00	1
3724	品牌D 貓砂 灰色 XL	8	1250.00	1
3725	品牌D 貓砂 灰色 均一	8	1260.00	1
3726	品牌D 貓砂 綠色 S	8	1270.00	1
3727	品牌D 貓砂 綠色 M	8	1280.00	1
3728	品牌D 貓砂 綠色 L	8	1290.00	1
3729	品牌D 貓砂 綠色 XL	8	1300.00	1
3730	品牌D 貓砂 綠色 均一	8	1310.00	1
3731	品牌D 貓砂 米色 S	8	1320.00	1
3732	品牌D 貓砂 米色 M	8	1330.00	1
3733	品牌D 貓砂 米色 L	8	1340.00	1
3734	品牌D 貓砂 米色 XL	8	1350.00	1
3735	品牌D 貓砂 米色 均一	8	1360.00	1
3736	品牌D 貓砂 粉色 S	8	1370.00	1
3737	品牌D 貓砂 粉色 M	8	1380.00	1
3738	品牌D 貓砂 粉色 L	8	1390.00	1
3739	品牌D 貓砂 粉色 XL	8	1400.00	1
3740	品牌D 貓砂 粉色 均一	8	1410.00	1
3741	品牌D 貓砂 黃色 S	8	1420.00	1
3742	品牌D 貓砂 黃色 M	8	1430.00	1
3743	品牌D 貓砂 黃色 L	8	1440.00	1
3744	品牌D 貓砂 黃色 XL	8	1450.00	1
3745	品牌D 貓砂 黃色 均一	8	1460.00	1
3746	品牌D 貓砂 紫色 S	8	1470.00	1
3747	品牌D 貓砂 紫色 M	8	1480.00	1
3748	品牌D 貓砂 紫色 L	8	1490.00	1
3749	品牌D 貓砂 紫色 XL	8	1500.00	1
3750	品牌D 貓砂 紫色 均一	8	1510.00	0
3751	品牌D 狗零食 黑色 S	8	1520.00	1
3752	品牌D 狗零食 黑色 M	8	1530.00	1
3753	品牌D 狗零食 黑色 L	8	1540.00	1
3754	品牌D 狗零食 黑色 XL	8	1550.00	1
3755	品牌D 狗零食 黑色 均一	8	1560.00	1
3756	品牌D 狗零食 白色 S	8	1570.00	1
3757	品牌D 狗零食 白色 M	8	1580.00	1
3758	品牌D 狗零食 白色 L	8	1590.00	1
3759	品牌D 狗零食 白色 XL	8	1600.00	1
3760	品牌D 狗零食 白色 均一	8	1610.00	1
3761	品牌D 狗零食 藍色 S	8	1620.00	1
3762	品牌D 狗零食 藍色 M	8	1630.00	1
3763	品牌D 狗零食 藍色 L	8	1640.00	1
3764	品牌D 狗零食 藍色 XL	8	1650.00	1
3765	品牌D 狗零食 藍色 均一	8	1660.00	1
3766	品牌D 狗零食 紅色 S	8	1670.00	1
3767	品牌D 狗零食 紅色 M	8	1680.00	1
3768	品牌D 狗零食 紅色 L	8	1690.00	1
3769	品牌D 狗零食 紅色 XL	8	1700.00	1
3770	品牌D 狗零食 紅色 均一	8	1710.00	1
3771	品牌D 狗零食 灰色 S	8	1720.00	1
3772	品牌D 狗零食 灰色 M	8	1730.00	1
3773	品牌D 狗零食 灰色 L	8	1740.00	1
3774	品牌D 狗零食 灰色 XL	8	1750.00	1
3775	品牌D 狗零食 灰色 均一	8	1760.00	1
3776	品牌D 狗零食 綠色 S	8	1770.00	1
3777	品牌D 狗零食 綠色 M	8	1780.00	1
3778	品牌D 狗零食 綠色 L	8	1790.00	1
3779	品牌D 狗零食 綠色 XL	8	1800.00	1
3780	品牌D 狗零食 綠色 均一	8	1810.00	1
3781	品牌D 狗零食 米色 S	8	1820.00	1
3782	品牌D 狗零食 米色 M	8	1830.00	1
3783	品牌D 狗零食 米色 L	8	1840.00	1
3784	品牌D 狗零食 米色 XL	8	1850.00	1
3785	品牌D 狗零食 米色 均一	8	1860.00	1
3786	品牌D 狗零食 粉色 S	8	1870.00	1
3787	品牌D 狗零食 粉色 M	8	1880.00	1
3788	品牌D 狗零食 粉色 L	8	1890.00	1
3789	品牌D 狗零食 粉色 XL	8	1900.00	1
3790	品牌D 狗零食 粉色 均一	8	1910.00	1
3791	品牌D 狗零食 黃色 S	8	1920.00	1
3792	品牌D 狗零食 黃色 M	8	1930.00	1
3793	品牌D 狗零食 黃色 L	8	1940.00	1
3794	品牌D 狗零食 黃色 XL	8	1950.00	1
3795	品牌D 狗零食 黃色 均一	8	1960.00	1
3796	品牌D 狗零食 紫色 S	8	1970.00	1
3797	品牌D 狗零食 紫色 M	8	1980.00	1
3798	品牌D 狗零食 紫色 L	8	1990.00	1
3799	品牌D 狗零食 紫色 XL	8	2000.00	1
3800	品牌D 狗零食 紫色 均一	8	10.00	0
3801	品牌D 小說 黑色 S	9	20.00	1
3802	品牌D 小說 黑色 M	9	30.00	1
3803	品牌D 小說 黑色 L	9	40.00	1
3804	品牌D 小說 黑色 XL	9	50.00	1
3805	品牌D 小說 黑色 均一	9	60.00	1
3806	品牌D 小說 白色 S	9	70.00	1
3807	品牌D 小說 白色 M	9	80.00	1
3808	品牌D 小說 白色 L	9	90.00	1
3809	品牌D 小說 白色 XL	9	100.00	1
3810	品牌D 小說 白色 均一	9	110.00	1
3811	品牌D 小說 藍色 S	9	120.00	1
3812	品牌D 小說 藍色 M	9	130.00	1
3813	品牌D 小說 藍色 L	9	140.00	1
3814	品牌D 小說 藍色 XL	9	150.00	1
3815	品牌D 小說 藍色 均一	9	160.00	1
3816	品牌D 小說 紅色 S	9	170.00	1
3817	品牌D 小說 紅色 M	9	180.00	1
3818	品牌D 小說 紅色 L	9	190.00	1
3819	品牌D 小說 紅色 XL	9	200.00	1
3820	品牌D 小說 紅色 均一	9	210.00	1
3821	品牌D 小說 灰色 S	9	220.00	1
3822	品牌D 小說 灰色 M	9	230.00	1
3823	品牌D 小說 灰色 L	9	240.00	1
3824	品牌D 小說 灰色 XL	9	250.00	1
3825	品牌D 小說 灰色 均一	9	260.00	1
3826	品牌D 小說 綠色 S	9	270.00	1
3827	品牌D 小說 綠色 M	9	280.00	1
3828	品牌D 小說 綠色 L	9	290.00	1
3829	品牌D 小說 綠色 XL	9	300.00	1
3830	品牌D 小說 綠色 均一	9	310.00	1
3831	品牌D 小說 米色 S	9	320.00	1
3832	品牌D 小說 米色 M	9	330.00	1
3833	品牌D 小說 米色 L	9	340.00	1
3834	品牌D 小說 米色 XL	9	350.00	1
3835	品牌D 小說 米色 均一	9	360.00	1
3836	品牌D 小說 粉色 S	9	370.00	1
3837	品牌D 小說 粉色 M	9	380.00	1
3838	品牌D 小說 粉色 L	9	390.00	1
3839	品牌D 小說 粉色 XL	9	400.00	1
3840	品牌D 小說 粉色 均一	9	410.00	1
3841	品牌D 小說 黃色 S	9	420.00	1
3842	品牌D 小說 黃色 M	9	430.00	1
3843	品牌D 小說 黃色 L	9	440.00	1
3844	品牌D 小說 黃色 XL	9	450.00	1
3845	品牌D 小說 黃色 均一	9	460.00	1
3846	品牌D 小說 紫色 S	9	470.00	1
3847	品牌D 小說 紫色 M	9	480.00	1
3848	品牌D 小說 紫色 L	9	490.00	1
3849	品牌D 小說 紫色 XL	9	500.00	1
3850	品牌D 小說 紫色 均一	9	510.00	0
3851	品牌D 食譜 黑色 S	9	520.00	1
3852	品牌D 食譜 黑色 M	9	530.00	1
3853	品牌D 食譜 黑色 L	9	540.00	1
3854	品牌D 食譜 黑色 XL	9	550.00	1
3855	品牌D 食譜 黑色 均一	9	560.00	1
3856	品牌D 食譜 白色 S	9	570.00	1
3857	品牌D 食譜 白色 M	9	580.00	1
3858	品牌D 食譜 白色 L	9	590.00	1
3859	品牌D 食譜 白色 XL	9	600.00	1
3860	品牌D 食譜 白色 均一	9	610.00	1
3861	品牌D 食譜 藍色 S	9	620.00	1
3862	品牌D 食譜 藍色 M	9	630.00	1
3863	品牌D 食譜 藍色 L	9	640.00	1
3864	品牌D 食譜 藍色 XL	9	650.00	1
3865	品牌D 食譜 藍色 均一	9	660.00	1
3866	品牌D 食譜 紅色 S	9	670.00	1
3867	品牌D 食譜 紅色 M	9	680.00	1
3868	品牌D 食譜 紅色 L	9	690.00	1
3869	品牌D 食譜 紅色 XL	9	700.00	1
3870	品牌D 食譜 紅色 均一	9	710.00	1
3871	品牌D 食譜 灰色 S	9	720.00	1
3872	品牌D 食譜 灰色 M	9	730.00	1
3873	品牌D 食譜 灰色 L	9	740.00	1
3874	品牌D 食譜 灰色 XL	9	750.00	1
3875	品牌D 食譜 灰色 均一	9	760.00	1
3876	品牌D 食譜 綠色 S	9	770.00	1
3877	品牌D 食譜 綠色 M	9	780.00	1
3878	品牌D 食譜 綠色 L	9	790.00	1
3879	品牌D 食譜 綠色 XL	9	800.00	1
3880	品牌D 食譜 綠色 均一	9	810.00	1
3881	品牌D 食譜 米色 S	9	820.00	1
3882	品牌D 食譜 米色 M	9	830.00	1
3883	品牌D 食譜 米色 L	9	840.00	1
3884	品牌D 食譜 米色 XL	9	850.00	1
3885	品牌D 食譜 米色 均一	9	860.00	1
3886	品牌D 食譜 粉色 S	9	870.00	1
3887	品牌D 食譜 粉色 M	9	880.00	1
3888	品牌D 食譜 粉色 L	9	890.00	1
3889	品牌D 食譜 粉色 XL	9	900.00	1
3890	品牌D 食譜 粉色 均一	9	910.00	1
3891	品牌D 食譜 黃色 S	9	920.00	1
3892	品牌D 食譜 黃色 M	9	930.00	1
3893	品牌D 食譜 黃色 L	9	940.00	1
3894	品牌D 食譜 黃色 XL	9	950.00	1
3895	品牌D 食譜 黃色 均一	9	960.00	1
3896	品牌D 食譜 紫色 S	9	970.00	1
3897	品牌D 食譜 紫色 M	9	980.00	1
3898	品牌D 食譜 紫色 L	9	990.00	1
3899	品牌D 食譜 紫色 XL	9	1000.00	1
3900	品牌D 食譜 紫色 均一	9	1010.00	0
3901	品牌D 禮物卡 黑色 S	10	1020.00	1
3902	品牌D 禮物卡 黑色 M	10	1030.00	1
3903	品牌D 禮物卡 黑色 L	10	1040.00	1
3904	品牌D 禮物卡 黑色 XL	10	1050.00	1
3905	品牌D 禮物卡 黑色 均一	10	1060.00	1
3906	品牌D 禮物卡 白色 S	10	1070.00	1
3907	品牌D 禮物卡 白色 M	10	1080.00	1
3908	品牌D 禮物卡 白色 L	10	1090.00	1
3909	品牌D 禮物卡 白色 XL	10	1100.00	1
3910	品牌D 禮物卡 白色 均一	10	1110.00	1
3911	品牌D 禮物卡 藍色 S	10	1120.00	1
3912	品牌D 禮物卡 藍色 M	10	1130.00	1
3913	品牌D 禮物卡 藍色 L	10	1140.00	1
3914	品牌D 禮物卡 藍色 XL	10	1150.00	1
3915	品牌D 禮物卡 藍色 均一	10	1160.00	1
3916	品牌D 禮物卡 紅色 S	10	1170.00	1
3917	品牌D 禮物卡 紅色 M	10	1180.00	1
3918	品牌D 禮物卡 紅色 L	10	1190.00	1
3919	品牌D 禮物卡 紅色 XL	10	1200.00	1
3920	品牌D 禮物卡 紅色 均一	10	1210.00	1
3921	品牌D 禮物卡 灰色 S	10	1220.00	1
3922	品牌D 禮物卡 灰色 M	10	1230.00	1
3923	品牌D 禮物卡 灰色 L	10	1240.00	1
3924	品牌D 禮物卡 灰色 XL	10	1250.00	1
3925	品牌D 禮物卡 灰色 均一	10	1260.00	1
3926	品牌D 禮物卡 綠色 S	10	1270.00	1
3927	品牌D 禮物卡 綠色 M	10	1280.00	1
3928	品牌D 禮物卡 綠色 L	10	1290.00	1
3929	品牌D 禮物卡 綠色 XL	10	1300.00	1
3930	品牌D 禮物卡 綠色 均一	10	1310.00	1
3931	品牌D 禮物卡 米色 S	10	1320.00	1
3932	品牌D 禮物卡 米色 M	10	1330.00	1
3933	品牌D 禮物卡 米色 L	10	1340.00	1
3934	品牌D 禮物卡 米色 XL	10	1350.00	1
3935	品牌D 禮物卡 米色 均一	10	1360.00	1
3936	品牌D 禮物卡 粉色 S	10	1370.00	1
3937	品牌D 禮物卡 粉色 M	10	1380.00	1
3938	品牌D 禮物卡 粉色 L	10	1390.00	1
3939	品牌D 禮物卡 粉色 XL	10	1400.00	1
3940	品牌D 禮物卡 粉色 均一	10	1410.00	1
3941	品牌D 禮物卡 黃色 S	10	1420.00	1
3942	品牌D 禮物卡 黃色 M	10	1430.00	1
3943	品牌D 禮物卡 黃色 L	10	1440.00	1
3944	品牌D 禮物卡 黃色 XL	10	1450.00	1
3945	品牌D 禮物卡 黃色 均一	10	1460.00	1
3946	品牌D 禮物卡 紫色 S	10	1470.00	1
3947	品牌D 禮物卡 紫色 M	10	1480.00	1
3948	品牌D 禮物卡 紫色 L	10	1490.00	1
3949	品牌D 禮物卡 紫色 XL	10	1500.00	1
3950	品牌D 禮物卡 紫色 均一	10	1510.00	0
3951	品牌D 收納袋 黑色 S	10	1520.00	1
3952	品牌D 收納袋 黑色 M	10	1530.00	1
3953	品牌D 收納袋 黑色 L	10	1540.00	1
3954	品牌D 收納袋 黑色 XL	10	1550.00	1
3955	品牌D 收納袋 黑色 均一	10	1560.00	1
3956	品牌D 收納袋 白色 S	10	1570.00	1
3957	品牌D 收納袋 白色 M	10	1580.00	1
3958	品牌D 收納袋 白色 L	10	1590.00	1
3959	品牌D 收納袋 白色 XL	10	1600.00	1
3960	品牌D 收納袋 白色 均一	10	1610.00	1
3961	品牌D 收納袋 藍色 S	10	1620.00	1
3962	品牌D 收納袋 藍色 M	10	1630.00	1
3963	品牌D 收納袋 藍色 L	10	1640.00	1
3964	品牌D 收納袋 藍色 XL	10	1650.00	1
3965	品牌D 收納袋 藍色 均一	10	1660.00	1
3966	品牌D 收納袋 紅色 S	10	1670.00	1
3967	品牌D 收納袋 紅色 M	10	1680.00	1
3968	品牌D 收納袋 紅色 L	10	1690.00	1
3969	品牌D 收納袋 紅色 XL	10	1700.00	1
3970	品牌D 收納袋 紅色 均一	10	1710.00	1
3971	品牌D 收納袋 灰色 S	10	1720.00	1
3972	品牌D 收納袋 灰色 M	10	1730.00	1
3973	品牌D 收納袋 灰色 L	10	1740.00	1
3974	品牌D 收納袋 灰色 XL	10	1750.00	1
3975	品牌D 收納袋 灰色 均一	10	1760.00	1
3976	品牌D 收納袋 綠色 S	10	1770.00	1
3977	品牌D 收納袋 綠色 M	10	1780.00	1
3978	品牌D 收納袋 綠色 L	10	1790.00	1
3979	品牌D 收納袋 綠色 XL	10	1800.00	1
3980	品牌D 收納袋 綠色 均一	10	1810.00	1
3981	品牌D 收納袋 米色 S	10	1820.00	1
3982	品牌D 收納袋 米色 M	10	1830.00	1
3983	品牌D 收納袋 米色 L	10	1840.00	1
3984	品牌D 收納袋 米色 XL	10	1850.00	1
3985	品牌D 收納袋 米色 均一	10	1860.00	1
3986	品牌D 收納袋 粉色 S	10	1870.00	1
3987	品牌D 收納袋 粉色 M	10	1880.00	1
3988	品牌D 收納袋 粉色 L	10	1890.00	1
3989	品牌D 收納袋 粉色 XL	10	1900.00	1
3990	品牌D 收納袋 粉色 均一	10	1910.00	1
3991	品牌D 收納袋 黃色 S	10	1920.00	1
3992	品牌D 收納袋 黃色 M	10	1930.00	1
3993	品牌D 收納袋 黃色 L	10	1940.00	1
3994	品牌D 收納袋 黃色 XL	10	1950.00	1
3995	品牌D 收納袋 黃色 均一	10	1960.00	1
3996	品牌D 收納袋 紫色 S	10	1970.00	1
3997	品牌D 收納袋 紫色 M	10	1980.00	1
3998	品牌D 收納袋 紫色 L	10	1990.00	1
3999	品牌D 收納袋 紫色 XL	10	2000.00	1
4000	品牌D 收納袋 紫色 均一	10	10.00	0
4001	品牌E T恤 黑色 S	1	20.00	1
4002	品牌E T恤 黑色 M	1	30.00	1
4003	品牌E T恤 黑色 L	1	40.00	1
4004	品牌E T恤 黑色 XL	1	50.00	1
4005	品牌E T恤 黑色 均一	1	60.00	1
4006	品牌E T恤 白色 S	1	70.00	1
4007	品牌E T恤 白色 M	1	80.00	1
4008	品牌E T恤 白色 L	1	90.00	1
4009	品牌E T恤 白色 XL	1	100.00	1
4010	品牌E T恤 白色 均一	1	110.00	1
4011	品牌E T恤 藍色 S	1	120.00	1
4012	品牌E T恤 藍色 M	1	130.00	1
4013	品牌E T恤 藍色 L	1	140.00	1
4014	品牌E T恤 藍色 XL	1	150.00	1
4015	品牌E T恤 藍色 均一	1	160.00	1
4016	品牌E T恤 紅色 S	1	170.00	1
4017	品牌E T恤 紅色 M	1	180.00	1
4018	品牌E T恤 紅色 L	1	190.00	1
4019	品牌E T恤 紅色 XL	1	200.00	1
4020	品牌E T恤 紅色 均一	1	210.00	1
4021	品牌E T恤 灰色 S	1	220.00	1
4022	品牌E T恤 灰色 M	1	230.00	1
4023	品牌E T恤 灰色 L	1	240.00	1
4024	品牌E T恤 灰色 XL	1	250.00	1
4025	品牌E T恤 灰色 均一	1	260.00	1
4026	品牌E T恤 綠色 S	1	270.00	1
4027	品牌E T恤 綠色 M	1	280.00	1
4028	品牌E T恤 綠色 L	1	290.00	1
4029	品牌E T恤 綠色 XL	1	300.00	1
4030	品牌E T恤 綠色 均一	1	310.00	1
4031	品牌E T恤 米色 S	1	320.00	1
4032	品牌E T恤 米色 M	1	330.00	1
4033	品牌E T恤 米色 L	1	340.00	1
4034	品牌E T恤 米色 XL	1	350.00	1
4035	品牌E T恤 米色 均一	1	360.00	1
4036	品牌E T恤 粉色 S	1	370.00	1
4037	品牌E T恤 粉色 M	1	380.00	1
4038	品牌E T恤 粉色 L	1	390.00	1
4039	品牌E T恤 粉色 XL	1	400.00	1
4040	品牌E T恤 粉色 均一	1	410.00	1
4041	品牌E T恤 黃色 S	1	420.00	1
4042	品牌E T恤 黃色 M	1	430.00	1
4043	品牌E T恤 黃色 L	1	440.00	1
4044	品牌E T恤 黃色 XL	1	450.00	1
4045	品牌E T恤 黃色 均一	1	460.00	1
4046	品牌E T恤 紫色 S	1	470.00	1
4047	品牌E T恤 紫色 M	1	480.00	1
4048	品牌E T恤 紫色 L	1	490.00	1
4049	品牌E T恤 紫色 XL	1	500.00	1
4050	品牌E T恤 紫色 均一	1	510.00	0
4051	品牌E 外套 黑色 S	1	520.00	1
4052	品牌E 外套 黑色 M	1	530.00	1
4053	品牌E 外套 黑色 L	1	540.00	1
4054	品牌E 外套 黑色 XL	1	550.00	1
4055	品牌E 外套 黑色 均一	1	560.00	1
4056	品牌E 外套 白色 S	1	570.00	1
4057	品牌E 外套 白色 M	1	580.00	1
4058	品牌E 外套 白色 L	1	590.00	1
4059	品牌E 外套 白色 XL	1	600.00	1
4060	品牌E 外套 白色 均一	1	610.00	1
4061	品牌E 外套 藍色 S	1	620.00	1
4062	品牌E 外套 藍色 M	1	630.00	1
4063	品牌E 外套 藍色 L	1	640.00	1
4064	品牌E 外套 藍色 XL	1	650.00	1
4065	品牌E 外套 藍色 均一	1	660.00	1
4066	品牌E 外套 紅色 S	1	670.00	1
4067	品牌E 外套 紅色 M	1	680.00	1
4068	品牌E 外套 紅色 L	1	690.00	1
4069	品牌E 外套 紅色 XL	1	700.00	1
4070	品牌E 外套 紅色 均一	1	710.00	1
4071	品牌E 外套 灰色 S	1	720.00	1
4072	品牌E 外套 灰色 M	1	730.00	1
4073	品牌E 外套 灰色 L	1	740.00	1
4074	品牌E 外套 灰色 XL	1	750.00	1
4075	品牌E 外套 灰色 均一	1	760.00	1
4076	品牌E 外套 綠色 S	1	770.00	1
4077	品牌E 外套 綠色 M	1	780.00	1
4078	品牌E 外套 綠色 L	1	790.00	1
4079	品牌E 外套 綠色 XL	1	800.00	1
4080	品牌E 外套 綠色 均一	1	810.00	1
4081	品牌E 外套 米色 S	1	820.00	1
4082	品牌E 外套 米色 M	1	830.00	1
4083	品牌E 外套 米色 L	1	840.00	1
4084	品牌E 外套 米色 XL	1	850.00	1
4085	品牌E 外套 米色 均一	1	860.00	1
4086	品牌E 外套 粉色 S	1	870.00	1
4087	品牌E 外套 粉色 M	1	880.00	1
4088	品牌E 外套 粉色 L	1	890.00	1
4089	品牌E 外套 粉色 XL	1	900.00	1
4090	品牌E 外套 粉色 均一	1	910.00	1
4091	品牌E 外套 黃色 S	1	920.00	1
4092	品牌E 外套 黃色 M	1	930.00	1
4093	品牌E 外套 黃色 L	1	940.00	1
4094	品牌E 外套 黃色 XL	1	950.00	1
4095	品牌E 外套 黃色 均一	1	960.00	1
4096	品牌E 外套 紫色 S	1	970.00	1
4097	品牌E 外套 紫色 M	1	980.00	1
4098	品牌E 外套 紫色 L	1	990.00	1
4099	品牌E 外套 紫色 XL	1	1000.00	1
4100	品牌E 外套 紫色 均一	1	1010.00	0
4101	品牌E 無線耳機 黑色 S	2	1020.00	1
4102	品牌E 無線耳機 黑色 M	2	1030.00	1
4103	品牌E 無線耳機 黑色 L	2	1040.00	1
4104	品牌E 無線耳機 黑色 XL	2	1050.00	1
4105	品牌E 無線耳機 黑色 均一	2	1060.00	1
4106	品牌E 無線耳機 白色 S	2	1070.00	1
4107	品牌E 無線耳機 白色 M	2	1080.00	1
4108	品牌E 無線耳機 白色 L	2	1090.00	1
4109	品牌E 無線耳機 白色 XL	2	1100.00	1
4110	品牌E 無線耳機 白色 均一	2	1110.00	1
4111	品牌E 無線耳機 藍色 S	2	1120.00	1
4112	品牌E 無線耳機 藍色 M	2	1130.00	1
4113	品牌E 無線耳機 藍色 L	2	1140.00	1
4114	品牌E 無線耳機 藍色 XL	2	1150.00	1
4115	品牌E 無線耳機 藍色 均一	2	1160.00	1
4116	品牌E 無線耳機 紅色 S	2	1170.00	1
4117	品牌E 無線耳機 紅色 M	2	1180.00	1
4118	品牌E 無線耳機 紅色 L	2	1190.00	1
4119	品牌E 無線耳機 紅色 XL	2	1200.00	1
4120	品牌E 無線耳機 紅色 均一	2	1210.00	1
4121	品牌E 無線耳機 灰色 S	2	1220.00	1
4122	品牌E 無線耳機 灰色 M	2	1230.00	1
4123	品牌E 無線耳機 灰色 L	2	1240.00	1
4124	品牌E 無線耳機 灰色 XL	2	1250.00	1
4125	品牌E 無線耳機 灰色 均一	2	1260.00	1
4126	品牌E 無線耳機 綠色 S	2	1270.00	1
4127	品牌E 無線耳機 綠色 M	2	1280.00	1
4128	品牌E 無線耳機 綠色 L	2	1290.00	1
4129	品牌E 無線耳機 綠色 XL	2	1300.00	1
4130	品牌E 無線耳機 綠色 均一	2	1310.00	1
4131	品牌E 無線耳機 米色 S	2	1320.00	1
4132	品牌E 無線耳機 米色 M	2	1330.00	1
4133	品牌E 無線耳機 米色 L	2	1340.00	1
4134	品牌E 無線耳機 米色 XL	2	1350.00	1
4135	品牌E 無線耳機 米色 均一	2	1360.00	1
4136	品牌E 無線耳機 粉色 S	2	1370.00	1
4137	品牌E 無線耳機 粉色 M	2	1380.00	1
4138	品牌E 無線耳機 粉色 L	2	1390.00	1
4139	品牌E 無線耳機 粉色 XL	2	1400.00	1
4140	品牌E 無線耳機 粉色 均一	2	1410.00	1
4141	品牌E 無線耳機 黃色 S	2	1420.00	1
4142	品牌E 無線耳機 黃色 M	2	1430.00	1
4143	品牌E 無線耳機 黃色 L	2	1440.00	1
4144	品牌E 無線耳機 黃色 XL	2	1450.00	1
4145	品牌E 無線耳機 黃色 均一	2	1460.00	1
4146	品牌E 無線耳機 紫色 S	2	1470.00	1
4147	品牌E 無線耳機 紫色 M	2	1480.00	1
4148	品牌E 無線耳機 紫色 L	2	1490.00	1
4149	品牌E 無線耳機 紫色 XL	2	1500.00	1
4150	品牌E 無線耳機 紫色 均一	2	1510.00	0
4151	品牌E 行動電源 黑色 S	2	1520.00	1
4152	品牌E 行動電源 黑色 M	2	1530.00	1
4153	品牌E 行動電源 黑色 L	2	1540.00	1
4154	品牌E 行動電源 黑色 XL	2	1550.00	1
4155	品牌E 行動電源 黑色 均一	2	1560.00	1
4156	品牌E 行動電源 白色 S	2	1570.00	1
4157	品牌E 行動電源 白色 M	2	1580.00	1
4158	品牌E 行動電源 白色 L	2	1590.00	1
4159	品牌E 行動電源 白色 XL	2	1600.00	1
4160	品牌E 行動電源 白色 均一	2	1610.00	1
4161	品牌E 行動電源 藍色 S	2	1620.00	1
4162	品牌E 行動電源 藍色 M	2	1630.00	1
4163	品牌E 行動電源 藍色 L	2	1640.00	1
4164	品牌E 行動電源 藍色 XL	2	1650.00	1
4165	品牌E 行動電源 藍色 均一	2	1660.00	1
4166	品牌E 行動電源 紅色 S	2	1670.00	1
4167	品牌E 行動電源 紅色 M	2	1680.00	1
4168	品牌E 行動電源 紅色 L	2	1690.00	1
4169	品牌E 行動電源 紅色 XL	2	1700.00	1
4170	品牌E 行動電源 紅色 均一	2	1710.00	1
4171	品牌E 行動電源 灰色 S	2	1720.00	1
4172	品牌E 行動電源 灰色 M	2	1730.00	1
4173	品牌E 行動電源 灰色 L	2	1740.00	1
4174	品牌E 行動電源 灰色 XL	2	1750.00	1
4175	品牌E 行動電源 灰色 均一	2	1760.00	1
4176	品牌E 行動電源 綠色 S	2	1770.00	1
4177	品牌E 行動電源 綠色 M	2	1780.00	1
4178	品牌E 行動電源 綠色 L	2	1790.00	1
4179	品牌E 行動電源 綠色 XL	2	1800.00	1
4180	品牌E 行動電源 綠色 均一	2	1810.00	1
4181	品牌E 行動電源 米色 S	2	1820.00	1
4182	品牌E 行動電源 米色 M	2	1830.00	1
4183	品牌E 行動電源 米色 L	2	1840.00	1
4184	品牌E 行動電源 米色 XL	2	1850.00	1
4185	品牌E 行動電源 米色 均一	2	1860.00	1
4186	品牌E 行動電源 粉色 S	2	1870.00	1
4187	品牌E 行動電源 粉色 M	2	1880.00	1
4188	品牌E 行動電源 粉色 L	2	1890.00	1
4189	品牌E 行動電源 粉色 XL	2	1900.00	1
4190	品牌E 行動電源 粉色 均一	2	1910.00	1
4191	品牌E 行動電源 黃色 S	2	1920.00	1
4192	品牌E 行動電源 黃色 M	2	1930.00	1
4193	品牌E 行動電源 黃色 L	2	1940.00	1
4194	品牌E 行動電源 黃色 XL	2	1950.00	1
4195	品牌E 行動電源 黃色 均一	2	1960.00	1
4196	品牌E 行動電源 紫色 S	2	1970.00	1
4197	品牌E 行動電源 紫色 M	2	1980.00	1
4198	品牌E 行動電源 紫色 L	2	1990.00	1
4199	品牌E 行動電源 紫色 XL	2	2000.00	1
4200	品牌E 行動電源 紫色 均一	2	10.00	0
4201	品牌E 馬克杯 黑色 S	3	20.00	1
4202	品牌E 馬克杯 黑色 M	3	30.00	1
4203	品牌E 馬克杯 黑色 L	3	40.00	1
4204	品牌E 馬克杯 黑色 XL	3	50.00	1
4205	品牌E 馬克杯 黑色 均一	3	60.00	1
4206	品牌E 馬克杯 白色 S	3	70.00	1
4207	品牌E 馬克杯 白色 M	3	80.00	1
4208	品牌E 馬克杯 白色 L	3	90.00	1
4209	品牌E 馬克杯 白色 XL	3	100.00	1
4210	品牌E 馬克杯 白色 均一	3	110.00	1
4211	品牌E 馬克杯 藍色 S	3	120.00	1
4212	品牌E 馬克杯 藍色 M	3	130.00	1
4213	品牌E 馬克杯 藍色 L	3	140.00	1
4214	品牌E 馬克杯 藍色 XL	3	150.00	1
4215	品牌E 馬克杯 藍色 均一	3	160.00	1
4216	品牌E 馬克杯 紅色 S	3	170.00	1
4217	品牌E 馬克杯 紅色 M	3	180.00	1
4218	品牌E 馬克杯 紅色 L	3	190.00	1
4219	品牌E 馬克杯 紅色 XL	3	200.00	1
4220	品牌E 馬克杯 紅色 均一	3	210.00	1
4221	品牌E 馬克杯 灰色 S	3	220.00	1
4222	品牌E 馬克杯 灰色 M	3	230.00	1
4223	品牌E 馬克杯 灰色 L	3	240.00	1
4224	品牌E 馬克杯 灰色 XL	3	250.00	1
4225	品牌E 馬克杯 灰色 均一	3	260.00	1
4226	品牌E 馬克杯 綠色 S	3	270.00	1
4227	品牌E 馬克杯 綠色 M	3	280.00	1
4228	品牌E 馬克杯 綠色 L	3	290.00	1
4229	品牌E 馬克杯 綠色 XL	3	300.00	1
4230	品牌E 馬克杯 綠色 均一	3	310.00	1
4231	品牌E 馬克杯 米色 S	3	320.00	1
4232	品牌E 馬克杯 米色 M	3	330.00	1
4233	品牌E 馬克杯 米色 L	3	340.00	1
4234	品牌E 馬克杯 米色 XL	3	350.00	1
4235	品牌E 馬克杯 米色 均一	3	360.00	1
4236	品牌E 馬克杯 粉色 S	3	370.00	1
4237	品牌E 馬克杯 粉色 M	3	380.00	1
4238	品牌E 馬克杯 粉色 L	3	390.00	1
4239	品牌E 馬克杯 粉色 XL	3	400.00	1
4240	品牌E 馬克杯 粉色 均一	3	410.00	1
4241	品牌E 馬克杯 黃色 S	3	420.00	1
4242	品牌E 馬克杯 黃色 M	3	430.00	1
4243	品牌E 馬克杯 黃色 L	3	440.00	1
4244	品牌E 馬克杯 黃色 XL	3	450.00	1
4245	品牌E 馬克杯 黃色 均一	3	460.00	1
4246	品牌E 馬克杯 紫色 S	3	470.00	1
4247	品牌E 馬克杯 紫色 M	3	480.00	1
4248	品牌E 馬克杯 紫色 L	3	490.00	1
4249	品牌E 馬克杯 紫色 XL	3	500.00	1
4250	品牌E 馬克杯 紫色 均一	3	510.00	0
4251	品牌E 收納盒 黑色 S	3	520.00	1
4252	品牌E 收納盒 黑色 M	3	530.00	1
4253	品牌E 收納盒 黑色 L	3	540.00	1
4254	品牌E 收納盒 黑色 XL	3	550.00	1
4255	品牌E 收納盒 黑色 均一	3	560.00	1
4256	品牌E 收納盒 白色 S	3	570.00	1
4257	品牌E 收納盒 白色 M	3	580.00	1
4258	品牌E 收納盒 白色 L	3	590.00	1
4259	品牌E 收納盒 白色 XL	3	600.00	1
4260	品牌E 收納盒 白色 均一	3	610.00	1
4261	品牌E 收納盒 藍色 S	3	620.00	1
4262	品牌E 收納盒 藍色 M	3	630.00	1
4263	品牌E 收納盒 藍色 L	3	640.00	1
4264	品牌E 收納盒 藍色 XL	3	650.00	1
4265	品牌E 收納盒 藍色 均一	3	660.00	1
4266	品牌E 收納盒 紅色 S	3	670.00	1
4267	品牌E 收納盒 紅色 M	3	680.00	1
4268	品牌E 收納盒 紅色 L	3	690.00	1
4269	品牌E 收納盒 紅色 XL	3	700.00	1
4270	品牌E 收納盒 紅色 均一	3	710.00	1
4271	品牌E 收納盒 灰色 S	3	720.00	1
4272	品牌E 收納盒 灰色 M	3	730.00	1
4273	品牌E 收納盒 灰色 L	3	740.00	1
4274	品牌E 收納盒 灰色 XL	3	750.00	1
4275	品牌E 收納盒 灰色 均一	3	760.00	1
4276	品牌E 收納盒 綠色 S	3	770.00	1
4277	品牌E 收納盒 綠色 M	3	780.00	1
4278	品牌E 收納盒 綠色 L	3	790.00	1
4279	品牌E 收納盒 綠色 XL	3	800.00	1
4280	品牌E 收納盒 綠色 均一	3	810.00	1
4281	品牌E 收納盒 米色 S	3	820.00	1
4282	品牌E 收納盒 米色 M	3	830.00	1
4283	品牌E 收納盒 米色 L	3	840.00	1
4284	品牌E 收納盒 米色 XL	3	850.00	1
4285	品牌E 收納盒 米色 均一	3	860.00	1
4286	品牌E 收納盒 粉色 S	3	870.00	1
4287	品牌E 收納盒 粉色 M	3	880.00	1
4288	品牌E 收納盒 粉色 L	3	890.00	1
4289	品牌E 收納盒 粉色 XL	3	900.00	1
4290	品牌E 收納盒 粉色 均一	3	910.00	1
4291	品牌E 收納盒 黃色 S	3	920.00	1
4292	品牌E 收納盒 黃色 M	3	930.00	1
4293	品牌E 收納盒 黃色 L	3	940.00	1
4294	品牌E 收納盒 黃色 XL	3	950.00	1
4295	品牌E 收納盒 黃色 均一	3	960.00	1
4296	品牌E 收納盒 紫色 S	3	970.00	1
4297	品牌E 收納盒 紫色 M	3	980.00	1
4298	品牌E 收納盒 紫色 L	3	990.00	1
4299	品牌E 收納盒 紫色 XL	3	1000.00	1
4300	品牌E 收納盒 紫色 均一	3	1010.00	0
4301	品牌E 咖啡豆 黑色 S	4	1020.00	1
4302	品牌E 咖啡豆 黑色 M	4	1030.00	1
4303	品牌E 咖啡豆 黑色 L	4	1040.00	1
4304	品牌E 咖啡豆 黑色 XL	4	1050.00	1
4305	品牌E 咖啡豆 黑色 均一	4	1060.00	1
4306	品牌E 咖啡豆 白色 S	4	1070.00	1
4307	品牌E 咖啡豆 白色 M	4	1080.00	1
4308	品牌E 咖啡豆 白色 L	4	1090.00	1
4309	品牌E 咖啡豆 白色 XL	4	1100.00	1
4310	品牌E 咖啡豆 白色 均一	4	1110.00	1
4311	品牌E 咖啡豆 藍色 S	4	1120.00	1
4312	品牌E 咖啡豆 藍色 M	4	1130.00	1
4313	品牌E 咖啡豆 藍色 L	4	1140.00	1
4314	品牌E 咖啡豆 藍色 XL	4	1150.00	1
4315	品牌E 咖啡豆 藍色 均一	4	1160.00	1
4316	品牌E 咖啡豆 紅色 S	4	1170.00	1
4317	品牌E 咖啡豆 紅色 M	4	1180.00	1
4318	品牌E 咖啡豆 紅色 L	4	1190.00	1
4319	品牌E 咖啡豆 紅色 XL	4	1200.00	1
4320	品牌E 咖啡豆 紅色 均一	4	1210.00	1
4321	品牌E 咖啡豆 灰色 S	4	1220.00	1
4322	品牌E 咖啡豆 灰色 M	4	1230.00	1
4323	品牌E 咖啡豆 灰色 L	4	1240.00	1
4324	品牌E 咖啡豆 灰色 XL	4	1250.00	1
4325	品牌E 咖啡豆 灰色 均一	4	1260.00	1
4326	品牌E 咖啡豆 綠色 S	4	1270.00	1
4327	品牌E 咖啡豆 綠色 M	4	1280.00	1
4328	品牌E 咖啡豆 綠色 L	4	1290.00	1
4329	品牌E 咖啡豆 綠色 XL	4	1300.00	1
4330	品牌E 咖啡豆 綠色 均一	4	1310.00	1
4331	品牌E 咖啡豆 米色 S	4	1320.00	1
4332	品牌E 咖啡豆 米色 M	4	1330.00	1
4333	品牌E 咖啡豆 米色 L	4	1340.00	1
4334	品牌E 咖啡豆 米色 XL	4	1350.00	1
4335	品牌E 咖啡豆 米色 均一	4	1360.00	1
4336	品牌E 咖啡豆 粉色 S	4	1370.00	1
4337	品牌E 咖啡豆 粉色 M	4	1380.00	1
4338	品牌E 咖啡豆 粉色 L	4	1390.00	1
4339	品牌E 咖啡豆 粉色 XL	4	1400.00	1
4340	品牌E 咖啡豆 粉色 均一	4	1410.00	1
4341	品牌E 咖啡豆 黃色 S	4	1420.00	1
4342	品牌E 咖啡豆 黃色 M	4	1430.00	1
4343	品牌E 咖啡豆 黃色 L	4	1440.00	1
4344	品牌E 咖啡豆 黃色 XL	4	1450.00	1
4345	品牌E 咖啡豆 黃色 均一	4	1460.00	1
4346	品牌E 咖啡豆 紫色 S	4	1470.00	1
4347	品牌E 咖啡豆 紫色 M	4	1480.00	1
4348	品牌E 咖啡豆 紫色 L	4	1490.00	1
4349	品牌E 咖啡豆 紫色 XL	4	1500.00	1
4350	品牌E 咖啡豆 紫色 均一	4	1510.00	0
4351	品牌E 餅乾 黑色 S	4	1520.00	1
4352	品牌E 餅乾 黑色 M	4	1530.00	1
4353	品牌E 餅乾 黑色 L	4	1540.00	1
4354	品牌E 餅乾 黑色 XL	4	1550.00	1
4355	品牌E 餅乾 黑色 均一	4	1560.00	1
4356	品牌E 餅乾 白色 S	4	1570.00	1
4357	品牌E 餅乾 白色 M	4	1580.00	1
4358	品牌E 餅乾 白色 L	4	1590.00	1
4359	品牌E 餅乾 白色 XL	4	1600.00	1
4360	品牌E 餅乾 白色 均一	4	1610.00	1
4361	品牌E 餅乾 藍色 S	4	1620.00	1
4362	品牌E 餅乾 藍色 M	4	1630.00	1
4363	品牌E 餅乾 藍色 L	4	1640.00	1
4364	品牌E 餅乾 藍色 XL	4	1650.00	1
4365	品牌E 餅乾 藍色 均一	4	1660.00	1
4366	品牌E 餅乾 紅色 S	4	1670.00	1
4367	品牌E 餅乾 紅色 M	4	1680.00	1
4368	品牌E 餅乾 紅色 L	4	1690.00	1
4369	品牌E 餅乾 紅色 XL	4	1700.00	1
4370	品牌E 餅乾 紅色 均一	4	1710.00	1
4371	品牌E 餅乾 灰色 S	4	1720.00	1
4372	品牌E 餅乾 灰色 M	4	1730.00	1
4373	品牌E 餅乾 灰色 L	4	1740.00	1
4374	品牌E 餅乾 灰色 XL	4	1750.00	1
4375	品牌E 餅乾 灰色 均一	4	1760.00	1
4376	品牌E 餅乾 綠色 S	4	1770.00	1
4377	品牌E 餅乾 綠色 M	4	1780.00	1
4378	品牌E 餅乾 綠色 L	4	1790.00	1
4379	品牌E 餅乾 綠色 XL	4	1800.00	1
4380	品牌E 餅乾 綠色 均一	4	1810.00	1
4381	品牌E 餅乾 米色 S	4	1820.00	1
4382	品牌E 餅乾 米色 M	4	1830.00	1
4383	品牌E 餅乾 米色 L	4	1840.00	1
4384	品牌E 餅乾 米色 XL	4	1850.00	1
4385	品牌E 餅乾 米色 均一	4	1860.00	1
4386	品牌E 餅乾 粉色 S	4	1870.00	1
4387	品牌E 餅乾 粉色 M	4	1880.00	1
4388	品牌E 餅乾 粉色 L	4	1890.00	1
4389	品牌E 餅乾 粉色 XL	4	1900.00	1
4390	品牌E 餅乾 粉色 均一	4	1910.00	1
4391	品牌E 餅乾 黃色 S	4	1920.00	1
4392	品牌E 餅乾 黃色 M	4	1930.00	1
4393	品牌E 餅乾 黃色 L	4	1940.00	1
4394	品牌E 餅乾 黃色 XL	4	1950.00	1
4395	品牌E 餅乾 黃色 均一	4	1960.00	1
4396	品牌E 餅乾 紫色 S	4	1970.00	1
4397	品牌E 餅乾 紫色 M	4	1980.00	1
4398	品牌E 餅乾 紫色 L	4	1990.00	1
4399	品牌E 餅乾 紫色 XL	4	2000.00	1
4400	品牌E 餅乾 紫色 均一	4	10.00	0
4401	品牌E 洗面乳 黑色 S	5	20.00	1
4402	品牌E 洗面乳 黑色 M	5	30.00	1
4403	品牌E 洗面乳 黑色 L	5	40.00	1
4404	品牌E 洗面乳 黑色 XL	5	50.00	1
4405	品牌E 洗面乳 黑色 均一	5	60.00	1
4406	品牌E 洗面乳 白色 S	5	70.00	1
4407	品牌E 洗面乳 白色 M	5	80.00	1
4408	品牌E 洗面乳 白色 L	5	90.00	1
4409	品牌E 洗面乳 白色 XL	5	100.00	1
4410	品牌E 洗面乳 白色 均一	5	110.00	1
4411	品牌E 洗面乳 藍色 S	5	120.00	1
4412	品牌E 洗面乳 藍色 M	5	130.00	1
4413	品牌E 洗面乳 藍色 L	5	140.00	1
4414	品牌E 洗面乳 藍色 XL	5	150.00	1
4415	品牌E 洗面乳 藍色 均一	5	160.00	1
4416	品牌E 洗面乳 紅色 S	5	170.00	1
4417	品牌E 洗面乳 紅色 M	5	180.00	1
4418	品牌E 洗面乳 紅色 L	5	190.00	1
4419	品牌E 洗面乳 紅色 XL	5	200.00	1
4420	品牌E 洗面乳 紅色 均一	5	210.00	1
4421	品牌E 洗面乳 灰色 S	5	220.00	1
4422	品牌E 洗面乳 灰色 M	5	230.00	1
4423	品牌E 洗面乳 灰色 L	5	240.00	1
4424	品牌E 洗面乳 灰色 XL	5	250.00	1
4425	品牌E 洗面乳 灰色 均一	5	260.00	1
4426	品牌E 洗面乳 綠色 S	5	270.00	1
4427	品牌E 洗面乳 綠色 M	5	280.00	1
4428	品牌E 洗面乳 綠色 L	5	290.00	1
4429	品牌E 洗面乳 綠色 XL	5	300.00	1
4430	品牌E 洗面乳 綠色 均一	5	310.00	1
4431	品牌E 洗面乳 米色 S	5	320.00	1
4432	品牌E 洗面乳 米色 M	5	330.00	1
4433	品牌E 洗面乳 米色 L	5	340.00	1
4434	品牌E 洗面乳 米色 XL	5	350.00	1
4435	品牌E 洗面乳 米色 均一	5	360.00	1
4436	品牌E 洗面乳 粉色 S	5	370.00	1
4437	品牌E 洗面乳 粉色 M	5	380.00	1
4438	品牌E 洗面乳 粉色 L	5	390.00	1
4439	品牌E 洗面乳 粉色 XL	5	400.00	1
4440	品牌E 洗面乳 粉色 均一	5	410.00	1
4441	品牌E 洗面乳 黃色 S	5	420.00	1
4442	品牌E 洗面乳 黃色 M	5	430.00	1
4443	品牌E 洗面乳 黃色 L	5	440.00	1
4444	品牌E 洗面乳 黃色 XL	5	450.00	1
4445	品牌E 洗面乳 黃色 均一	5	460.00	1
4446	品牌E 洗面乳 紫色 S	5	470.00	1
4447	品牌E 洗面乳 紫色 M	5	480.00	1
4448	品牌E 洗面乳 紫色 L	5	490.00	1
4449	品牌E 洗面乳 紫色 XL	5	500.00	1
4450	品牌E 洗面乳 紫色 均一	5	510.00	0
4451	品牌E 面膜 黑色 S	5	520.00	1
4452	品牌E 面膜 黑色 M	5	530.00	1
4453	品牌E 面膜 黑色 L	5	540.00	1
4454	品牌E 面膜 黑色 XL	5	550.00	1
4455	品牌E 面膜 黑色 均一	5	560.00	1
4456	品牌E 面膜 白色 S	5	570.00	1
4457	品牌E 面膜 白色 M	5	580.00	1
4458	品牌E 面膜 白色 L	5	590.00	1
4459	品牌E 面膜 白色 XL	5	600.00	1
4460	品牌E 面膜 白色 均一	5	610.00	1
4461	品牌E 面膜 藍色 S	5	620.00	1
4462	品牌E 面膜 藍色 M	5	630.00	1
4463	品牌E 面膜 藍色 L	5	640.00	1
4464	品牌E 面膜 藍色 XL	5	650.00	1
4465	品牌E 面膜 藍色 均一	5	660.00	1
4466	品牌E 面膜 紅色 S	5	670.00	1
4467	品牌E 面膜 紅色 M	5	680.00	1
4468	品牌E 面膜 紅色 L	5	690.00	1
4469	品牌E 面膜 紅色 XL	5	700.00	1
4470	品牌E 面膜 紅色 均一	5	710.00	1
4471	品牌E 面膜 灰色 S	5	720.00	1
4472	品牌E 面膜 灰色 M	5	730.00	1
4473	品牌E 面膜 灰色 L	5	740.00	1
4474	品牌E 面膜 灰色 XL	5	750.00	1
4475	品牌E 面膜 灰色 均一	5	760.00	1
4476	品牌E 面膜 綠色 S	5	770.00	1
4477	品牌E 面膜 綠色 M	5	780.00	1
4478	品牌E 面膜 綠色 L	5	790.00	1
4479	品牌E 面膜 綠色 XL	5	800.00	1
4480	品牌E 面膜 綠色 均一	5	810.00	1
4481	品牌E 面膜 米色 S	5	820.00	1
4482	品牌E 面膜 米色 M	5	830.00	1
4483	品牌E 面膜 米色 L	5	840.00	1
4484	品牌E 面膜 米色 XL	5	850.00	1
4485	品牌E 面膜 米色 均一	5	860.00	1
4486	品牌E 面膜 粉色 S	5	870.00	1
4487	品牌E 面膜 粉色 M	5	880.00	1
4488	品牌E 面膜 粉色 L	5	890.00	1
4489	品牌E 面膜 粉色 XL	5	900.00	1
4490	品牌E 面膜 粉色 均一	5	910.00	1
4491	品牌E 面膜 黃色 S	5	920.00	1
4492	品牌E 面膜 黃色 M	5	930.00	1
4493	品牌E 面膜 黃色 L	5	940.00	1
4494	品牌E 面膜 黃色 XL	5	950.00	1
4495	品牌E 面膜 黃色 均一	5	960.00	1
4496	品牌E 面膜 紫色 S	5	970.00	1
4497	品牌E 面膜 紫色 M	5	980.00	1
4498	品牌E 面膜 紫色 L	5	990.00	1
4499	品牌E 面膜 紫色 XL	5	1000.00	1
4500	品牌E 面膜 紫色 均一	5	1010.00	0
4501	品牌E 瑜珈墊 黑色 S	6	1020.00	1
4502	品牌E 瑜珈墊 黑色 M	6	1030.00	1
4503	品牌E 瑜珈墊 黑色 L	6	1040.00	1
4504	品牌E 瑜珈墊 黑色 XL	6	1050.00	1
4505	品牌E 瑜珈墊 黑色 均一	6	1060.00	1
4506	品牌E 瑜珈墊 白色 S	6	1070.00	1
4507	品牌E 瑜珈墊 白色 M	6	1080.00	1
4508	品牌E 瑜珈墊 白色 L	6	1090.00	1
4509	品牌E 瑜珈墊 白色 XL	6	1100.00	1
4510	品牌E 瑜珈墊 白色 均一	6	1110.00	1
4511	品牌E 瑜珈墊 藍色 S	6	1120.00	1
4512	品牌E 瑜珈墊 藍色 M	6	1130.00	1
4513	品牌E 瑜珈墊 藍色 L	6	1140.00	1
4514	品牌E 瑜珈墊 藍色 XL	6	1150.00	1
4515	品牌E 瑜珈墊 藍色 均一	6	1160.00	1
4516	品牌E 瑜珈墊 紅色 S	6	1170.00	1
4517	品牌E 瑜珈墊 紅色 M	6	1180.00	1
4518	品牌E 瑜珈墊 紅色 L	6	1190.00	1
4519	品牌E 瑜珈墊 紅色 XL	6	1200.00	1
4520	品牌E 瑜珈墊 紅色 均一	6	1210.00	1
4521	品牌E 瑜珈墊 灰色 S	6	1220.00	1
4522	品牌E 瑜珈墊 灰色 M	6	1230.00	1
4523	品牌E 瑜珈墊 灰色 L	6	1240.00	1
4524	品牌E 瑜珈墊 灰色 XL	6	1250.00	1
4525	品牌E 瑜珈墊 灰色 均一	6	1260.00	1
4526	品牌E 瑜珈墊 綠色 S	6	1270.00	1
4527	品牌E 瑜珈墊 綠色 M	6	1280.00	1
4528	品牌E 瑜珈墊 綠色 L	6	1290.00	1
4529	品牌E 瑜珈墊 綠色 XL	6	1300.00	1
4530	品牌E 瑜珈墊 綠色 均一	6	1310.00	1
4531	品牌E 瑜珈墊 米色 S	6	1320.00	1
4532	品牌E 瑜珈墊 米色 M	6	1330.00	1
4533	品牌E 瑜珈墊 米色 L	6	1340.00	1
4534	品牌E 瑜珈墊 米色 XL	6	1350.00	1
4535	品牌E 瑜珈墊 米色 均一	6	1360.00	1
4536	品牌E 瑜珈墊 粉色 S	6	1370.00	1
4537	品牌E 瑜珈墊 粉色 M	6	1380.00	1
4538	品牌E 瑜珈墊 粉色 L	6	1390.00	1
4539	品牌E 瑜珈墊 粉色 XL	6	1400.00	1
4540	品牌E 瑜珈墊 粉色 均一	6	1410.00	1
4541	品牌E 瑜珈墊 黃色 S	6	1420.00	1
4542	品牌E 瑜珈墊 黃色 M	6	1430.00	1
4543	品牌E 瑜珈墊 黃色 L	6	1440.00	1
4544	品牌E 瑜珈墊 黃色 XL	6	1450.00	1
4545	品牌E 瑜珈墊 黃色 均一	6	1460.00	1
4546	品牌E 瑜珈墊 紫色 S	6	1470.00	1
4547	品牌E 瑜珈墊 紫色 M	6	1480.00	1
4548	品牌E 瑜珈墊 紫色 L	6	1490.00	1
4549	品牌E 瑜珈墊 紫色 XL	6	1500.00	1
4550	品牌E 瑜珈墊 紫色 均一	6	1510.00	0
4551	品牌E 啞鈴 黑色 S	6	1520.00	1
4552	品牌E 啞鈴 黑色 M	6	1530.00	1
4553	品牌E 啞鈴 黑色 L	6	1540.00	1
4554	品牌E 啞鈴 黑色 XL	6	1550.00	1
4555	品牌E 啞鈴 黑色 均一	6	1560.00	1
4556	品牌E 啞鈴 白色 S	6	1570.00	1
4557	品牌E 啞鈴 白色 M	6	1580.00	1
4558	品牌E 啞鈴 白色 L	6	1590.00	1
4559	品牌E 啞鈴 白色 XL	6	1600.00	1
4560	品牌E 啞鈴 白色 均一	6	1610.00	1
4561	品牌E 啞鈴 藍色 S	6	1620.00	1
4562	品牌E 啞鈴 藍色 M	6	1630.00	1
4563	品牌E 啞鈴 藍色 L	6	1640.00	1
4564	品牌E 啞鈴 藍色 XL	6	1650.00	1
4565	品牌E 啞鈴 藍色 均一	6	1660.00	1
4566	品牌E 啞鈴 紅色 S	6	1670.00	1
4567	品牌E 啞鈴 紅色 M	6	1680.00	1
4568	品牌E 啞鈴 紅色 L	6	1690.00	1
4569	品牌E 啞鈴 紅色 XL	6	1700.00	1
4570	品牌E 啞鈴 紅色 均一	6	1710.00	1
4571	品牌E 啞鈴 灰色 S	6	1720.00	1
4572	品牌E 啞鈴 灰色 M	6	1730.00	1
4573	品牌E 啞鈴 灰色 L	6	1740.00	1
4574	品牌E 啞鈴 灰色 XL	6	1750.00	1
4575	品牌E 啞鈴 灰色 均一	6	1760.00	1
4576	品牌E 啞鈴 綠色 S	6	1770.00	1
4577	品牌E 啞鈴 綠色 M	6	1780.00	1
4578	品牌E 啞鈴 綠色 L	6	1790.00	1
4579	品牌E 啞鈴 綠色 XL	6	1800.00	1
4580	品牌E 啞鈴 綠色 均一	6	1810.00	1
4581	品牌E 啞鈴 米色 S	6	1820.00	1
4582	品牌E 啞鈴 米色 M	6	1830.00	1
4583	品牌E 啞鈴 米色 L	6	1840.00	1
4584	品牌E 啞鈴 米色 XL	6	1850.00	1
4585	品牌E 啞鈴 米色 均一	6	1860.00	1
4586	品牌E 啞鈴 粉色 S	6	1870.00	1
4587	品牌E 啞鈴 粉色 M	6	1880.00	1
4588	品牌E 啞鈴 粉色 L	6	1890.00	1
4589	品牌E 啞鈴 粉色 XL	6	1900.00	1
4590	品牌E 啞鈴 粉色 均一	6	1910.00	1
4591	品牌E 啞鈴 黃色 S	6	1920.00	1
4592	品牌E 啞鈴 黃色 M	6	1930.00	1
4593	品牌E 啞鈴 黃色 L	6	1940.00	1
4594	品牌E 啞鈴 黃色 XL	6	1950.00	1
4595	品牌E 啞鈴 黃色 均一	6	1960.00	1
4596	品牌E 啞鈴 紫色 S	6	1970.00	1
4597	品牌E 啞鈴 紫色 M	6	1980.00	1
4598	品牌E 啞鈴 紫色 L	6	1990.00	1
4599	品牌E 啞鈴 紫色 XL	6	2000.00	1
4600	品牌E 啞鈴 紫色 均一	6	10.00	0
4601	品牌E 筆記本 黑色 S	7	20.00	1
4602	品牌E 筆記本 黑色 M	7	30.00	1
4603	品牌E 筆記本 黑色 L	7	40.00	1
4604	品牌E 筆記本 黑色 XL	7	50.00	1
4605	品牌E 筆記本 黑色 均一	7	60.00	1
4606	品牌E 筆記本 白色 S	7	70.00	1
4607	品牌E 筆記本 白色 M	7	80.00	1
4608	品牌E 筆記本 白色 L	7	90.00	1
4609	品牌E 筆記本 白色 XL	7	100.00	1
4610	品牌E 筆記本 白色 均一	7	110.00	1
4611	品牌E 筆記本 藍色 S	7	120.00	1
4612	品牌E 筆記本 藍色 M	7	130.00	1
4613	品牌E 筆記本 藍色 L	7	140.00	1
4614	品牌E 筆記本 藍色 XL	7	150.00	1
4615	品牌E 筆記本 藍色 均一	7	160.00	1
4616	品牌E 筆記本 紅色 S	7	170.00	1
4617	品牌E 筆記本 紅色 M	7	180.00	1
4618	品牌E 筆記本 紅色 L	7	190.00	1
4619	品牌E 筆記本 紅色 XL	7	200.00	1
4620	品牌E 筆記本 紅色 均一	7	210.00	1
4621	品牌E 筆記本 灰色 S	7	220.00	1
4622	品牌E 筆記本 灰色 M	7	230.00	1
4623	品牌E 筆記本 灰色 L	7	240.00	1
4624	品牌E 筆記本 灰色 XL	7	250.00	1
4625	品牌E 筆記本 灰色 均一	7	260.00	1
4626	品牌E 筆記本 綠色 S	7	270.00	1
4627	品牌E 筆記本 綠色 M	7	280.00	1
4628	品牌E 筆記本 綠色 L	7	290.00	1
4629	品牌E 筆記本 綠色 XL	7	300.00	1
4630	品牌E 筆記本 綠色 均一	7	310.00	1
4631	品牌E 筆記本 米色 S	7	320.00	1
4632	品牌E 筆記本 米色 M	7	330.00	1
4633	品牌E 筆記本 米色 L	7	340.00	1
4634	品牌E 筆記本 米色 XL	7	350.00	1
4635	品牌E 筆記本 米色 均一	7	360.00	1
4636	品牌E 筆記本 粉色 S	7	370.00	1
4637	品牌E 筆記本 粉色 M	7	380.00	1
4638	品牌E 筆記本 粉色 L	7	390.00	1
4639	品牌E 筆記本 粉色 XL	7	400.00	1
4640	品牌E 筆記本 粉色 均一	7	410.00	1
4641	品牌E 筆記本 黃色 S	7	420.00	1
4642	品牌E 筆記本 黃色 M	7	430.00	1
4643	品牌E 筆記本 黃色 L	7	440.00	1
4644	品牌E 筆記本 黃色 XL	7	450.00	1
4645	品牌E 筆記本 黃色 均一	7	460.00	1
4646	品牌E 筆記本 紫色 S	7	470.00	1
4647	品牌E 筆記本 紫色 M	7	480.00	1
4648	品牌E 筆記本 紫色 L	7	490.00	1
4649	品牌E 筆記本 紫色 XL	7	500.00	1
4650	品牌E 筆記本 紫色 均一	7	510.00	0
4651	品牌E 原子筆 黑色 S	7	520.00	1
4652	品牌E 原子筆 黑色 M	7	530.00	1
4653	品牌E 原子筆 黑色 L	7	540.00	1
4654	品牌E 原子筆 黑色 XL	7	550.00	1
4655	品牌E 原子筆 黑色 均一	7	560.00	1
4656	品牌E 原子筆 白色 S	7	570.00	1
4657	品牌E 原子筆 白色 M	7	580.00	1
4658	品牌E 原子筆 白色 L	7	590.00	1
4659	品牌E 原子筆 白色 XL	7	600.00	1
4660	品牌E 原子筆 白色 均一	7	610.00	1
4661	品牌E 原子筆 藍色 S	7	620.00	1
4662	品牌E 原子筆 藍色 M	7	630.00	1
4663	品牌E 原子筆 藍色 L	7	640.00	1
4664	品牌E 原子筆 藍色 XL	7	650.00	1
4665	品牌E 原子筆 藍色 均一	7	660.00	1
4666	品牌E 原子筆 紅色 S	7	670.00	1
4667	品牌E 原子筆 紅色 M	7	680.00	1
4668	品牌E 原子筆 紅色 L	7	690.00	1
4669	品牌E 原子筆 紅色 XL	7	700.00	1
4670	品牌E 原子筆 紅色 均一	7	710.00	1
4671	品牌E 原子筆 灰色 S	7	720.00	1
4672	品牌E 原子筆 灰色 M	7	730.00	1
4673	品牌E 原子筆 灰色 L	7	740.00	1
4674	品牌E 原子筆 灰色 XL	7	750.00	1
4675	品牌E 原子筆 灰色 均一	7	760.00	1
4676	品牌E 原子筆 綠色 S	7	770.00	1
4677	品牌E 原子筆 綠色 M	7	780.00	1
4678	品牌E 原子筆 綠色 L	7	790.00	1
4679	品牌E 原子筆 綠色 XL	7	800.00	1
4680	品牌E 原子筆 綠色 均一	7	810.00	1
4681	品牌E 原子筆 米色 S	7	820.00	1
4682	品牌E 原子筆 米色 M	7	830.00	1
4683	品牌E 原子筆 米色 L	7	840.00	1
4684	品牌E 原子筆 米色 XL	7	850.00	1
4685	品牌E 原子筆 米色 均一	7	860.00	1
4686	品牌E 原子筆 粉色 S	7	870.00	1
4687	品牌E 原子筆 粉色 M	7	880.00	1
4688	品牌E 原子筆 粉色 L	7	890.00	1
4689	品牌E 原子筆 粉色 XL	7	900.00	1
4690	品牌E 原子筆 粉色 均一	7	910.00	1
4691	品牌E 原子筆 黃色 S	7	920.00	1
4692	品牌E 原子筆 黃色 M	7	930.00	1
4693	品牌E 原子筆 黃色 L	7	940.00	1
4694	品牌E 原子筆 黃色 XL	7	950.00	1
4695	品牌E 原子筆 黃色 均一	7	960.00	1
4696	品牌E 原子筆 紫色 S	7	970.00	1
4697	品牌E 原子筆 紫色 M	7	980.00	1
4698	品牌E 原子筆 紫色 L	7	990.00	1
4699	品牌E 原子筆 紫色 XL	7	1000.00	1
4700	品牌E 原子筆 紫色 均一	7	1010.00	0
4701	品牌E 貓砂 黑色 S	8	1020.00	1
4702	品牌E 貓砂 黑色 M	8	1030.00	1
4703	品牌E 貓砂 黑色 L	8	1040.00	1
4704	品牌E 貓砂 黑色 XL	8	1050.00	1
4705	品牌E 貓砂 黑色 均一	8	1060.00	1
4706	品牌E 貓砂 白色 S	8	1070.00	1
4707	品牌E 貓砂 白色 M	8	1080.00	1
4708	品牌E 貓砂 白色 L	8	1090.00	1
4709	品牌E 貓砂 白色 XL	8	1100.00	1
4710	品牌E 貓砂 白色 均一	8	1110.00	1
4711	品牌E 貓砂 藍色 S	8	1120.00	1
4712	品牌E 貓砂 藍色 M	8	1130.00	1
4713	品牌E 貓砂 藍色 L	8	1140.00	1
4714	品牌E 貓砂 藍色 XL	8	1150.00	1
4715	品牌E 貓砂 藍色 均一	8	1160.00	1
4716	品牌E 貓砂 紅色 S	8	1170.00	1
4717	品牌E 貓砂 紅色 M	8	1180.00	1
4718	品牌E 貓砂 紅色 L	8	1190.00	1
4719	品牌E 貓砂 紅色 XL	8	1200.00	1
4720	品牌E 貓砂 紅色 均一	8	1210.00	1
4721	品牌E 貓砂 灰色 S	8	1220.00	1
4722	品牌E 貓砂 灰色 M	8	1230.00	1
4723	品牌E 貓砂 灰色 L	8	1240.00	1
4724	品牌E 貓砂 灰色 XL	8	1250.00	1
4725	品牌E 貓砂 灰色 均一	8	1260.00	1
4726	品牌E 貓砂 綠色 S	8	1270.00	1
4727	品牌E 貓砂 綠色 M	8	1280.00	1
4728	品牌E 貓砂 綠色 L	8	1290.00	1
4729	品牌E 貓砂 綠色 XL	8	1300.00	1
4730	品牌E 貓砂 綠色 均一	8	1310.00	1
4731	品牌E 貓砂 米色 S	8	1320.00	1
4732	品牌E 貓砂 米色 M	8	1330.00	1
4733	品牌E 貓砂 米色 L	8	1340.00	1
4734	品牌E 貓砂 米色 XL	8	1350.00	1
4735	品牌E 貓砂 米色 均一	8	1360.00	1
4736	品牌E 貓砂 粉色 S	8	1370.00	1
4737	品牌E 貓砂 粉色 M	8	1380.00	1
4738	品牌E 貓砂 粉色 L	8	1390.00	1
4739	品牌E 貓砂 粉色 XL	8	1400.00	1
4740	品牌E 貓砂 粉色 均一	8	1410.00	1
4741	品牌E 貓砂 黃色 S	8	1420.00	1
4742	品牌E 貓砂 黃色 M	8	1430.00	1
4743	品牌E 貓砂 黃色 L	8	1440.00	1
4744	品牌E 貓砂 黃色 XL	8	1450.00	1
4745	品牌E 貓砂 黃色 均一	8	1460.00	1
4746	品牌E 貓砂 紫色 S	8	1470.00	1
4747	品牌E 貓砂 紫色 M	8	1480.00	1
4748	品牌E 貓砂 紫色 L	8	1490.00	1
4749	品牌E 貓砂 紫色 XL	8	1500.00	1
4750	品牌E 貓砂 紫色 均一	8	1510.00	0
4751	品牌E 狗零食 黑色 S	8	1520.00	1
4752	品牌E 狗零食 黑色 M	8	1530.00	1
4753	品牌E 狗零食 黑色 L	8	1540.00	1
4754	品牌E 狗零食 黑色 XL	8	1550.00	1
4755	品牌E 狗零食 黑色 均一	8	1560.00	1
4756	品牌E 狗零食 白色 S	8	1570.00	1
4757	品牌E 狗零食 白色 M	8	1580.00	1
4758	品牌E 狗零食 白色 L	8	1590.00	1
4759	品牌E 狗零食 白色 XL	8	1600.00	1
4760	品牌E 狗零食 白色 均一	8	1610.00	1
4761	品牌E 狗零食 藍色 S	8	1620.00	1
4762	品牌E 狗零食 藍色 M	8	1630.00	1
4763	品牌E 狗零食 藍色 L	8	1640.00	1
4764	品牌E 狗零食 藍色 XL	8	1650.00	1
4765	品牌E 狗零食 藍色 均一	8	1660.00	1
4766	品牌E 狗零食 紅色 S	8	1670.00	1
4767	品牌E 狗零食 紅色 M	8	1680.00	1
4768	品牌E 狗零食 紅色 L	8	1690.00	1
4769	品牌E 狗零食 紅色 XL	8	1700.00	1
4770	品牌E 狗零食 紅色 均一	8	1710.00	1
4771	品牌E 狗零食 灰色 S	8	1720.00	1
4772	品牌E 狗零食 灰色 M	8	1730.00	1
4773	品牌E 狗零食 灰色 L	8	1740.00	1
4774	品牌E 狗零食 灰色 XL	8	1750.00	1
4775	品牌E 狗零食 灰色 均一	8	1760.00	1
4776	品牌E 狗零食 綠色 S	8	1770.00	1
4777	品牌E 狗零食 綠色 M	8	1780.00	1
4778	品牌E 狗零食 綠色 L	8	1790.00	1
4779	品牌E 狗零食 綠色 XL	8	1800.00	1
4780	品牌E 狗零食 綠色 均一	8	1810.00	1
4781	品牌E 狗零食 米色 S	8	1820.00	1
4782	品牌E 狗零食 米色 M	8	1830.00	1
4783	品牌E 狗零食 米色 L	8	1840.00	1
4784	品牌E 狗零食 米色 XL	8	1850.00	1
4785	品牌E 狗零食 米色 均一	8	1860.00	1
4786	品牌E 狗零食 粉色 S	8	1870.00	1
4787	品牌E 狗零食 粉色 M	8	1880.00	1
4788	品牌E 狗零食 粉色 L	8	1890.00	1
4789	品牌E 狗零食 粉色 XL	8	1900.00	1
4790	品牌E 狗零食 粉色 均一	8	1910.00	1
4791	品牌E 狗零食 黃色 S	8	1920.00	1
4792	品牌E 狗零食 黃色 M	8	1930.00	1
4793	品牌E 狗零食 黃色 L	8	1940.00	1
4794	品牌E 狗零食 黃色 XL	8	1950.00	1
4795	品牌E 狗零食 黃色 均一	8	1960.00	1
4796	品牌E 狗零食 紫色 S	8	1970.00	1
4797	品牌E 狗零食 紫色 M	8	1980.00	1
4798	品牌E 狗零食 紫色 L	8	1990.00	1
4799	品牌E 狗零食 紫色 XL	8	2000.00	1
4800	品牌E 狗零食 紫色 均一	8	10.00	0
4801	品牌E 小說 黑色 S	9	20.00	1
4802	品牌E 小說 黑色 M	9	30.00	1
4803	品牌E 小說 黑色 L	9	40.00	1
4804	品牌E 小說 黑色 XL	9	50.00	1
4805	品牌E 小說 黑色 均一	9	60.00	1
4806	品牌E 小說 白色 S	9	70.00	1
4807	品牌E 小說 白色 M	9	80.00	1
4808	品牌E 小說 白色 L	9	90.00	1
4809	品牌E 小說 白色 XL	9	100.00	1
4810	品牌E 小說 白色 均一	9	110.00	1
4811	品牌E 小說 藍色 S	9	120.00	1
4812	品牌E 小說 藍色 M	9	130.00	1
4813	品牌E 小說 藍色 L	9	140.00	1
4814	品牌E 小說 藍色 XL	9	150.00	1
4815	品牌E 小說 藍色 均一	9	160.00	1
4816	品牌E 小說 紅色 S	9	170.00	1
4817	品牌E 小說 紅色 M	9	180.00	1
4818	品牌E 小說 紅色 L	9	190.00	1
4819	品牌E 小說 紅色 XL	9	200.00	1
4820	品牌E 小說 紅色 均一	9	210.00	1
4821	品牌E 小說 灰色 S	9	220.00	1
4822	品牌E 小說 灰色 M	9	230.00	1
4823	品牌E 小說 灰色 L	9	240.00	1
4824	品牌E 小說 灰色 XL	9	250.00	1
4825	品牌E 小說 灰色 均一	9	260.00	1
4826	品牌E 小說 綠色 S	9	270.00	1
4827	品牌E 小說 綠色 M	9	280.00	1
4828	品牌E 小說 綠色 L	9	290.00	1
4829	品牌E 小說 綠色 XL	9	300.00	1
4830	品牌E 小說 綠色 均一	9	310.00	1
4831	品牌E 小說 米色 S	9	320.00	1
4832	品牌E 小說 米色 M	9	330.00	1
4833	品牌E 小說 米色 L	9	340.00	1
4834	品牌E 小說 米色 XL	9	350.00	1
4835	品牌E 小說 米色 均一	9	360.00	1
4836	品牌E 小說 粉色 S	9	370.00	1
4837	品牌E 小說 粉色 M	9	380.00	1
4838	品牌E 小說 粉色 L	9	390.00	1
4839	品牌E 小說 粉色 XL	9	400.00	1
4840	品牌E 小說 粉色 均一	9	410.00	1
4841	品牌E 小說 黃色 S	9	420.00	1
4842	品牌E 小說 黃色 M	9	430.00	1
4843	品牌E 小說 黃色 L	9	440.00	1
4844	品牌E 小說 黃色 XL	9	450.00	1
4845	品牌E 小說 黃色 均一	9	460.00	1
4846	品牌E 小說 紫色 S	9	470.00	1
4847	品牌E 小說 紫色 M	9	480.00	1
4848	品牌E 小說 紫色 L	9	490.00	1
4849	品牌E 小說 紫色 XL	9	500.00	1
4850	品牌E 小說 紫色 均一	9	510.00	0
4851	品牌E 食譜 黑色 S	9	520.00	1
4852	品牌E 食譜 黑色 M	9	530.00	1
4853	品牌E 食譜 黑色 L	9	540.00	1
4854	品牌E 食譜 黑色 XL	9	550.00	1
4855	品牌E 食譜 黑色 均一	9	560.00	1
4856	品牌E 食譜 白色 S	9	570.00	1
4857	品牌E 食譜 白色 M	9	580.00	1
4858	品牌E 食譜 白色 L	9	590.00	1
4859	品牌E 食譜 白色 XL	9	600.00	1
4860	品牌E 食譜 白色 均一	9	610.00	1
4861	品牌E 食譜 藍色 S	9	620.00	1
4862	品牌E 食譜 藍色 M	9	630.00	1
4863	品牌E 食譜 藍色 L	9	640.00	1
4864	品牌E 食譜 藍色 XL	9	650.00	1
4865	品牌E 食譜 藍色 均一	9	660.00	1
4866	品牌E 食譜 紅色 S	9	670.00	1
4867	品牌E 食譜 紅色 M	9	680.00	1
4868	品牌E 食譜 紅色 L	9	690.00	1
4869	品牌E 食譜 紅色 XL	9	700.00	1
4870	品牌E 食譜 紅色 均一	9	710.00	1
4871	品牌E 食譜 灰色 S	9	720.00	1
4872	品牌E 食譜 灰色 M	9	730.00	1
4873	品牌E 食譜 灰色 L	9	740.00	1
4874	品牌E 食譜 灰色 XL	9	750.00	1
4875	品牌E 食譜 灰色 均一	9	760.00	1
4876	品牌E 食譜 綠色 S	9	770.00	1
4877	品牌E 食譜 綠色 M	9	780.00	1
4878	品牌E 食譜 綠色 L	9	790.00	1
4879	品牌E 食譜 綠色 XL	9	800.00	1
4880	品牌E 食譜 綠色 均一	9	810.00	1
4881	品牌E 食譜 米色 S	9	820.00	1
4882	品牌E 食譜 米色 M	9	830.00	1
4883	品牌E 食譜 米色 L	9	840.00	1
4884	品牌E 食譜 米色 XL	9	850.00	1
4885	品牌E 食譜 米色 均一	9	860.00	1
4886	品牌E 食譜 粉色 S	9	870.00	1
4887	品牌E 食譜 粉色 M	9	880.00	1
4888	品牌E 食譜 粉色 L	9	890.00	1
4889	品牌E 食譜 粉色 XL	9	900.00	1
4890	品牌E 食譜 粉色 均一	9	910.00	1
4891	品牌E 食譜 黃色 S	9	920.00	1
4892	品牌E 食譜 黃色 M	9	930.00	1
4893	品牌E 食譜 黃色 L	9	940.00	1
4894	品牌E 食譜 黃色 XL	9	950.00	1
4895	品牌E 食譜 黃色 均一	9	960.00	1
4896	品牌E 食譜 紫色 S	9	970.00	1
4897	品牌E 食譜 紫色 M	9	980.00	1
4898	品牌E 食譜 紫色 L	9	990.00	1
4899	品牌E 食譜 紫色 XL	9	1000.00	1
4900	品牌E 食譜 紫色 均一	9	1010.00	0
4901	品牌E 禮物卡 黑色 S	10	1020.00	1
4902	品牌E 禮物卡 黑色 M	10	1030.00	1
4903	品牌E 禮物卡 黑色 L	10	1040.00	1
4904	品牌E 禮物卡 黑色 XL	10	1050.00	1
4905	品牌E 禮物卡 黑色 均一	10	1060.00	1
4906	品牌E 禮物卡 白色 S	10	1070.00	1
4907	品牌E 禮物卡 白色 M	10	1080.00	1
4908	品牌E 禮物卡 白色 L	10	1090.00	1
4909	品牌E 禮物卡 白色 XL	10	1100.00	1
4910	品牌E 禮物卡 白色 均一	10	1110.00	1
4911	品牌E 禮物卡 藍色 S	10	1120.00	1
4912	品牌E 禮物卡 藍色 M	10	1130.00	1
4913	品牌E 禮物卡 藍色 L	10	1140.00	1
4914	品牌E 禮物卡 藍色 XL	10	1150.00	1
4915	品牌E 禮物卡 藍色 均一	10	1160.00	1
4916	品牌E 禮物卡 紅色 S	10	1170.00	1
4917	品牌E 禮物卡 紅色 M	10	1180.00	1
4918	品牌E 禮物卡 紅色 L	10	1190.00	1
4919	品牌E 禮物卡 紅色 XL	10	1200.00	1
4920	品牌E 禮物卡 紅色 均一	10	1210.00	1
4921	品牌E 禮物卡 灰色 S	10	1220.00	1
4922	品牌E 禮物卡 灰色 M	10	1230.00	1
4923	品牌E 禮物卡 灰色 L	10	1240.00	1
4924	品牌E 禮物卡 灰色 XL	10	1250.00	1
4925	品牌E 禮物卡 灰色 均一	10	1260.00	1
4926	品牌E 禮物卡 綠色 S	10	1270.00	1
4927	品牌E 禮物卡 綠色 M	10	1280.00	1
4928	品牌E 禮物卡 綠色 L	10	1290.00	1
4929	品牌E 禮物卡 綠色 XL	10	1300.00	1
4930	品牌E 禮物卡 綠色 均一	10	1310.00	1
4931	品牌E 禮物卡 米色 S	10	1320.00	1
4932	品牌E 禮物卡 米色 M	10	1330.00	1
4933	品牌E 禮物卡 米色 L	10	1340.00	1
4934	品牌E 禮物卡 米色 XL	10	1350.00	1
4935	品牌E 禮物卡 米色 均一	10	1360.00	1
4936	品牌E 禮物卡 粉色 S	10	1370.00	1
4937	品牌E 禮物卡 粉色 M	10	1380.00	1
4938	品牌E 禮物卡 粉色 L	10	1390.00	1
4939	品牌E 禮物卡 粉色 XL	10	1400.00	1
4940	品牌E 禮物卡 粉色 均一	10	1410.00	1
4941	品牌E 禮物卡 黃色 S	10	1420.00	1
4942	品牌E 禮物卡 黃色 M	10	1430.00	1
4943	品牌E 禮物卡 黃色 L	10	1440.00	1
4944	品牌E 禮物卡 黃色 XL	10	1450.00	1
4945	品牌E 禮物卡 黃色 均一	10	1460.00	1
4946	品牌E 禮物卡 紫色 S	10	1470.00	1
4947	品牌E 禮物卡 紫色 M	10	1480.00	1
4948	品牌E 禮物卡 紫色 L	10	1490.00	1
4949	品牌E 禮物卡 紫色 XL	10	1500.00	1
4950	品牌E 禮物卡 紫色 均一	10	1510.00	0
4951	品牌E 收納袋 黑色 S	10	1520.00	1
4952	品牌E 收納袋 黑色 M	10	1530.00	1
4953	品牌E 收納袋 黑色 L	10	1540.00	1
4954	品牌E 收納袋 黑色 XL	10	1550.00	1
4955	品牌E 收納袋 黑色 均一	10	1560.00	1
4956	品牌E 收納袋 白色 S	10	1570.00	1
4957	品牌E 收納袋 白色 M	10	1580.00	1
4958	品牌E 收納袋 白色 L	10	1590.00	1
4959	品牌E 收納袋 白色 XL	10	1600.00	1
4960	品牌E 收納袋 白色 均一	10	1610.00	1
4961	品牌E 收納袋 藍色 S	10	1620.00	1
4962	品牌E 收納袋 藍色 M	10	1630.00	1
4963	品牌E 收納袋 藍色 L	10	1640.00	1
4964	品牌E 收納袋 藍色 XL	10	1650.00	1
4965	品牌E 收納袋 藍色 均一	10	1660.00	1
4966	品牌E 收納袋 紅色 S	10	1670.00	1
4967	品牌E 收納袋 紅色 M	10	1680.00	1
4968	品牌E 收納袋 紅色 L	10	1690.00	1
4969	品牌E 收納袋 紅色 XL	10	1700.00	1
4970	品牌E 收納袋 紅色 均一	10	1710.00	1
4971	品牌E 收納袋 灰色 S	10	1720.00	1
4972	品牌E 收納袋 灰色 M	10	1730.00	1
4973	品牌E 收納袋 灰色 L	10	1740.00	1
4974	品牌E 收納袋 灰色 XL	10	1750.00	1
4975	品牌E 收納袋 灰色 均一	10	1760.00	1
4976	品牌E 收納袋 綠色 S	10	1770.00	1
4977	品牌E 收納袋 綠色 M	10	1780.00	1
4978	品牌E 收納袋 綠色 L	10	1790.00	1
4979	品牌E 收納袋 綠色 XL	10	1800.00	1
4980	品牌E 收納袋 綠色 均一	10	1810.00	1
4981	品牌E 收納袋 米色 S	10	1820.00	1
4982	品牌E 收納袋 米色 M	10	1830.00	1
4983	品牌E 收納袋 米色 L	10	1840.00	1
4984	品牌E 收納袋 米色 XL	10	1850.00	1
4985	品牌E 收納袋 米色 均一	10	1860.00	1
4986	品牌E 收納袋 粉色 S	10	1870.00	1
4987	品牌E 收納袋 粉色 M	10	1880.00	1
4988	品牌E 收納袋 粉色 L	10	1890.00	1
4989	品牌E 收納袋 粉色 XL	10	1900.00	1
4990	品牌E 收納袋 粉色 均一	10	1910.00	1
4991	品牌E 收納袋 黃色 S	10	1920.00	1
4992	品牌E 收納袋 黃色 M	10	1930.00	1
4993	品牌E 收納袋 黃色 L	10	1940.00	1
4994	品牌E 收納袋 黃色 XL	10	1950.00	1
4995	品牌E 收納袋 黃色 均一	10	1960.00	1
4996	品牌E 收納袋 紫色 S	10	1970.00	1
4997	品牌E 收納袋 紫色 M	10	1980.00	1
4998	品牌E 收納袋 紫色 L	10	1990.00	1
4999	品牌E 收納袋 紫色 XL	10	2000.00	1
5000	品牌E 收納袋 紫色 均一	10	10.00	0
5001	品牌F T恤 黑色 S	1	20.00	1
5002	品牌F T恤 黑色 M	1	30.00	1
5003	品牌F T恤 黑色 L	1	40.00	1
5004	品牌F T恤 黑色 XL	1	50.00	1
5005	品牌F T恤 黑色 均一	1	60.00	1
5006	品牌F T恤 白色 S	1	70.00	1
5007	品牌F T恤 白色 M	1	80.00	1
5008	品牌F T恤 白色 L	1	90.00	1
5009	品牌F T恤 白色 XL	1	100.00	1
5010	品牌F T恤 白色 均一	1	110.00	1
5011	品牌F T恤 藍色 S	1	120.00	1
5012	品牌F T恤 藍色 M	1	130.00	1
5013	品牌F T恤 藍色 L	1	140.00	1
5014	品牌F T恤 藍色 XL	1	150.00	1
5015	品牌F T恤 藍色 均一	1	160.00	1
5016	品牌F T恤 紅色 S	1	170.00	1
5017	品牌F T恤 紅色 M	1	180.00	1
5018	品牌F T恤 紅色 L	1	190.00	1
5019	品牌F T恤 紅色 XL	1	200.00	1
5020	品牌F T恤 紅色 均一	1	210.00	1
5021	品牌F T恤 灰色 S	1	220.00	1
5022	品牌F T恤 灰色 M	1	230.00	1
5023	品牌F T恤 灰色 L	1	240.00	1
5024	品牌F T恤 灰色 XL	1	250.00	1
5025	品牌F T恤 灰色 均一	1	260.00	1
5026	品牌F T恤 綠色 S	1	270.00	1
5027	品牌F T恤 綠色 M	1	280.00	1
5028	品牌F T恤 綠色 L	1	290.00	1
5029	品牌F T恤 綠色 XL	1	300.00	1
5030	品牌F T恤 綠色 均一	1	310.00	1
5031	品牌F T恤 米色 S	1	320.00	1
5032	品牌F T恤 米色 M	1	330.00	1
5033	品牌F T恤 米色 L	1	340.00	1
5034	品牌F T恤 米色 XL	1	350.00	1
5035	品牌F T恤 米色 均一	1	360.00	1
5036	品牌F T恤 粉色 S	1	370.00	1
5037	品牌F T恤 粉色 M	1	380.00	1
5038	品牌F T恤 粉色 L	1	390.00	1
5039	品牌F T恤 粉色 XL	1	400.00	1
5040	品牌F T恤 粉色 均一	1	410.00	1
5041	品牌F T恤 黃色 S	1	420.00	1
5042	品牌F T恤 黃色 M	1	430.00	1
5043	品牌F T恤 黃色 L	1	440.00	1
5044	品牌F T恤 黃色 XL	1	450.00	1
5045	品牌F T恤 黃色 均一	1	460.00	1
5046	品牌F T恤 紫色 S	1	470.00	1
5047	品牌F T恤 紫色 M	1	480.00	1
5048	品牌F T恤 紫色 L	1	490.00	1
5049	品牌F T恤 紫色 XL	1	500.00	1
5050	品牌F T恤 紫色 均一	1	510.00	0
5051	品牌F 外套 黑色 S	1	520.00	1
5052	品牌F 外套 黑色 M	1	530.00	1
5053	品牌F 外套 黑色 L	1	540.00	1
5054	品牌F 外套 黑色 XL	1	550.00	1
5055	品牌F 外套 黑色 均一	1	560.00	1
5056	品牌F 外套 白色 S	1	570.00	1
5057	品牌F 外套 白色 M	1	580.00	1
5058	品牌F 外套 白色 L	1	590.00	1
5059	品牌F 外套 白色 XL	1	600.00	1
5060	品牌F 外套 白色 均一	1	610.00	1
5061	品牌F 外套 藍色 S	1	620.00	1
5062	品牌F 外套 藍色 M	1	630.00	1
5063	品牌F 外套 藍色 L	1	640.00	1
5064	品牌F 外套 藍色 XL	1	650.00	1
5065	品牌F 外套 藍色 均一	1	660.00	1
5066	品牌F 外套 紅色 S	1	670.00	1
5067	品牌F 外套 紅色 M	1	680.00	1
5068	品牌F 外套 紅色 L	1	690.00	1
5069	品牌F 外套 紅色 XL	1	700.00	1
5070	品牌F 外套 紅色 均一	1	710.00	1
5071	品牌F 外套 灰色 S	1	720.00	1
5072	品牌F 外套 灰色 M	1	730.00	1
5073	品牌F 外套 灰色 L	1	740.00	1
5074	品牌F 外套 灰色 XL	1	750.00	1
5075	品牌F 外套 灰色 均一	1	760.00	1
5076	品牌F 外套 綠色 S	1	770.00	1
5077	品牌F 外套 綠色 M	1	780.00	1
5078	品牌F 外套 綠色 L	1	790.00	1
5079	品牌F 外套 綠色 XL	1	800.00	1
5080	品牌F 外套 綠色 均一	1	810.00	1
5081	品牌F 外套 米色 S	1	820.00	1
5082	品牌F 外套 米色 M	1	830.00	1
5083	品牌F 外套 米色 L	1	840.00	1
5084	品牌F 外套 米色 XL	1	850.00	1
5085	品牌F 外套 米色 均一	1	860.00	1
5086	品牌F 外套 粉色 S	1	870.00	1
5087	品牌F 外套 粉色 M	1	880.00	1
5088	品牌F 外套 粉色 L	1	890.00	1
5089	品牌F 外套 粉色 XL	1	900.00	1
5090	品牌F 外套 粉色 均一	1	910.00	1
5091	品牌F 外套 黃色 S	1	920.00	1
5092	品牌F 外套 黃色 M	1	930.00	1
5093	品牌F 外套 黃色 L	1	940.00	1
5094	品牌F 外套 黃色 XL	1	950.00	1
5095	品牌F 外套 黃色 均一	1	960.00	1
5096	品牌F 外套 紫色 S	1	970.00	1
5097	品牌F 外套 紫色 M	1	980.00	1
5098	品牌F 外套 紫色 L	1	990.00	1
5099	品牌F 外套 紫色 XL	1	1000.00	1
5100	品牌F 外套 紫色 均一	1	1010.00	0
5101	品牌F 無線耳機 黑色 S	2	1020.00	1
5102	品牌F 無線耳機 黑色 M	2	1030.00	1
5103	品牌F 無線耳機 黑色 L	2	1040.00	1
5104	品牌F 無線耳機 黑色 XL	2	1050.00	1
5105	品牌F 無線耳機 黑色 均一	2	1060.00	1
5106	品牌F 無線耳機 白色 S	2	1070.00	1
5107	品牌F 無線耳機 白色 M	2	1080.00	1
5108	品牌F 無線耳機 白色 L	2	1090.00	1
5109	品牌F 無線耳機 白色 XL	2	1100.00	1
5110	品牌F 無線耳機 白色 均一	2	1110.00	1
5111	品牌F 無線耳機 藍色 S	2	1120.00	1
5112	品牌F 無線耳機 藍色 M	2	1130.00	1
5113	品牌F 無線耳機 藍色 L	2	1140.00	1
5114	品牌F 無線耳機 藍色 XL	2	1150.00	1
5115	品牌F 無線耳機 藍色 均一	2	1160.00	1
5116	品牌F 無線耳機 紅色 S	2	1170.00	1
5117	品牌F 無線耳機 紅色 M	2	1180.00	1
5118	品牌F 無線耳機 紅色 L	2	1190.00	1
5119	品牌F 無線耳機 紅色 XL	2	1200.00	1
5120	品牌F 無線耳機 紅色 均一	2	1210.00	1
5121	品牌F 無線耳機 灰色 S	2	1220.00	1
5122	品牌F 無線耳機 灰色 M	2	1230.00	1
5123	品牌F 無線耳機 灰色 L	2	1240.00	1
5124	品牌F 無線耳機 灰色 XL	2	1250.00	1
5125	品牌F 無線耳機 灰色 均一	2	1260.00	1
5126	品牌F 無線耳機 綠色 S	2	1270.00	1
5127	品牌F 無線耳機 綠色 M	2	1280.00	1
5128	品牌F 無線耳機 綠色 L	2	1290.00	1
5129	品牌F 無線耳機 綠色 XL	2	1300.00	1
5130	品牌F 無線耳機 綠色 均一	2	1310.00	1
5131	品牌F 無線耳機 米色 S	2	1320.00	1
5132	品牌F 無線耳機 米色 M	2	1330.00	1
5133	品牌F 無線耳機 米色 L	2	1340.00	1
5134	品牌F 無線耳機 米色 XL	2	1350.00	1
5135	品牌F 無線耳機 米色 均一	2	1360.00	1
5136	品牌F 無線耳機 粉色 S	2	1370.00	1
5137	品牌F 無線耳機 粉色 M	2	1380.00	1
5138	品牌F 無線耳機 粉色 L	2	1390.00	1
5139	品牌F 無線耳機 粉色 XL	2	1400.00	1
5140	品牌F 無線耳機 粉色 均一	2	1410.00	1
5141	品牌F 無線耳機 黃色 S	2	1420.00	1
5142	品牌F 無線耳機 黃色 M	2	1430.00	1
5143	品牌F 無線耳機 黃色 L	2	1440.00	1
5144	品牌F 無線耳機 黃色 XL	2	1450.00	1
5145	品牌F 無線耳機 黃色 均一	2	1460.00	1
5146	品牌F 無線耳機 紫色 S	2	1470.00	1
5147	品牌F 無線耳機 紫色 M	2	1480.00	1
5148	品牌F 無線耳機 紫色 L	2	1490.00	1
5149	品牌F 無線耳機 紫色 XL	2	1500.00	1
5150	品牌F 無線耳機 紫色 均一	2	1510.00	0
5151	品牌F 行動電源 黑色 S	2	1520.00	1
5152	品牌F 行動電源 黑色 M	2	1530.00	1
5153	品牌F 行動電源 黑色 L	2	1540.00	1
5154	品牌F 行動電源 黑色 XL	2	1550.00	1
5155	品牌F 行動電源 黑色 均一	2	1560.00	1
5156	品牌F 行動電源 白色 S	2	1570.00	1
5157	品牌F 行動電源 白色 M	2	1580.00	1
5158	品牌F 行動電源 白色 L	2	1590.00	1
5159	品牌F 行動電源 白色 XL	2	1600.00	1
5160	品牌F 行動電源 白色 均一	2	1610.00	1
5161	品牌F 行動電源 藍色 S	2	1620.00	1
5162	品牌F 行動電源 藍色 M	2	1630.00	1
5163	品牌F 行動電源 藍色 L	2	1640.00	1
5164	品牌F 行動電源 藍色 XL	2	1650.00	1
5165	品牌F 行動電源 藍色 均一	2	1660.00	1
5166	品牌F 行動電源 紅色 S	2	1670.00	1
5167	品牌F 行動電源 紅色 M	2	1680.00	1
5168	品牌F 行動電源 紅色 L	2	1690.00	1
5169	品牌F 行動電源 紅色 XL	2	1700.00	1
5170	品牌F 行動電源 紅色 均一	2	1710.00	1
5171	品牌F 行動電源 灰色 S	2	1720.00	1
5172	品牌F 行動電源 灰色 M	2	1730.00	1
5173	品牌F 行動電源 灰色 L	2	1740.00	1
5174	品牌F 行動電源 灰色 XL	2	1750.00	1
5175	品牌F 行動電源 灰色 均一	2	1760.00	1
5176	品牌F 行動電源 綠色 S	2	1770.00	1
5177	品牌F 行動電源 綠色 M	2	1780.00	1
5178	品牌F 行動電源 綠色 L	2	1790.00	1
5179	品牌F 行動電源 綠色 XL	2	1800.00	1
5180	品牌F 行動電源 綠色 均一	2	1810.00	1
5181	品牌F 行動電源 米色 S	2	1820.00	1
5182	品牌F 行動電源 米色 M	2	1830.00	1
5183	品牌F 行動電源 米色 L	2	1840.00	1
5184	品牌F 行動電源 米色 XL	2	1850.00	1
5185	品牌F 行動電源 米色 均一	2	1860.00	1
5186	品牌F 行動電源 粉色 S	2	1870.00	1
5187	品牌F 行動電源 粉色 M	2	1880.00	1
5188	品牌F 行動電源 粉色 L	2	1890.00	1
5189	品牌F 行動電源 粉色 XL	2	1900.00	1
5190	品牌F 行動電源 粉色 均一	2	1910.00	1
5191	品牌F 行動電源 黃色 S	2	1920.00	1
5192	品牌F 行動電源 黃色 M	2	1930.00	1
5193	品牌F 行動電源 黃色 L	2	1940.00	1
5194	品牌F 行動電源 黃色 XL	2	1950.00	1
5195	品牌F 行動電源 黃色 均一	2	1960.00	1
5196	品牌F 行動電源 紫色 S	2	1970.00	1
5197	品牌F 行動電源 紫色 M	2	1980.00	1
5198	品牌F 行動電源 紫色 L	2	1990.00	1
5199	品牌F 行動電源 紫色 XL	2	2000.00	1
5200	品牌F 行動電源 紫色 均一	2	10.00	0
5201	品牌F 馬克杯 黑色 S	3	20.00	1
5202	品牌F 馬克杯 黑色 M	3	30.00	1
5203	品牌F 馬克杯 黑色 L	3	40.00	1
5204	品牌F 馬克杯 黑色 XL	3	50.00	1
5205	品牌F 馬克杯 黑色 均一	3	60.00	1
5206	品牌F 馬克杯 白色 S	3	70.00	1
5207	品牌F 馬克杯 白色 M	3	80.00	1
5208	品牌F 馬克杯 白色 L	3	90.00	1
5209	品牌F 馬克杯 白色 XL	3	100.00	1
5210	品牌F 馬克杯 白色 均一	3	110.00	1
5211	品牌F 馬克杯 藍色 S	3	120.00	1
5212	品牌F 馬克杯 藍色 M	3	130.00	1
5213	品牌F 馬克杯 藍色 L	3	140.00	1
5214	品牌F 馬克杯 藍色 XL	3	150.00	1
5215	品牌F 馬克杯 藍色 均一	3	160.00	1
5216	品牌F 馬克杯 紅色 S	3	170.00	1
5217	品牌F 馬克杯 紅色 M	3	180.00	1
5218	品牌F 馬克杯 紅色 L	3	190.00	1
5219	品牌F 馬克杯 紅色 XL	3	200.00	1
5220	品牌F 馬克杯 紅色 均一	3	210.00	1
5221	品牌F 馬克杯 灰色 S	3	220.00	1
5222	品牌F 馬克杯 灰色 M	3	230.00	1
5223	品牌F 馬克杯 灰色 L	3	240.00	1
5224	品牌F 馬克杯 灰色 XL	3	250.00	1
5225	品牌F 馬克杯 灰色 均一	3	260.00	1
5226	品牌F 馬克杯 綠色 S	3	270.00	1
5227	品牌F 馬克杯 綠色 M	3	280.00	1
5228	品牌F 馬克杯 綠色 L	3	290.00	1
5229	品牌F 馬克杯 綠色 XL	3	300.00	1
5230	品牌F 馬克杯 綠色 均一	3	310.00	1
5231	品牌F 馬克杯 米色 S	3	320.00	1
5232	品牌F 馬克杯 米色 M	3	330.00	1
5233	品牌F 馬克杯 米色 L	3	340.00	1
5234	品牌F 馬克杯 米色 XL	3	350.00	1
5235	品牌F 馬克杯 米色 均一	3	360.00	1
5236	品牌F 馬克杯 粉色 S	3	370.00	1
5237	品牌F 馬克杯 粉色 M	3	380.00	1
5238	品牌F 馬克杯 粉色 L	3	390.00	1
5239	品牌F 馬克杯 粉色 XL	3	400.00	1
5240	品牌F 馬克杯 粉色 均一	3	410.00	1
5241	品牌F 馬克杯 黃色 S	3	420.00	1
5242	品牌F 馬克杯 黃色 M	3	430.00	1
5243	品牌F 馬克杯 黃色 L	3	440.00	1
5244	品牌F 馬克杯 黃色 XL	3	450.00	1
5245	品牌F 馬克杯 黃色 均一	3	460.00	1
5246	品牌F 馬克杯 紫色 S	3	470.00	1
5247	品牌F 馬克杯 紫色 M	3	480.00	1
5248	品牌F 馬克杯 紫色 L	3	490.00	1
5249	品牌F 馬克杯 紫色 XL	3	500.00	1
5250	品牌F 馬克杯 紫色 均一	3	510.00	0
5251	品牌F 收納盒 黑色 S	3	520.00	1
5252	品牌F 收納盒 黑色 M	3	530.00	1
5253	品牌F 收納盒 黑色 L	3	540.00	1
5254	品牌F 收納盒 黑色 XL	3	550.00	1
5255	品牌F 收納盒 黑色 均一	3	560.00	1
5256	品牌F 收納盒 白色 S	3	570.00	1
5257	品牌F 收納盒 白色 M	3	580.00	1
5258	品牌F 收納盒 白色 L	3	590.00	1
5259	品牌F 收納盒 白色 XL	3	600.00	1
5260	品牌F 收納盒 白色 均一	3	610.00	1
5261	品牌F 收納盒 藍色 S	3	620.00	1
5262	品牌F 收納盒 藍色 M	3	630.00	1
5263	品牌F 收納盒 藍色 L	3	640.00	1
5264	品牌F 收納盒 藍色 XL	3	650.00	1
5265	品牌F 收納盒 藍色 均一	3	660.00	1
5266	品牌F 收納盒 紅色 S	3	670.00	1
5267	品牌F 收納盒 紅色 M	3	680.00	1
5268	品牌F 收納盒 紅色 L	3	690.00	1
5269	品牌F 收納盒 紅色 XL	3	700.00	1
5270	品牌F 收納盒 紅色 均一	3	710.00	1
5271	品牌F 收納盒 灰色 S	3	720.00	1
5272	品牌F 收納盒 灰色 M	3	730.00	1
5273	品牌F 收納盒 灰色 L	3	740.00	1
5274	品牌F 收納盒 灰色 XL	3	750.00	1
5275	品牌F 收納盒 灰色 均一	3	760.00	1
5276	品牌F 收納盒 綠色 S	3	770.00	1
5277	品牌F 收納盒 綠色 M	3	780.00	1
5278	品牌F 收納盒 綠色 L	3	790.00	1
5279	品牌F 收納盒 綠色 XL	3	800.00	1
5280	品牌F 收納盒 綠色 均一	3	810.00	1
5281	品牌F 收納盒 米色 S	3	820.00	1
5282	品牌F 收納盒 米色 M	3	830.00	1
5283	品牌F 收納盒 米色 L	3	840.00	1
5284	品牌F 收納盒 米色 XL	3	850.00	1
5285	品牌F 收納盒 米色 均一	3	860.00	1
5286	品牌F 收納盒 粉色 S	3	870.00	1
5287	品牌F 收納盒 粉色 M	3	880.00	1
5288	品牌F 收納盒 粉色 L	3	890.00	1
5289	品牌F 收納盒 粉色 XL	3	900.00	1
5290	品牌F 收納盒 粉色 均一	3	910.00	1
5291	品牌F 收納盒 黃色 S	3	920.00	1
5292	品牌F 收納盒 黃色 M	3	930.00	1
5293	品牌F 收納盒 黃色 L	3	940.00	1
5294	品牌F 收納盒 黃色 XL	3	950.00	1
5295	品牌F 收納盒 黃色 均一	3	960.00	1
5296	品牌F 收納盒 紫色 S	3	970.00	1
5297	品牌F 收納盒 紫色 M	3	980.00	1
5298	品牌F 收納盒 紫色 L	3	990.00	1
5299	品牌F 收納盒 紫色 XL	3	1000.00	1
5300	品牌F 收納盒 紫色 均一	3	1010.00	0
5301	品牌F 咖啡豆 黑色 S	4	1020.00	1
5302	品牌F 咖啡豆 黑色 M	4	1030.00	1
5303	品牌F 咖啡豆 黑色 L	4	1040.00	1
5304	品牌F 咖啡豆 黑色 XL	4	1050.00	1
5305	品牌F 咖啡豆 黑色 均一	4	1060.00	1
5306	品牌F 咖啡豆 白色 S	4	1070.00	1
5307	品牌F 咖啡豆 白色 M	4	1080.00	1
5308	品牌F 咖啡豆 白色 L	4	1090.00	1
5309	品牌F 咖啡豆 白色 XL	4	1100.00	1
5310	品牌F 咖啡豆 白色 均一	4	1110.00	1
5311	品牌F 咖啡豆 藍色 S	4	1120.00	1
5312	品牌F 咖啡豆 藍色 M	4	1130.00	1
5313	品牌F 咖啡豆 藍色 L	4	1140.00	1
5314	品牌F 咖啡豆 藍色 XL	4	1150.00	1
5315	品牌F 咖啡豆 藍色 均一	4	1160.00	1
5316	品牌F 咖啡豆 紅色 S	4	1170.00	1
5317	品牌F 咖啡豆 紅色 M	4	1180.00	1
5318	品牌F 咖啡豆 紅色 L	4	1190.00	1
5319	品牌F 咖啡豆 紅色 XL	4	1200.00	1
5320	品牌F 咖啡豆 紅色 均一	4	1210.00	1
5321	品牌F 咖啡豆 灰色 S	4	1220.00	1
5322	品牌F 咖啡豆 灰色 M	4	1230.00	1
5323	品牌F 咖啡豆 灰色 L	4	1240.00	1
5324	品牌F 咖啡豆 灰色 XL	4	1250.00	1
5325	品牌F 咖啡豆 灰色 均一	4	1260.00	1
5326	品牌F 咖啡豆 綠色 S	4	1270.00	1
5327	品牌F 咖啡豆 綠色 M	4	1280.00	1
5328	品牌F 咖啡豆 綠色 L	4	1290.00	1
5329	品牌F 咖啡豆 綠色 XL	4	1300.00	1
5330	品牌F 咖啡豆 綠色 均一	4	1310.00	1
5331	品牌F 咖啡豆 米色 S	4	1320.00	1
5332	品牌F 咖啡豆 米色 M	4	1330.00	1
5333	品牌F 咖啡豆 米色 L	4	1340.00	1
5334	品牌F 咖啡豆 米色 XL	4	1350.00	1
5335	品牌F 咖啡豆 米色 均一	4	1360.00	1
5336	品牌F 咖啡豆 粉色 S	4	1370.00	1
5337	品牌F 咖啡豆 粉色 M	4	1380.00	1
5338	品牌F 咖啡豆 粉色 L	4	1390.00	1
5339	品牌F 咖啡豆 粉色 XL	4	1400.00	1
5340	品牌F 咖啡豆 粉色 均一	4	1410.00	1
5341	品牌F 咖啡豆 黃色 S	4	1420.00	1
5342	品牌F 咖啡豆 黃色 M	4	1430.00	1
5343	品牌F 咖啡豆 黃色 L	4	1440.00	1
5344	品牌F 咖啡豆 黃色 XL	4	1450.00	1
5345	品牌F 咖啡豆 黃色 均一	4	1460.00	1
5346	品牌F 咖啡豆 紫色 S	4	1470.00	1
5347	品牌F 咖啡豆 紫色 M	4	1480.00	1
5348	品牌F 咖啡豆 紫色 L	4	1490.00	1
5349	品牌F 咖啡豆 紫色 XL	4	1500.00	1
5350	品牌F 咖啡豆 紫色 均一	4	1510.00	0
5351	品牌F 餅乾 黑色 S	4	1520.00	1
5352	品牌F 餅乾 黑色 M	4	1530.00	1
5353	品牌F 餅乾 黑色 L	4	1540.00	1
5354	品牌F 餅乾 黑色 XL	4	1550.00	1
5355	品牌F 餅乾 黑色 均一	4	1560.00	1
5356	品牌F 餅乾 白色 S	4	1570.00	1
5357	品牌F 餅乾 白色 M	4	1580.00	1
5358	品牌F 餅乾 白色 L	4	1590.00	1
5359	品牌F 餅乾 白色 XL	4	1600.00	1
5360	品牌F 餅乾 白色 均一	4	1610.00	1
5361	品牌F 餅乾 藍色 S	4	1620.00	1
5362	品牌F 餅乾 藍色 M	4	1630.00	1
5363	品牌F 餅乾 藍色 L	4	1640.00	1
5364	品牌F 餅乾 藍色 XL	4	1650.00	1
5365	品牌F 餅乾 藍色 均一	4	1660.00	1
5366	品牌F 餅乾 紅色 S	4	1670.00	1
5367	品牌F 餅乾 紅色 M	4	1680.00	1
5368	品牌F 餅乾 紅色 L	4	1690.00	1
5369	品牌F 餅乾 紅色 XL	4	1700.00	1
5370	品牌F 餅乾 紅色 均一	4	1710.00	1
5371	品牌F 餅乾 灰色 S	4	1720.00	1
5372	品牌F 餅乾 灰色 M	4	1730.00	1
5373	品牌F 餅乾 灰色 L	4	1740.00	1
5374	品牌F 餅乾 灰色 XL	4	1750.00	1
5375	品牌F 餅乾 灰色 均一	4	1760.00	1
5376	品牌F 餅乾 綠色 S	4	1770.00	1
5377	品牌F 餅乾 綠色 M	4	1780.00	1
5378	品牌F 餅乾 綠色 L	4	1790.00	1
5379	品牌F 餅乾 綠色 XL	4	1800.00	1
5380	品牌F 餅乾 綠色 均一	4	1810.00	1
5381	品牌F 餅乾 米色 S	4	1820.00	1
5382	品牌F 餅乾 米色 M	4	1830.00	1
5383	品牌F 餅乾 米色 L	4	1840.00	1
5384	品牌F 餅乾 米色 XL	4	1850.00	1
5385	品牌F 餅乾 米色 均一	4	1860.00	1
5386	品牌F 餅乾 粉色 S	4	1870.00	1
5387	品牌F 餅乾 粉色 M	4	1880.00	1
5388	品牌F 餅乾 粉色 L	4	1890.00	1
5389	品牌F 餅乾 粉色 XL	4	1900.00	1
5390	品牌F 餅乾 粉色 均一	4	1910.00	1
5391	品牌F 餅乾 黃色 S	4	1920.00	1
5392	品牌F 餅乾 黃色 M	4	1930.00	1
5393	品牌F 餅乾 黃色 L	4	1940.00	1
5394	品牌F 餅乾 黃色 XL	4	1950.00	1
5395	品牌F 餅乾 黃色 均一	4	1960.00	1
5396	品牌F 餅乾 紫色 S	4	1970.00	1
5397	品牌F 餅乾 紫色 M	4	1980.00	1
5398	品牌F 餅乾 紫色 L	4	1990.00	1
5399	品牌F 餅乾 紫色 XL	4	2000.00	1
5400	品牌F 餅乾 紫色 均一	4	10.00	0
5401	品牌F 洗面乳 黑色 S	5	20.00	1
5402	品牌F 洗面乳 黑色 M	5	30.00	1
5403	品牌F 洗面乳 黑色 L	5	40.00	1
5404	品牌F 洗面乳 黑色 XL	5	50.00	1
5405	品牌F 洗面乳 黑色 均一	5	60.00	1
5406	品牌F 洗面乳 白色 S	5	70.00	1
5407	品牌F 洗面乳 白色 M	5	80.00	1
5408	品牌F 洗面乳 白色 L	5	90.00	1
5409	品牌F 洗面乳 白色 XL	5	100.00	1
5410	品牌F 洗面乳 白色 均一	5	110.00	1
5411	品牌F 洗面乳 藍色 S	5	120.00	1
5412	品牌F 洗面乳 藍色 M	5	130.00	1
5413	品牌F 洗面乳 藍色 L	5	140.00	1
5414	品牌F 洗面乳 藍色 XL	5	150.00	1
5415	品牌F 洗面乳 藍色 均一	5	160.00	1
5416	品牌F 洗面乳 紅色 S	5	170.00	1
5417	品牌F 洗面乳 紅色 M	5	180.00	1
5418	品牌F 洗面乳 紅色 L	5	190.00	1
5419	品牌F 洗面乳 紅色 XL	5	200.00	1
5420	品牌F 洗面乳 紅色 均一	5	210.00	1
5421	品牌F 洗面乳 灰色 S	5	220.00	1
5422	品牌F 洗面乳 灰色 M	5	230.00	1
5423	品牌F 洗面乳 灰色 L	5	240.00	1
5424	品牌F 洗面乳 灰色 XL	5	250.00	1
5425	品牌F 洗面乳 灰色 均一	5	260.00	1
5426	品牌F 洗面乳 綠色 S	5	270.00	1
5427	品牌F 洗面乳 綠色 M	5	280.00	1
5428	品牌F 洗面乳 綠色 L	5	290.00	1
5429	品牌F 洗面乳 綠色 XL	5	300.00	1
5430	品牌F 洗面乳 綠色 均一	5	310.00	1
5431	品牌F 洗面乳 米色 S	5	320.00	1
5432	品牌F 洗面乳 米色 M	5	330.00	1
5433	品牌F 洗面乳 米色 L	5	340.00	1
5434	品牌F 洗面乳 米色 XL	5	350.00	1
5435	品牌F 洗面乳 米色 均一	5	360.00	1
5436	品牌F 洗面乳 粉色 S	5	370.00	1
5437	品牌F 洗面乳 粉色 M	5	380.00	1
5438	品牌F 洗面乳 粉色 L	5	390.00	1
5439	品牌F 洗面乳 粉色 XL	5	400.00	1
5440	品牌F 洗面乳 粉色 均一	5	410.00	1
5441	品牌F 洗面乳 黃色 S	5	420.00	1
5442	品牌F 洗面乳 黃色 M	5	430.00	1
5443	品牌F 洗面乳 黃色 L	5	440.00	1
5444	品牌F 洗面乳 黃色 XL	5	450.00	1
5445	品牌F 洗面乳 黃色 均一	5	460.00	1
5446	品牌F 洗面乳 紫色 S	5	470.00	1
5447	品牌F 洗面乳 紫色 M	5	480.00	1
5448	品牌F 洗面乳 紫色 L	5	490.00	1
5449	品牌F 洗面乳 紫色 XL	5	500.00	1
5450	品牌F 洗面乳 紫色 均一	5	510.00	0
5451	品牌F 面膜 黑色 S	5	520.00	1
5452	品牌F 面膜 黑色 M	5	530.00	1
5453	品牌F 面膜 黑色 L	5	540.00	1
5454	品牌F 面膜 黑色 XL	5	550.00	1
5455	品牌F 面膜 黑色 均一	5	560.00	1
5456	品牌F 面膜 白色 S	5	570.00	1
5457	品牌F 面膜 白色 M	5	580.00	1
5458	品牌F 面膜 白色 L	5	590.00	1
5459	品牌F 面膜 白色 XL	5	600.00	1
5460	品牌F 面膜 白色 均一	5	610.00	1
5461	品牌F 面膜 藍色 S	5	620.00	1
5462	品牌F 面膜 藍色 M	5	630.00	1
5463	品牌F 面膜 藍色 L	5	640.00	1
5464	品牌F 面膜 藍色 XL	5	650.00	1
5465	品牌F 面膜 藍色 均一	5	660.00	1
5466	品牌F 面膜 紅色 S	5	670.00	1
5467	品牌F 面膜 紅色 M	5	680.00	1
5468	品牌F 面膜 紅色 L	5	690.00	1
5469	品牌F 面膜 紅色 XL	5	700.00	1
5470	品牌F 面膜 紅色 均一	5	710.00	1
5471	品牌F 面膜 灰色 S	5	720.00	1
5472	品牌F 面膜 灰色 M	5	730.00	1
5473	品牌F 面膜 灰色 L	5	740.00	1
5474	品牌F 面膜 灰色 XL	5	750.00	1
5475	品牌F 面膜 灰色 均一	5	760.00	1
5476	品牌F 面膜 綠色 S	5	770.00	1
5477	品牌F 面膜 綠色 M	5	780.00	1
5478	品牌F 面膜 綠色 L	5	790.00	1
5479	品牌F 面膜 綠色 XL	5	800.00	1
5480	品牌F 面膜 綠色 均一	5	810.00	1
5481	品牌F 面膜 米色 S	5	820.00	1
5482	品牌F 面膜 米色 M	5	830.00	1
5483	品牌F 面膜 米色 L	5	840.00	1
5484	品牌F 面膜 米色 XL	5	850.00	1
5485	品牌F 面膜 米色 均一	5	860.00	1
5486	品牌F 面膜 粉色 S	5	870.00	1
5487	品牌F 面膜 粉色 M	5	880.00	1
5488	品牌F 面膜 粉色 L	5	890.00	1
5489	品牌F 面膜 粉色 XL	5	900.00	1
5490	品牌F 面膜 粉色 均一	5	910.00	1
5491	品牌F 面膜 黃色 S	5	920.00	1
5492	品牌F 面膜 黃色 M	5	930.00	1
5493	品牌F 面膜 黃色 L	5	940.00	1
5494	品牌F 面膜 黃色 XL	5	950.00	1
5495	品牌F 面膜 黃色 均一	5	960.00	1
5496	品牌F 面膜 紫色 S	5	970.00	1
5497	品牌F 面膜 紫色 M	5	980.00	1
5498	品牌F 面膜 紫色 L	5	990.00	1
5499	品牌F 面膜 紫色 XL	5	1000.00	1
5500	品牌F 面膜 紫色 均一	5	1010.00	0
5501	品牌F 瑜珈墊 黑色 S	6	1020.00	1
5502	品牌F 瑜珈墊 黑色 M	6	1030.00	1
5503	品牌F 瑜珈墊 黑色 L	6	1040.00	1
5504	品牌F 瑜珈墊 黑色 XL	6	1050.00	1
5505	品牌F 瑜珈墊 黑色 均一	6	1060.00	1
5506	品牌F 瑜珈墊 白色 S	6	1070.00	1
5507	品牌F 瑜珈墊 白色 M	6	1080.00	1
5508	品牌F 瑜珈墊 白色 L	6	1090.00	1
5509	品牌F 瑜珈墊 白色 XL	6	1100.00	1
5510	品牌F 瑜珈墊 白色 均一	6	1110.00	1
5511	品牌F 瑜珈墊 藍色 S	6	1120.00	1
5512	品牌F 瑜珈墊 藍色 M	6	1130.00	1
5513	品牌F 瑜珈墊 藍色 L	6	1140.00	1
5514	品牌F 瑜珈墊 藍色 XL	6	1150.00	1
5515	品牌F 瑜珈墊 藍色 均一	6	1160.00	1
5516	品牌F 瑜珈墊 紅色 S	6	1170.00	1
5517	品牌F 瑜珈墊 紅色 M	6	1180.00	1
5518	品牌F 瑜珈墊 紅色 L	6	1190.00	1
5519	品牌F 瑜珈墊 紅色 XL	6	1200.00	1
5520	品牌F 瑜珈墊 紅色 均一	6	1210.00	1
5521	品牌F 瑜珈墊 灰色 S	6	1220.00	1
5522	品牌F 瑜珈墊 灰色 M	6	1230.00	1
5523	品牌F 瑜珈墊 灰色 L	6	1240.00	1
5524	品牌F 瑜珈墊 灰色 XL	6	1250.00	1
5525	品牌F 瑜珈墊 灰色 均一	6	1260.00	1
5526	品牌F 瑜珈墊 綠色 S	6	1270.00	1
5527	品牌F 瑜珈墊 綠色 M	6	1280.00	1
5528	品牌F 瑜珈墊 綠色 L	6	1290.00	1
5529	品牌F 瑜珈墊 綠色 XL	6	1300.00	1
5530	品牌F 瑜珈墊 綠色 均一	6	1310.00	1
5531	品牌F 瑜珈墊 米色 S	6	1320.00	1
5532	品牌F 瑜珈墊 米色 M	6	1330.00	1
5533	品牌F 瑜珈墊 米色 L	6	1340.00	1
5534	品牌F 瑜珈墊 米色 XL	6	1350.00	1
5535	品牌F 瑜珈墊 米色 均一	6	1360.00	1
5536	品牌F 瑜珈墊 粉色 S	6	1370.00	1
5537	品牌F 瑜珈墊 粉色 M	6	1380.00	1
5538	品牌F 瑜珈墊 粉色 L	6	1390.00	1
5539	品牌F 瑜珈墊 粉色 XL	6	1400.00	1
5540	品牌F 瑜珈墊 粉色 均一	6	1410.00	1
5541	品牌F 瑜珈墊 黃色 S	6	1420.00	1
5542	品牌F 瑜珈墊 黃色 M	6	1430.00	1
5543	品牌F 瑜珈墊 黃色 L	6	1440.00	1
5544	品牌F 瑜珈墊 黃色 XL	6	1450.00	1
5545	品牌F 瑜珈墊 黃色 均一	6	1460.00	1
5546	品牌F 瑜珈墊 紫色 S	6	1470.00	1
5547	品牌F 瑜珈墊 紫色 M	6	1480.00	1
5548	品牌F 瑜珈墊 紫色 L	6	1490.00	1
5549	品牌F 瑜珈墊 紫色 XL	6	1500.00	1
5550	品牌F 瑜珈墊 紫色 均一	6	1510.00	0
5551	品牌F 啞鈴 黑色 S	6	1520.00	1
5552	品牌F 啞鈴 黑色 M	6	1530.00	1
5553	品牌F 啞鈴 黑色 L	6	1540.00	1
5554	品牌F 啞鈴 黑色 XL	6	1550.00	1
5555	品牌F 啞鈴 黑色 均一	6	1560.00	1
5556	品牌F 啞鈴 白色 S	6	1570.00	1
5557	品牌F 啞鈴 白色 M	6	1580.00	1
5558	品牌F 啞鈴 白色 L	6	1590.00	1
5559	品牌F 啞鈴 白色 XL	6	1600.00	1
5560	品牌F 啞鈴 白色 均一	6	1610.00	1
5561	品牌F 啞鈴 藍色 S	6	1620.00	1
5562	品牌F 啞鈴 藍色 M	6	1630.00	1
5563	品牌F 啞鈴 藍色 L	6	1640.00	1
5564	品牌F 啞鈴 藍色 XL	6	1650.00	1
5565	品牌F 啞鈴 藍色 均一	6	1660.00	1
5566	品牌F 啞鈴 紅色 S	6	1670.00	1
5567	品牌F 啞鈴 紅色 M	6	1680.00	1
5568	品牌F 啞鈴 紅色 L	6	1690.00	1
5569	品牌F 啞鈴 紅色 XL	6	1700.00	1
5570	品牌F 啞鈴 紅色 均一	6	1710.00	1
5571	品牌F 啞鈴 灰色 S	6	1720.00	1
5572	品牌F 啞鈴 灰色 M	6	1730.00	1
5573	品牌F 啞鈴 灰色 L	6	1740.00	1
5574	品牌F 啞鈴 灰色 XL	6	1750.00	1
5575	品牌F 啞鈴 灰色 均一	6	1760.00	1
5576	品牌F 啞鈴 綠色 S	6	1770.00	1
5577	品牌F 啞鈴 綠色 M	6	1780.00	1
5578	品牌F 啞鈴 綠色 L	6	1790.00	1
5579	品牌F 啞鈴 綠色 XL	6	1800.00	1
5580	品牌F 啞鈴 綠色 均一	6	1810.00	1
5581	品牌F 啞鈴 米色 S	6	1820.00	1
5582	品牌F 啞鈴 米色 M	6	1830.00	1
5583	品牌F 啞鈴 米色 L	6	1840.00	1
5584	品牌F 啞鈴 米色 XL	6	1850.00	1
5585	品牌F 啞鈴 米色 均一	6	1860.00	1
5586	品牌F 啞鈴 粉色 S	6	1870.00	1
5587	品牌F 啞鈴 粉色 M	6	1880.00	1
5588	品牌F 啞鈴 粉色 L	6	1890.00	1
5589	品牌F 啞鈴 粉色 XL	6	1900.00	1
5590	品牌F 啞鈴 粉色 均一	6	1910.00	1
5591	品牌F 啞鈴 黃色 S	6	1920.00	1
5592	品牌F 啞鈴 黃色 M	6	1930.00	1
5593	品牌F 啞鈴 黃色 L	6	1940.00	1
5594	品牌F 啞鈴 黃色 XL	6	1950.00	1
5595	品牌F 啞鈴 黃色 均一	6	1960.00	1
5596	品牌F 啞鈴 紫色 S	6	1970.00	1
5597	品牌F 啞鈴 紫色 M	6	1980.00	1
5598	品牌F 啞鈴 紫色 L	6	1990.00	1
5599	品牌F 啞鈴 紫色 XL	6	2000.00	1
5600	品牌F 啞鈴 紫色 均一	6	10.00	0
5601	品牌F 筆記本 黑色 S	7	20.00	1
5602	品牌F 筆記本 黑色 M	7	30.00	1
5603	品牌F 筆記本 黑色 L	7	40.00	1
5604	品牌F 筆記本 黑色 XL	7	50.00	1
5605	品牌F 筆記本 黑色 均一	7	60.00	1
5606	品牌F 筆記本 白色 S	7	70.00	1
5607	品牌F 筆記本 白色 M	7	80.00	1
5608	品牌F 筆記本 白色 L	7	90.00	1
5609	品牌F 筆記本 白色 XL	7	100.00	1
5610	品牌F 筆記本 白色 均一	7	110.00	1
5611	品牌F 筆記本 藍色 S	7	120.00	1
5612	品牌F 筆記本 藍色 M	7	130.00	1
5613	品牌F 筆記本 藍色 L	7	140.00	1
5614	品牌F 筆記本 藍色 XL	7	150.00	1
5615	品牌F 筆記本 藍色 均一	7	160.00	1
5616	品牌F 筆記本 紅色 S	7	170.00	1
5617	品牌F 筆記本 紅色 M	7	180.00	1
5618	品牌F 筆記本 紅色 L	7	190.00	1
5619	品牌F 筆記本 紅色 XL	7	200.00	1
5620	品牌F 筆記本 紅色 均一	7	210.00	1
5621	品牌F 筆記本 灰色 S	7	220.00	1
5622	品牌F 筆記本 灰色 M	7	230.00	1
5623	品牌F 筆記本 灰色 L	7	240.00	1
5624	品牌F 筆記本 灰色 XL	7	250.00	1
5625	品牌F 筆記本 灰色 均一	7	260.00	1
5626	品牌F 筆記本 綠色 S	7	270.00	1
5627	品牌F 筆記本 綠色 M	7	280.00	1
5628	品牌F 筆記本 綠色 L	7	290.00	1
5629	品牌F 筆記本 綠色 XL	7	300.00	1
5630	品牌F 筆記本 綠色 均一	7	310.00	1
5631	品牌F 筆記本 米色 S	7	320.00	1
5632	品牌F 筆記本 米色 M	7	330.00	1
5633	品牌F 筆記本 米色 L	7	340.00	1
5634	品牌F 筆記本 米色 XL	7	350.00	1
5635	品牌F 筆記本 米色 均一	7	360.00	1
5636	品牌F 筆記本 粉色 S	7	370.00	1
5637	品牌F 筆記本 粉色 M	7	380.00	1
5638	品牌F 筆記本 粉色 L	7	390.00	1
5639	品牌F 筆記本 粉色 XL	7	400.00	1
5640	品牌F 筆記本 粉色 均一	7	410.00	1
5641	品牌F 筆記本 黃色 S	7	420.00	1
5642	品牌F 筆記本 黃色 M	7	430.00	1
5643	品牌F 筆記本 黃色 L	7	440.00	1
5644	品牌F 筆記本 黃色 XL	7	450.00	1
5645	品牌F 筆記本 黃色 均一	7	460.00	1
5646	品牌F 筆記本 紫色 S	7	470.00	1
5647	品牌F 筆記本 紫色 M	7	480.00	1
5648	品牌F 筆記本 紫色 L	7	490.00	1
5649	品牌F 筆記本 紫色 XL	7	500.00	1
5650	品牌F 筆記本 紫色 均一	7	510.00	0
5651	品牌F 原子筆 黑色 S	7	520.00	1
5652	品牌F 原子筆 黑色 M	7	530.00	1
5653	品牌F 原子筆 黑色 L	7	540.00	1
5654	品牌F 原子筆 黑色 XL	7	550.00	1
5655	品牌F 原子筆 黑色 均一	7	560.00	1
5656	品牌F 原子筆 白色 S	7	570.00	1
5657	品牌F 原子筆 白色 M	7	580.00	1
5658	品牌F 原子筆 白色 L	7	590.00	1
5659	品牌F 原子筆 白色 XL	7	600.00	1
5660	品牌F 原子筆 白色 均一	7	610.00	1
5661	品牌F 原子筆 藍色 S	7	620.00	1
5662	品牌F 原子筆 藍色 M	7	630.00	1
5663	品牌F 原子筆 藍色 L	7	640.00	1
5664	品牌F 原子筆 藍色 XL	7	650.00	1
5665	品牌F 原子筆 藍色 均一	7	660.00	1
5666	品牌F 原子筆 紅色 S	7	670.00	1
5667	品牌F 原子筆 紅色 M	7	680.00	1
5668	品牌F 原子筆 紅色 L	7	690.00	1
5669	品牌F 原子筆 紅色 XL	7	700.00	1
5670	品牌F 原子筆 紅色 均一	7	710.00	1
5671	品牌F 原子筆 灰色 S	7	720.00	1
5672	品牌F 原子筆 灰色 M	7	730.00	1
5673	品牌F 原子筆 灰色 L	7	740.00	1
5674	品牌F 原子筆 灰色 XL	7	750.00	1
5675	品牌F 原子筆 灰色 均一	7	760.00	1
5676	品牌F 原子筆 綠色 S	7	770.00	1
5677	品牌F 原子筆 綠色 M	7	780.00	1
5678	品牌F 原子筆 綠色 L	7	790.00	1
5679	品牌F 原子筆 綠色 XL	7	800.00	1
5680	品牌F 原子筆 綠色 均一	7	810.00	1
5681	品牌F 原子筆 米色 S	7	820.00	1
5682	品牌F 原子筆 米色 M	7	830.00	1
5683	品牌F 原子筆 米色 L	7	840.00	1
5684	品牌F 原子筆 米色 XL	7	850.00	1
5685	品牌F 原子筆 米色 均一	7	860.00	1
5686	品牌F 原子筆 粉色 S	7	870.00	1
5687	品牌F 原子筆 粉色 M	7	880.00	1
5688	品牌F 原子筆 粉色 L	7	890.00	1
5689	品牌F 原子筆 粉色 XL	7	900.00	1
5690	品牌F 原子筆 粉色 均一	7	910.00	1
5691	品牌F 原子筆 黃色 S	7	920.00	1
5692	品牌F 原子筆 黃色 M	7	930.00	1
5693	品牌F 原子筆 黃色 L	7	940.00	1
5694	品牌F 原子筆 黃色 XL	7	950.00	1
5695	品牌F 原子筆 黃色 均一	7	960.00	1
5696	品牌F 原子筆 紫色 S	7	970.00	1
5697	品牌F 原子筆 紫色 M	7	980.00	1
5698	品牌F 原子筆 紫色 L	7	990.00	1
5699	品牌F 原子筆 紫色 XL	7	1000.00	1
5700	品牌F 原子筆 紫色 均一	7	1010.00	0
5701	品牌F 貓砂 黑色 S	8	1020.00	1
5702	品牌F 貓砂 黑色 M	8	1030.00	1
5703	品牌F 貓砂 黑色 L	8	1040.00	1
5704	品牌F 貓砂 黑色 XL	8	1050.00	1
5705	品牌F 貓砂 黑色 均一	8	1060.00	1
5706	品牌F 貓砂 白色 S	8	1070.00	1
5707	品牌F 貓砂 白色 M	8	1080.00	1
5708	品牌F 貓砂 白色 L	8	1090.00	1
5709	品牌F 貓砂 白色 XL	8	1100.00	1
5710	品牌F 貓砂 白色 均一	8	1110.00	1
5711	品牌F 貓砂 藍色 S	8	1120.00	1
5712	品牌F 貓砂 藍色 M	8	1130.00	1
5713	品牌F 貓砂 藍色 L	8	1140.00	1
5714	品牌F 貓砂 藍色 XL	8	1150.00	1
5715	品牌F 貓砂 藍色 均一	8	1160.00	1
5716	品牌F 貓砂 紅色 S	8	1170.00	1
5717	品牌F 貓砂 紅色 M	8	1180.00	1
5718	品牌F 貓砂 紅色 L	8	1190.00	1
5719	品牌F 貓砂 紅色 XL	8	1200.00	1
5720	品牌F 貓砂 紅色 均一	8	1210.00	1
5721	品牌F 貓砂 灰色 S	8	1220.00	1
5722	品牌F 貓砂 灰色 M	8	1230.00	1
5723	品牌F 貓砂 灰色 L	8	1240.00	1
5724	品牌F 貓砂 灰色 XL	8	1250.00	1
5725	品牌F 貓砂 灰色 均一	8	1260.00	1
5726	品牌F 貓砂 綠色 S	8	1270.00	1
5727	品牌F 貓砂 綠色 M	8	1280.00	1
5728	品牌F 貓砂 綠色 L	8	1290.00	1
5729	品牌F 貓砂 綠色 XL	8	1300.00	1
5730	品牌F 貓砂 綠色 均一	8	1310.00	1
5731	品牌F 貓砂 米色 S	8	1320.00	1
5732	品牌F 貓砂 米色 M	8	1330.00	1
5733	品牌F 貓砂 米色 L	8	1340.00	1
5734	品牌F 貓砂 米色 XL	8	1350.00	1
5735	品牌F 貓砂 米色 均一	8	1360.00	1
5736	品牌F 貓砂 粉色 S	8	1370.00	1
5737	品牌F 貓砂 粉色 M	8	1380.00	1
5738	品牌F 貓砂 粉色 L	8	1390.00	1
5739	品牌F 貓砂 粉色 XL	8	1400.00	1
5740	品牌F 貓砂 粉色 均一	8	1410.00	1
5741	品牌F 貓砂 黃色 S	8	1420.00	1
5742	品牌F 貓砂 黃色 M	8	1430.00	1
5743	品牌F 貓砂 黃色 L	8	1440.00	1
5744	品牌F 貓砂 黃色 XL	8	1450.00	1
5745	品牌F 貓砂 黃色 均一	8	1460.00	1
5746	品牌F 貓砂 紫色 S	8	1470.00	1
5747	品牌F 貓砂 紫色 M	8	1480.00	1
5748	品牌F 貓砂 紫色 L	8	1490.00	1
5749	品牌F 貓砂 紫色 XL	8	1500.00	1
5750	品牌F 貓砂 紫色 均一	8	1510.00	0
5751	品牌F 狗零食 黑色 S	8	1520.00	1
5752	品牌F 狗零食 黑色 M	8	1530.00	1
5753	品牌F 狗零食 黑色 L	8	1540.00	1
5754	品牌F 狗零食 黑色 XL	8	1550.00	1
5755	品牌F 狗零食 黑色 均一	8	1560.00	1
5756	品牌F 狗零食 白色 S	8	1570.00	1
5757	品牌F 狗零食 白色 M	8	1580.00	1
5758	品牌F 狗零食 白色 L	8	1590.00	1
5759	品牌F 狗零食 白色 XL	8	1600.00	1
5760	品牌F 狗零食 白色 均一	8	1610.00	1
5761	品牌F 狗零食 藍色 S	8	1620.00	1
5762	品牌F 狗零食 藍色 M	8	1630.00	1
5763	品牌F 狗零食 藍色 L	8	1640.00	1
5764	品牌F 狗零食 藍色 XL	8	1650.00	1
5765	品牌F 狗零食 藍色 均一	8	1660.00	1
5766	品牌F 狗零食 紅色 S	8	1670.00	1
5767	品牌F 狗零食 紅色 M	8	1680.00	1
5768	品牌F 狗零食 紅色 L	8	1690.00	1
5769	品牌F 狗零食 紅色 XL	8	1700.00	1
5770	品牌F 狗零食 紅色 均一	8	1710.00	1
5771	品牌F 狗零食 灰色 S	8	1720.00	1
5772	品牌F 狗零食 灰色 M	8	1730.00	1
5773	品牌F 狗零食 灰色 L	8	1740.00	1
5774	品牌F 狗零食 灰色 XL	8	1750.00	1
5775	品牌F 狗零食 灰色 均一	8	1760.00	1
5776	品牌F 狗零食 綠色 S	8	1770.00	1
5777	品牌F 狗零食 綠色 M	8	1780.00	1
5778	品牌F 狗零食 綠色 L	8	1790.00	1
5779	品牌F 狗零食 綠色 XL	8	1800.00	1
5780	品牌F 狗零食 綠色 均一	8	1810.00	1
5781	品牌F 狗零食 米色 S	8	1820.00	1
5782	品牌F 狗零食 米色 M	8	1830.00	1
5783	品牌F 狗零食 米色 L	8	1840.00	1
5784	品牌F 狗零食 米色 XL	8	1850.00	1
5785	品牌F 狗零食 米色 均一	8	1860.00	1
5786	品牌F 狗零食 粉色 S	8	1870.00	1
5787	品牌F 狗零食 粉色 M	8	1880.00	1
5788	品牌F 狗零食 粉色 L	8	1890.00	1
5789	品牌F 狗零食 粉色 XL	8	1900.00	1
5790	品牌F 狗零食 粉色 均一	8	1910.00	1
5791	品牌F 狗零食 黃色 S	8	1920.00	1
5792	品牌F 狗零食 黃色 M	8	1930.00	1
5793	品牌F 狗零食 黃色 L	8	1940.00	1
5794	品牌F 狗零食 黃色 XL	8	1950.00	1
5795	品牌F 狗零食 黃色 均一	8	1960.00	1
5796	品牌F 狗零食 紫色 S	8	1970.00	1
5797	品牌F 狗零食 紫色 M	8	1980.00	1
5798	品牌F 狗零食 紫色 L	8	1990.00	1
5799	品牌F 狗零食 紫色 XL	8	2000.00	1
5800	品牌F 狗零食 紫色 均一	8	10.00	0
5801	品牌F 小說 黑色 S	9	20.00	1
5802	品牌F 小說 黑色 M	9	30.00	1
5803	品牌F 小說 黑色 L	9	40.00	1
5804	品牌F 小說 黑色 XL	9	50.00	1
5805	品牌F 小說 黑色 均一	9	60.00	1
5806	品牌F 小說 白色 S	9	70.00	1
5807	品牌F 小說 白色 M	9	80.00	1
5808	品牌F 小說 白色 L	9	90.00	1
5809	品牌F 小說 白色 XL	9	100.00	1
5810	品牌F 小說 白色 均一	9	110.00	1
5811	品牌F 小說 藍色 S	9	120.00	1
5812	品牌F 小說 藍色 M	9	130.00	1
5813	品牌F 小說 藍色 L	9	140.00	1
5814	品牌F 小說 藍色 XL	9	150.00	1
5815	品牌F 小說 藍色 均一	9	160.00	1
5816	品牌F 小說 紅色 S	9	170.00	1
5817	品牌F 小說 紅色 M	9	180.00	1
5818	品牌F 小說 紅色 L	9	190.00	1
5819	品牌F 小說 紅色 XL	9	200.00	1
5820	品牌F 小說 紅色 均一	9	210.00	1
5821	品牌F 小說 灰色 S	9	220.00	1
5822	品牌F 小說 灰色 M	9	230.00	1
5823	品牌F 小說 灰色 L	9	240.00	1
5824	品牌F 小說 灰色 XL	9	250.00	1
5825	品牌F 小說 灰色 均一	9	260.00	1
5826	品牌F 小說 綠色 S	9	270.00	1
5827	品牌F 小說 綠色 M	9	280.00	1
5828	品牌F 小說 綠色 L	9	290.00	1
5829	品牌F 小說 綠色 XL	9	300.00	1
5830	品牌F 小說 綠色 均一	9	310.00	1
5831	品牌F 小說 米色 S	9	320.00	1
5832	品牌F 小說 米色 M	9	330.00	1
5833	品牌F 小說 米色 L	9	340.00	1
5834	品牌F 小說 米色 XL	9	350.00	1
5835	品牌F 小說 米色 均一	9	360.00	1
5836	品牌F 小說 粉色 S	9	370.00	1
5837	品牌F 小說 粉色 M	9	380.00	1
5838	品牌F 小說 粉色 L	9	390.00	1
5839	品牌F 小說 粉色 XL	9	400.00	1
5840	品牌F 小說 粉色 均一	9	410.00	1
5841	品牌F 小說 黃色 S	9	420.00	1
5842	品牌F 小說 黃色 M	9	430.00	1
5843	品牌F 小說 黃色 L	9	440.00	1
5844	品牌F 小說 黃色 XL	9	450.00	1
5845	品牌F 小說 黃色 均一	9	460.00	1
5846	品牌F 小說 紫色 S	9	470.00	1
5847	品牌F 小說 紫色 M	9	480.00	1
5848	品牌F 小說 紫色 L	9	490.00	1
5849	品牌F 小說 紫色 XL	9	500.00	1
5850	品牌F 小說 紫色 均一	9	510.00	0
5851	品牌F 食譜 黑色 S	9	520.00	1
5852	品牌F 食譜 黑色 M	9	530.00	1
5853	品牌F 食譜 黑色 L	9	540.00	1
5854	品牌F 食譜 黑色 XL	9	550.00	1
5855	品牌F 食譜 黑色 均一	9	560.00	1
5856	品牌F 食譜 白色 S	9	570.00	1
5857	品牌F 食譜 白色 M	9	580.00	1
5858	品牌F 食譜 白色 L	9	590.00	1
5859	品牌F 食譜 白色 XL	9	600.00	1
5860	品牌F 食譜 白色 均一	9	610.00	1
5861	品牌F 食譜 藍色 S	9	620.00	1
5862	品牌F 食譜 藍色 M	9	630.00	1
5863	品牌F 食譜 藍色 L	9	640.00	1
5864	品牌F 食譜 藍色 XL	9	650.00	1
5865	品牌F 食譜 藍色 均一	9	660.00	1
5866	品牌F 食譜 紅色 S	9	670.00	1
5867	品牌F 食譜 紅色 M	9	680.00	1
5868	品牌F 食譜 紅色 L	9	690.00	1
5869	品牌F 食譜 紅色 XL	9	700.00	1
5870	品牌F 食譜 紅色 均一	9	710.00	1
5871	品牌F 食譜 灰色 S	9	720.00	1
5872	品牌F 食譜 灰色 M	9	730.00	1
5873	品牌F 食譜 灰色 L	9	740.00	1
5874	品牌F 食譜 灰色 XL	9	750.00	1
5875	品牌F 食譜 灰色 均一	9	760.00	1
5876	品牌F 食譜 綠色 S	9	770.00	1
5877	品牌F 食譜 綠色 M	9	780.00	1
5878	品牌F 食譜 綠色 L	9	790.00	1
5879	品牌F 食譜 綠色 XL	9	800.00	1
5880	品牌F 食譜 綠色 均一	9	810.00	1
5881	品牌F 食譜 米色 S	9	820.00	1
5882	品牌F 食譜 米色 M	9	830.00	1
5883	品牌F 食譜 米色 L	9	840.00	1
5884	品牌F 食譜 米色 XL	9	850.00	1
5885	品牌F 食譜 米色 均一	9	860.00	1
5886	品牌F 食譜 粉色 S	9	870.00	1
5887	品牌F 食譜 粉色 M	9	880.00	1
5888	品牌F 食譜 粉色 L	9	890.00	1
5889	品牌F 食譜 粉色 XL	9	900.00	1
5890	品牌F 食譜 粉色 均一	9	910.00	1
5891	品牌F 食譜 黃色 S	9	920.00	1
5892	品牌F 食譜 黃色 M	9	930.00	1
5893	品牌F 食譜 黃色 L	9	940.00	1
5894	品牌F 食譜 黃色 XL	9	950.00	1
5895	品牌F 食譜 黃色 均一	9	960.00	1
5896	品牌F 食譜 紫色 S	9	970.00	1
5897	品牌F 食譜 紫色 M	9	980.00	1
5898	品牌F 食譜 紫色 L	9	990.00	1
5899	品牌F 食譜 紫色 XL	9	1000.00	1
5900	品牌F 食譜 紫色 均一	9	1010.00	0
5901	品牌F 禮物卡 黑色 S	10	1020.00	1
5902	品牌F 禮物卡 黑色 M	10	1030.00	1
5903	品牌F 禮物卡 黑色 L	10	1040.00	1
5904	品牌F 禮物卡 黑色 XL	10	1050.00	1
5905	品牌F 禮物卡 黑色 均一	10	1060.00	1
5906	品牌F 禮物卡 白色 S	10	1070.00	1
5907	品牌F 禮物卡 白色 M	10	1080.00	1
5908	品牌F 禮物卡 白色 L	10	1090.00	1
5909	品牌F 禮物卡 白色 XL	10	1100.00	1
5910	品牌F 禮物卡 白色 均一	10	1110.00	1
5911	品牌F 禮物卡 藍色 S	10	1120.00	1
5912	品牌F 禮物卡 藍色 M	10	1130.00	1
5913	品牌F 禮物卡 藍色 L	10	1140.00	1
5914	品牌F 禮物卡 藍色 XL	10	1150.00	1
5915	品牌F 禮物卡 藍色 均一	10	1160.00	1
5916	品牌F 禮物卡 紅色 S	10	1170.00	1
5917	品牌F 禮物卡 紅色 M	10	1180.00	1
5918	品牌F 禮物卡 紅色 L	10	1190.00	1
5919	品牌F 禮物卡 紅色 XL	10	1200.00	1
5920	品牌F 禮物卡 紅色 均一	10	1210.00	1
5921	品牌F 禮物卡 灰色 S	10	1220.00	1
5922	品牌F 禮物卡 灰色 M	10	1230.00	1
5923	品牌F 禮物卡 灰色 L	10	1240.00	1
5924	品牌F 禮物卡 灰色 XL	10	1250.00	1
5925	品牌F 禮物卡 灰色 均一	10	1260.00	1
5926	品牌F 禮物卡 綠色 S	10	1270.00	1
5927	品牌F 禮物卡 綠色 M	10	1280.00	1
5928	品牌F 禮物卡 綠色 L	10	1290.00	1
5929	品牌F 禮物卡 綠色 XL	10	1300.00	1
5930	品牌F 禮物卡 綠色 均一	10	1310.00	1
5931	品牌F 禮物卡 米色 S	10	1320.00	1
5932	品牌F 禮物卡 米色 M	10	1330.00	1
5933	品牌F 禮物卡 米色 L	10	1340.00	1
5934	品牌F 禮物卡 米色 XL	10	1350.00	1
5935	品牌F 禮物卡 米色 均一	10	1360.00	1
5936	品牌F 禮物卡 粉色 S	10	1370.00	1
5937	品牌F 禮物卡 粉色 M	10	1380.00	1
5938	品牌F 禮物卡 粉色 L	10	1390.00	1
5939	品牌F 禮物卡 粉色 XL	10	1400.00	1
5940	品牌F 禮物卡 粉色 均一	10	1410.00	1
5941	品牌F 禮物卡 黃色 S	10	1420.00	1
5942	品牌F 禮物卡 黃色 M	10	1430.00	1
5943	品牌F 禮物卡 黃色 L	10	1440.00	1
5944	品牌F 禮物卡 黃色 XL	10	1450.00	1
5945	品牌F 禮物卡 黃色 均一	10	1460.00	1
5946	品牌F 禮物卡 紫色 S	10	1470.00	1
5947	品牌F 禮物卡 紫色 M	10	1480.00	1
5948	品牌F 禮物卡 紫色 L	10	1490.00	1
5949	品牌F 禮物卡 紫色 XL	10	1500.00	1
5950	品牌F 禮物卡 紫色 均一	10	1510.00	0
5951	品牌F 收納袋 黑色 S	10	1520.00	1
5952	品牌F 收納袋 黑色 M	10	1530.00	1
5953	品牌F 收納袋 黑色 L	10	1540.00	1
5954	品牌F 收納袋 黑色 XL	10	1550.00	1
5955	品牌F 收納袋 黑色 均一	10	1560.00	1
5956	品牌F 收納袋 白色 S	10	1570.00	1
5957	品牌F 收納袋 白色 M	10	1580.00	1
5958	品牌F 收納袋 白色 L	10	1590.00	1
5959	品牌F 收納袋 白色 XL	10	1600.00	1
5960	品牌F 收納袋 白色 均一	10	1610.00	1
5961	品牌F 收納袋 藍色 S	10	1620.00	1
5962	品牌F 收納袋 藍色 M	10	1630.00	1
5963	品牌F 收納袋 藍色 L	10	1640.00	1
5964	品牌F 收納袋 藍色 XL	10	1650.00	1
5965	品牌F 收納袋 藍色 均一	10	1660.00	1
5966	品牌F 收納袋 紅色 S	10	1670.00	1
5967	品牌F 收納袋 紅色 M	10	1680.00	1
5968	品牌F 收納袋 紅色 L	10	1690.00	1
5969	品牌F 收納袋 紅色 XL	10	1700.00	1
5970	品牌F 收納袋 紅色 均一	10	1710.00	1
5971	品牌F 收納袋 灰色 S	10	1720.00	1
5972	品牌F 收納袋 灰色 M	10	1730.00	1
5973	品牌F 收納袋 灰色 L	10	1740.00	1
5974	品牌F 收納袋 灰色 XL	10	1750.00	1
5975	品牌F 收納袋 灰色 均一	10	1760.00	1
5976	品牌F 收納袋 綠色 S	10	1770.00	1
5977	品牌F 收納袋 綠色 M	10	1780.00	1
5978	品牌F 收納袋 綠色 L	10	1790.00	1
5979	品牌F 收納袋 綠色 XL	10	1800.00	1
5980	品牌F 收納袋 綠色 均一	10	1810.00	1
5981	品牌F 收納袋 米色 S	10	1820.00	1
5982	品牌F 收納袋 米色 M	10	1830.00	1
5983	品牌F 收納袋 米色 L	10	1840.00	1
5984	品牌F 收納袋 米色 XL	10	1850.00	1
5985	品牌F 收納袋 米色 均一	10	1860.00	1
5986	品牌F 收納袋 粉色 S	10	1870.00	1
5987	品牌F 收納袋 粉色 M	10	1880.00	1
5988	品牌F 收納袋 粉色 L	10	1890.00	1
5989	品牌F 收納袋 粉色 XL	10	1900.00	1
5990	品牌F 收納袋 粉色 均一	10	1910.00	1
5991	品牌F 收納袋 黃色 S	10	1920.00	1
5992	品牌F 收納袋 黃色 M	10	1930.00	1
5993	品牌F 收納袋 黃色 L	10	1940.00	1
5994	品牌F 收納袋 黃色 XL	10	1950.00	1
5995	品牌F 收納袋 黃色 均一	10	1960.00	1
5996	品牌F 收納袋 紫色 S	10	1970.00	1
5997	品牌F 收納袋 紫色 M	10	1980.00	1
5998	品牌F 收納袋 紫色 L	10	1990.00	1
5999	品牌F 收納袋 紫色 XL	10	2000.00	1
6000	品牌F 收納袋 紫色 均一	10	10.00	0
6001	品牌G T恤 黑色 S	1	20.00	1
6002	品牌G T恤 黑色 M	1	30.00	1
6003	品牌G T恤 黑色 L	1	40.00	1
6004	品牌G T恤 黑色 XL	1	50.00	1
6005	品牌G T恤 黑色 均一	1	60.00	1
6006	品牌G T恤 白色 S	1	70.00	1
6007	品牌G T恤 白色 M	1	80.00	1
6008	品牌G T恤 白色 L	1	90.00	1
6009	品牌G T恤 白色 XL	1	100.00	1
6010	品牌G T恤 白色 均一	1	110.00	1
6011	品牌G T恤 藍色 S	1	120.00	1
6012	品牌G T恤 藍色 M	1	130.00	1
6013	品牌G T恤 藍色 L	1	140.00	1
6014	品牌G T恤 藍色 XL	1	150.00	1
6015	品牌G T恤 藍色 均一	1	160.00	1
6016	品牌G T恤 紅色 S	1	170.00	1
6017	品牌G T恤 紅色 M	1	180.00	1
6018	品牌G T恤 紅色 L	1	190.00	1
6019	品牌G T恤 紅色 XL	1	200.00	1
6020	品牌G T恤 紅色 均一	1	210.00	1
6021	品牌G T恤 灰色 S	1	220.00	1
6022	品牌G T恤 灰色 M	1	230.00	1
6023	品牌G T恤 灰色 L	1	240.00	1
6024	品牌G T恤 灰色 XL	1	250.00	1
6025	品牌G T恤 灰色 均一	1	260.00	1
6026	品牌G T恤 綠色 S	1	270.00	1
6027	品牌G T恤 綠色 M	1	280.00	1
6028	品牌G T恤 綠色 L	1	290.00	1
6029	品牌G T恤 綠色 XL	1	300.00	1
6030	品牌G T恤 綠色 均一	1	310.00	1
6031	品牌G T恤 米色 S	1	320.00	1
6032	品牌G T恤 米色 M	1	330.00	1
6033	品牌G T恤 米色 L	1	340.00	1
6034	品牌G T恤 米色 XL	1	350.00	1
6035	品牌G T恤 米色 均一	1	360.00	1
6036	品牌G T恤 粉色 S	1	370.00	1
6037	品牌G T恤 粉色 M	1	380.00	1
6038	品牌G T恤 粉色 L	1	390.00	1
6039	品牌G T恤 粉色 XL	1	400.00	1
6040	品牌G T恤 粉色 均一	1	410.00	1
6041	品牌G T恤 黃色 S	1	420.00	1
6042	品牌G T恤 黃色 M	1	430.00	1
6043	品牌G T恤 黃色 L	1	440.00	1
6044	品牌G T恤 黃色 XL	1	450.00	1
6045	品牌G T恤 黃色 均一	1	460.00	1
6046	品牌G T恤 紫色 S	1	470.00	1
6047	品牌G T恤 紫色 M	1	480.00	1
6048	品牌G T恤 紫色 L	1	490.00	1
6049	品牌G T恤 紫色 XL	1	500.00	1
6050	品牌G T恤 紫色 均一	1	510.00	0
6051	品牌G 外套 黑色 S	1	520.00	1
6052	品牌G 外套 黑色 M	1	530.00	1
6053	品牌G 外套 黑色 L	1	540.00	1
6054	品牌G 外套 黑色 XL	1	550.00	1
6055	品牌G 外套 黑色 均一	1	560.00	1
6056	品牌G 外套 白色 S	1	570.00	1
6057	品牌G 外套 白色 M	1	580.00	1
6058	品牌G 外套 白色 L	1	590.00	1
6059	品牌G 外套 白色 XL	1	600.00	1
6060	品牌G 外套 白色 均一	1	610.00	1
6061	品牌G 外套 藍色 S	1	620.00	1
6062	品牌G 外套 藍色 M	1	630.00	1
6063	品牌G 外套 藍色 L	1	640.00	1
6064	品牌G 外套 藍色 XL	1	650.00	1
6065	品牌G 外套 藍色 均一	1	660.00	1
6066	品牌G 外套 紅色 S	1	670.00	1
6067	品牌G 外套 紅色 M	1	680.00	1
6068	品牌G 外套 紅色 L	1	690.00	1
6069	品牌G 外套 紅色 XL	1	700.00	1
6070	品牌G 外套 紅色 均一	1	710.00	1
6071	品牌G 外套 灰色 S	1	720.00	1
6072	品牌G 外套 灰色 M	1	730.00	1
6073	品牌G 外套 灰色 L	1	740.00	1
6074	品牌G 外套 灰色 XL	1	750.00	1
6075	品牌G 外套 灰色 均一	1	760.00	1
6076	品牌G 外套 綠色 S	1	770.00	1
6077	品牌G 外套 綠色 M	1	780.00	1
6078	品牌G 外套 綠色 L	1	790.00	1
6079	品牌G 外套 綠色 XL	1	800.00	1
6080	品牌G 外套 綠色 均一	1	810.00	1
6081	品牌G 外套 米色 S	1	820.00	1
6082	品牌G 外套 米色 M	1	830.00	1
6083	品牌G 外套 米色 L	1	840.00	1
6084	品牌G 外套 米色 XL	1	850.00	1
6085	品牌G 外套 米色 均一	1	860.00	1
6086	品牌G 外套 粉色 S	1	870.00	1
6087	品牌G 外套 粉色 M	1	880.00	1
6088	品牌G 外套 粉色 L	1	890.00	1
6089	品牌G 外套 粉色 XL	1	900.00	1
6090	品牌G 外套 粉色 均一	1	910.00	1
6091	品牌G 外套 黃色 S	1	920.00	1
6092	品牌G 外套 黃色 M	1	930.00	1
6093	品牌G 外套 黃色 L	1	940.00	1
6094	品牌G 外套 黃色 XL	1	950.00	1
6095	品牌G 外套 黃色 均一	1	960.00	1
6096	品牌G 外套 紫色 S	1	970.00	1
6097	品牌G 外套 紫色 M	1	980.00	1
6098	品牌G 外套 紫色 L	1	990.00	1
6099	品牌G 外套 紫色 XL	1	1000.00	1
6100	品牌G 外套 紫色 均一	1	1010.00	0
6101	品牌G 無線耳機 黑色 S	2	1020.00	1
6102	品牌G 無線耳機 黑色 M	2	1030.00	1
6103	品牌G 無線耳機 黑色 L	2	1040.00	1
6104	品牌G 無線耳機 黑色 XL	2	1050.00	1
6105	品牌G 無線耳機 黑色 均一	2	1060.00	1
6106	品牌G 無線耳機 白色 S	2	1070.00	1
6107	品牌G 無線耳機 白色 M	2	1080.00	1
6108	品牌G 無線耳機 白色 L	2	1090.00	1
6109	品牌G 無線耳機 白色 XL	2	1100.00	1
6110	品牌G 無線耳機 白色 均一	2	1110.00	1
6111	品牌G 無線耳機 藍色 S	2	1120.00	1
6112	品牌G 無線耳機 藍色 M	2	1130.00	1
6113	品牌G 無線耳機 藍色 L	2	1140.00	1
6114	品牌G 無線耳機 藍色 XL	2	1150.00	1
6115	品牌G 無線耳機 藍色 均一	2	1160.00	1
6116	品牌G 無線耳機 紅色 S	2	1170.00	1
6117	品牌G 無線耳機 紅色 M	2	1180.00	1
6118	品牌G 無線耳機 紅色 L	2	1190.00	1
6119	品牌G 無線耳機 紅色 XL	2	1200.00	1
6120	品牌G 無線耳機 紅色 均一	2	1210.00	1
6121	品牌G 無線耳機 灰色 S	2	1220.00	1
6122	品牌G 無線耳機 灰色 M	2	1230.00	1
6123	品牌G 無線耳機 灰色 L	2	1240.00	1
6124	品牌G 無線耳機 灰色 XL	2	1250.00	1
6125	品牌G 無線耳機 灰色 均一	2	1260.00	1
6126	品牌G 無線耳機 綠色 S	2	1270.00	1
6127	品牌G 無線耳機 綠色 M	2	1280.00	1
6128	品牌G 無線耳機 綠色 L	2	1290.00	1
6129	品牌G 無線耳機 綠色 XL	2	1300.00	1
6130	品牌G 無線耳機 綠色 均一	2	1310.00	1
6131	品牌G 無線耳機 米色 S	2	1320.00	1
6132	品牌G 無線耳機 米色 M	2	1330.00	1
6133	品牌G 無線耳機 米色 L	2	1340.00	1
6134	品牌G 無線耳機 米色 XL	2	1350.00	1
6135	品牌G 無線耳機 米色 均一	2	1360.00	1
6136	品牌G 無線耳機 粉色 S	2	1370.00	1
6137	品牌G 無線耳機 粉色 M	2	1380.00	1
6138	品牌G 無線耳機 粉色 L	2	1390.00	1
6139	品牌G 無線耳機 粉色 XL	2	1400.00	1
6140	品牌G 無線耳機 粉色 均一	2	1410.00	1
6141	品牌G 無線耳機 黃色 S	2	1420.00	1
6142	品牌G 無線耳機 黃色 M	2	1430.00	1
6143	品牌G 無線耳機 黃色 L	2	1440.00	1
6144	品牌G 無線耳機 黃色 XL	2	1450.00	1
6145	品牌G 無線耳機 黃色 均一	2	1460.00	1
6146	品牌G 無線耳機 紫色 S	2	1470.00	1
6147	品牌G 無線耳機 紫色 M	2	1480.00	1
6148	品牌G 無線耳機 紫色 L	2	1490.00	1
6149	品牌G 無線耳機 紫色 XL	2	1500.00	1
6150	品牌G 無線耳機 紫色 均一	2	1510.00	0
6151	品牌G 行動電源 黑色 S	2	1520.00	1
6152	品牌G 行動電源 黑色 M	2	1530.00	1
6153	品牌G 行動電源 黑色 L	2	1540.00	1
6154	品牌G 行動電源 黑色 XL	2	1550.00	1
6155	品牌G 行動電源 黑色 均一	2	1560.00	1
6156	品牌G 行動電源 白色 S	2	1570.00	1
6157	品牌G 行動電源 白色 M	2	1580.00	1
6158	品牌G 行動電源 白色 L	2	1590.00	1
6159	品牌G 行動電源 白色 XL	2	1600.00	1
6160	品牌G 行動電源 白色 均一	2	1610.00	1
6161	品牌G 行動電源 藍色 S	2	1620.00	1
6162	品牌G 行動電源 藍色 M	2	1630.00	1
6163	品牌G 行動電源 藍色 L	2	1640.00	1
6164	品牌G 行動電源 藍色 XL	2	1650.00	1
6165	品牌G 行動電源 藍色 均一	2	1660.00	1
6166	品牌G 行動電源 紅色 S	2	1670.00	1
6167	品牌G 行動電源 紅色 M	2	1680.00	1
6168	品牌G 行動電源 紅色 L	2	1690.00	1
6169	品牌G 行動電源 紅色 XL	2	1700.00	1
6170	品牌G 行動電源 紅色 均一	2	1710.00	1
6171	品牌G 行動電源 灰色 S	2	1720.00	1
6172	品牌G 行動電源 灰色 M	2	1730.00	1
6173	品牌G 行動電源 灰色 L	2	1740.00	1
6174	品牌G 行動電源 灰色 XL	2	1750.00	1
6175	品牌G 行動電源 灰色 均一	2	1760.00	1
6176	品牌G 行動電源 綠色 S	2	1770.00	1
6177	品牌G 行動電源 綠色 M	2	1780.00	1
6178	品牌G 行動電源 綠色 L	2	1790.00	1
6179	品牌G 行動電源 綠色 XL	2	1800.00	1
6180	品牌G 行動電源 綠色 均一	2	1810.00	1
6181	品牌G 行動電源 米色 S	2	1820.00	1
6182	品牌G 行動電源 米色 M	2	1830.00	1
6183	品牌G 行動電源 米色 L	2	1840.00	1
6184	品牌G 行動電源 米色 XL	2	1850.00	1
6185	品牌G 行動電源 米色 均一	2	1860.00	1
6186	品牌G 行動電源 粉色 S	2	1870.00	1
6187	品牌G 行動電源 粉色 M	2	1880.00	1
6188	品牌G 行動電源 粉色 L	2	1890.00	1
6189	品牌G 行動電源 粉色 XL	2	1900.00	1
6190	品牌G 行動電源 粉色 均一	2	1910.00	1
6191	品牌G 行動電源 黃色 S	2	1920.00	1
6192	品牌G 行動電源 黃色 M	2	1930.00	1
6193	品牌G 行動電源 黃色 L	2	1940.00	1
6194	品牌G 行動電源 黃色 XL	2	1950.00	1
6195	品牌G 行動電源 黃色 均一	2	1960.00	1
6196	品牌G 行動電源 紫色 S	2	1970.00	1
6197	品牌G 行動電源 紫色 M	2	1980.00	1
6198	品牌G 行動電源 紫色 L	2	1990.00	1
6199	品牌G 行動電源 紫色 XL	2	2000.00	1
6200	品牌G 行動電源 紫色 均一	2	10.00	0
6201	品牌G 馬克杯 黑色 S	3	20.00	1
6202	品牌G 馬克杯 黑色 M	3	30.00	1
6203	品牌G 馬克杯 黑色 L	3	40.00	1
6204	品牌G 馬克杯 黑色 XL	3	50.00	1
6205	品牌G 馬克杯 黑色 均一	3	60.00	1
6206	品牌G 馬克杯 白色 S	3	70.00	1
6207	品牌G 馬克杯 白色 M	3	80.00	1
6208	品牌G 馬克杯 白色 L	3	90.00	1
6209	品牌G 馬克杯 白色 XL	3	100.00	1
6210	品牌G 馬克杯 白色 均一	3	110.00	1
6211	品牌G 馬克杯 藍色 S	3	120.00	1
6212	品牌G 馬克杯 藍色 M	3	130.00	1
6213	品牌G 馬克杯 藍色 L	3	140.00	1
6214	品牌G 馬克杯 藍色 XL	3	150.00	1
6215	品牌G 馬克杯 藍色 均一	3	160.00	1
6216	品牌G 馬克杯 紅色 S	3	170.00	1
6217	品牌G 馬克杯 紅色 M	3	180.00	1
6218	品牌G 馬克杯 紅色 L	3	190.00	1
6219	品牌G 馬克杯 紅色 XL	3	200.00	1
6220	品牌G 馬克杯 紅色 均一	3	210.00	1
6221	品牌G 馬克杯 灰色 S	3	220.00	1
6222	品牌G 馬克杯 灰色 M	3	230.00	1
6223	品牌G 馬克杯 灰色 L	3	240.00	1
6224	品牌G 馬克杯 灰色 XL	3	250.00	1
6225	品牌G 馬克杯 灰色 均一	3	260.00	1
6226	品牌G 馬克杯 綠色 S	3	270.00	1
6227	品牌G 馬克杯 綠色 M	3	280.00	1
6228	品牌G 馬克杯 綠色 L	3	290.00	1
6229	品牌G 馬克杯 綠色 XL	3	300.00	1
6230	品牌G 馬克杯 綠色 均一	3	310.00	1
6231	品牌G 馬克杯 米色 S	3	320.00	1
6232	品牌G 馬克杯 米色 M	3	330.00	1
6233	品牌G 馬克杯 米色 L	3	340.00	1
6234	品牌G 馬克杯 米色 XL	3	350.00	1
6235	品牌G 馬克杯 米色 均一	3	360.00	1
6236	品牌G 馬克杯 粉色 S	3	370.00	1
6237	品牌G 馬克杯 粉色 M	3	380.00	1
6238	品牌G 馬克杯 粉色 L	3	390.00	1
6239	品牌G 馬克杯 粉色 XL	3	400.00	1
6240	品牌G 馬克杯 粉色 均一	3	410.00	1
6241	品牌G 馬克杯 黃色 S	3	420.00	1
6242	品牌G 馬克杯 黃色 M	3	430.00	1
6243	品牌G 馬克杯 黃色 L	3	440.00	1
6244	品牌G 馬克杯 黃色 XL	3	450.00	1
6245	品牌G 馬克杯 黃色 均一	3	460.00	1
6246	品牌G 馬克杯 紫色 S	3	470.00	1
6247	品牌G 馬克杯 紫色 M	3	480.00	1
6248	品牌G 馬克杯 紫色 L	3	490.00	1
6249	品牌G 馬克杯 紫色 XL	3	500.00	1
6250	品牌G 馬克杯 紫色 均一	3	510.00	0
6251	品牌G 收納盒 黑色 S	3	520.00	1
6252	品牌G 收納盒 黑色 M	3	530.00	1
6253	品牌G 收納盒 黑色 L	3	540.00	1
6254	品牌G 收納盒 黑色 XL	3	550.00	1
6255	品牌G 收納盒 黑色 均一	3	560.00	1
6256	品牌G 收納盒 白色 S	3	570.00	1
6257	品牌G 收納盒 白色 M	3	580.00	1
6258	品牌G 收納盒 白色 L	3	590.00	1
6259	品牌G 收納盒 白色 XL	3	600.00	1
6260	品牌G 收納盒 白色 均一	3	610.00	1
6261	品牌G 收納盒 藍色 S	3	620.00	1
6262	品牌G 收納盒 藍色 M	3	630.00	1
6263	品牌G 收納盒 藍色 L	3	640.00	1
6264	品牌G 收納盒 藍色 XL	3	650.00	1
6265	品牌G 收納盒 藍色 均一	3	660.00	1
6266	品牌G 收納盒 紅色 S	3	670.00	1
6267	品牌G 收納盒 紅色 M	3	680.00	1
6268	品牌G 收納盒 紅色 L	3	690.00	1
6269	品牌G 收納盒 紅色 XL	3	700.00	1
6270	品牌G 收納盒 紅色 均一	3	710.00	1
6271	品牌G 收納盒 灰色 S	3	720.00	1
6272	品牌G 收納盒 灰色 M	3	730.00	1
6273	品牌G 收納盒 灰色 L	3	740.00	1
6274	品牌G 收納盒 灰色 XL	3	750.00	1
6275	品牌G 收納盒 灰色 均一	3	760.00	1
6276	品牌G 收納盒 綠色 S	3	770.00	1
6277	品牌G 收納盒 綠色 M	3	780.00	1
6278	品牌G 收納盒 綠色 L	3	790.00	1
6279	品牌G 收納盒 綠色 XL	3	800.00	1
6280	品牌G 收納盒 綠色 均一	3	810.00	1
6281	品牌G 收納盒 米色 S	3	820.00	1
6282	品牌G 收納盒 米色 M	3	830.00	1
6283	品牌G 收納盒 米色 L	3	840.00	1
6284	品牌G 收納盒 米色 XL	3	850.00	1
6285	品牌G 收納盒 米色 均一	3	860.00	1
6286	品牌G 收納盒 粉色 S	3	870.00	1
6287	品牌G 收納盒 粉色 M	3	880.00	1
6288	品牌G 收納盒 粉色 L	3	890.00	1
6289	品牌G 收納盒 粉色 XL	3	900.00	1
6290	品牌G 收納盒 粉色 均一	3	910.00	1
6291	品牌G 收納盒 黃色 S	3	920.00	1
6292	品牌G 收納盒 黃色 M	3	930.00	1
6293	品牌G 收納盒 黃色 L	3	940.00	1
6294	品牌G 收納盒 黃色 XL	3	950.00	1
6295	品牌G 收納盒 黃色 均一	3	960.00	1
6296	品牌G 收納盒 紫色 S	3	970.00	1
6297	品牌G 收納盒 紫色 M	3	980.00	1
6298	品牌G 收納盒 紫色 L	3	990.00	1
6299	品牌G 收納盒 紫色 XL	3	1000.00	1
6300	品牌G 收納盒 紫色 均一	3	1010.00	0
6301	品牌G 咖啡豆 黑色 S	4	1020.00	1
6302	品牌G 咖啡豆 黑色 M	4	1030.00	1
6303	品牌G 咖啡豆 黑色 L	4	1040.00	1
6304	品牌G 咖啡豆 黑色 XL	4	1050.00	1
6305	品牌G 咖啡豆 黑色 均一	4	1060.00	1
6306	品牌G 咖啡豆 白色 S	4	1070.00	1
6307	品牌G 咖啡豆 白色 M	4	1080.00	1
6308	品牌G 咖啡豆 白色 L	4	1090.00	1
6309	品牌G 咖啡豆 白色 XL	4	1100.00	1
6310	品牌G 咖啡豆 白色 均一	4	1110.00	1
6311	品牌G 咖啡豆 藍色 S	4	1120.00	1
6312	品牌G 咖啡豆 藍色 M	4	1130.00	1
6313	品牌G 咖啡豆 藍色 L	4	1140.00	1
6314	品牌G 咖啡豆 藍色 XL	4	1150.00	1
6315	品牌G 咖啡豆 藍色 均一	4	1160.00	1
6316	品牌G 咖啡豆 紅色 S	4	1170.00	1
6317	品牌G 咖啡豆 紅色 M	4	1180.00	1
6318	品牌G 咖啡豆 紅色 L	4	1190.00	1
6319	品牌G 咖啡豆 紅色 XL	4	1200.00	1
6320	品牌G 咖啡豆 紅色 均一	4	1210.00	1
6321	品牌G 咖啡豆 灰色 S	4	1220.00	1
6322	品牌G 咖啡豆 灰色 M	4	1230.00	1
6323	品牌G 咖啡豆 灰色 L	4	1240.00	1
6324	品牌G 咖啡豆 灰色 XL	4	1250.00	1
6325	品牌G 咖啡豆 灰色 均一	4	1260.00	1
6326	品牌G 咖啡豆 綠色 S	4	1270.00	1
6327	品牌G 咖啡豆 綠色 M	4	1280.00	1
6328	品牌G 咖啡豆 綠色 L	4	1290.00	1
6329	品牌G 咖啡豆 綠色 XL	4	1300.00	1
6330	品牌G 咖啡豆 綠色 均一	4	1310.00	1
6331	品牌G 咖啡豆 米色 S	4	1320.00	1
6332	品牌G 咖啡豆 米色 M	4	1330.00	1
6333	品牌G 咖啡豆 米色 L	4	1340.00	1
6334	品牌G 咖啡豆 米色 XL	4	1350.00	1
6335	品牌G 咖啡豆 米色 均一	4	1360.00	1
6336	品牌G 咖啡豆 粉色 S	4	1370.00	1
6337	品牌G 咖啡豆 粉色 M	4	1380.00	1
6338	品牌G 咖啡豆 粉色 L	4	1390.00	1
6339	品牌G 咖啡豆 粉色 XL	4	1400.00	1
6340	品牌G 咖啡豆 粉色 均一	4	1410.00	1
6341	品牌G 咖啡豆 黃色 S	4	1420.00	1
6342	品牌G 咖啡豆 黃色 M	4	1430.00	1
6343	品牌G 咖啡豆 黃色 L	4	1440.00	1
6344	品牌G 咖啡豆 黃色 XL	4	1450.00	1
6345	品牌G 咖啡豆 黃色 均一	4	1460.00	1
6346	品牌G 咖啡豆 紫色 S	4	1470.00	1
6347	品牌G 咖啡豆 紫色 M	4	1480.00	1
6348	品牌G 咖啡豆 紫色 L	4	1490.00	1
6349	品牌G 咖啡豆 紫色 XL	4	1500.00	1
6350	品牌G 咖啡豆 紫色 均一	4	1510.00	0
6351	品牌G 餅乾 黑色 S	4	1520.00	1
6352	品牌G 餅乾 黑色 M	4	1530.00	1
6353	品牌G 餅乾 黑色 L	4	1540.00	1
6354	品牌G 餅乾 黑色 XL	4	1550.00	1
6355	品牌G 餅乾 黑色 均一	4	1560.00	1
6356	品牌G 餅乾 白色 S	4	1570.00	1
6357	品牌G 餅乾 白色 M	4	1580.00	1
6358	品牌G 餅乾 白色 L	4	1590.00	1
6359	品牌G 餅乾 白色 XL	4	1600.00	1
6360	品牌G 餅乾 白色 均一	4	1610.00	1
6361	品牌G 餅乾 藍色 S	4	1620.00	1
6362	品牌G 餅乾 藍色 M	4	1630.00	1
6363	品牌G 餅乾 藍色 L	4	1640.00	1
6364	品牌G 餅乾 藍色 XL	4	1650.00	1
6365	品牌G 餅乾 藍色 均一	4	1660.00	1
6366	品牌G 餅乾 紅色 S	4	1670.00	1
6367	品牌G 餅乾 紅色 M	4	1680.00	1
6368	品牌G 餅乾 紅色 L	4	1690.00	1
6369	品牌G 餅乾 紅色 XL	4	1700.00	1
6370	品牌G 餅乾 紅色 均一	4	1710.00	1
6371	品牌G 餅乾 灰色 S	4	1720.00	1
6372	品牌G 餅乾 灰色 M	4	1730.00	1
6373	品牌G 餅乾 灰色 L	4	1740.00	1
6374	品牌G 餅乾 灰色 XL	4	1750.00	1
6375	品牌G 餅乾 灰色 均一	4	1760.00	1
6376	品牌G 餅乾 綠色 S	4	1770.00	1
6377	品牌G 餅乾 綠色 M	4	1780.00	1
6378	品牌G 餅乾 綠色 L	4	1790.00	1
6379	品牌G 餅乾 綠色 XL	4	1800.00	1
6380	品牌G 餅乾 綠色 均一	4	1810.00	1
6381	品牌G 餅乾 米色 S	4	1820.00	1
6382	品牌G 餅乾 米色 M	4	1830.00	1
6383	品牌G 餅乾 米色 L	4	1840.00	1
6384	品牌G 餅乾 米色 XL	4	1850.00	1
6385	品牌G 餅乾 米色 均一	4	1860.00	1
6386	品牌G 餅乾 粉色 S	4	1870.00	1
6387	品牌G 餅乾 粉色 M	4	1880.00	1
6388	品牌G 餅乾 粉色 L	4	1890.00	1
6389	品牌G 餅乾 粉色 XL	4	1900.00	1
6390	品牌G 餅乾 粉色 均一	4	1910.00	1
6391	品牌G 餅乾 黃色 S	4	1920.00	1
6392	品牌G 餅乾 黃色 M	4	1930.00	1
6393	品牌G 餅乾 黃色 L	4	1940.00	1
6394	品牌G 餅乾 黃色 XL	4	1950.00	1
6395	品牌G 餅乾 黃色 均一	4	1960.00	1
6396	品牌G 餅乾 紫色 S	4	1970.00	1
6397	品牌G 餅乾 紫色 M	4	1980.00	1
6398	品牌G 餅乾 紫色 L	4	1990.00	1
6399	品牌G 餅乾 紫色 XL	4	2000.00	1
6400	品牌G 餅乾 紫色 均一	4	10.00	0
6401	品牌G 洗面乳 黑色 S	5	20.00	1
6402	品牌G 洗面乳 黑色 M	5	30.00	1
6403	品牌G 洗面乳 黑色 L	5	40.00	1
6404	品牌G 洗面乳 黑色 XL	5	50.00	1
6405	品牌G 洗面乳 黑色 均一	5	60.00	1
6406	品牌G 洗面乳 白色 S	5	70.00	1
6407	品牌G 洗面乳 白色 M	5	80.00	1
6408	品牌G 洗面乳 白色 L	5	90.00	1
6409	品牌G 洗面乳 白色 XL	5	100.00	1
6410	品牌G 洗面乳 白色 均一	5	110.00	1
6411	品牌G 洗面乳 藍色 S	5	120.00	1
6412	品牌G 洗面乳 藍色 M	5	130.00	1
6413	品牌G 洗面乳 藍色 L	5	140.00	1
6414	品牌G 洗面乳 藍色 XL	5	150.00	1
6415	品牌G 洗面乳 藍色 均一	5	160.00	1
6416	品牌G 洗面乳 紅色 S	5	170.00	1
6417	品牌G 洗面乳 紅色 M	5	180.00	1
6418	品牌G 洗面乳 紅色 L	5	190.00	1
6419	品牌G 洗面乳 紅色 XL	5	200.00	1
6420	品牌G 洗面乳 紅色 均一	5	210.00	1
6421	品牌G 洗面乳 灰色 S	5	220.00	1
6422	品牌G 洗面乳 灰色 M	5	230.00	1
6423	品牌G 洗面乳 灰色 L	5	240.00	1
6424	品牌G 洗面乳 灰色 XL	5	250.00	1
6425	品牌G 洗面乳 灰色 均一	5	260.00	1
6426	品牌G 洗面乳 綠色 S	5	270.00	1
6427	品牌G 洗面乳 綠色 M	5	280.00	1
6428	品牌G 洗面乳 綠色 L	5	290.00	1
6429	品牌G 洗面乳 綠色 XL	5	300.00	1
6430	品牌G 洗面乳 綠色 均一	5	310.00	1
6431	品牌G 洗面乳 米色 S	5	320.00	1
6432	品牌G 洗面乳 米色 M	5	330.00	1
6433	品牌G 洗面乳 米色 L	5	340.00	1
6434	品牌G 洗面乳 米色 XL	5	350.00	1
6435	品牌G 洗面乳 米色 均一	5	360.00	1
6436	品牌G 洗面乳 粉色 S	5	370.00	1
6437	品牌G 洗面乳 粉色 M	5	380.00	1
6438	品牌G 洗面乳 粉色 L	5	390.00	1
6439	品牌G 洗面乳 粉色 XL	5	400.00	1
6440	品牌G 洗面乳 粉色 均一	5	410.00	1
6441	品牌G 洗面乳 黃色 S	5	420.00	1
6442	品牌G 洗面乳 黃色 M	5	430.00	1
6443	品牌G 洗面乳 黃色 L	5	440.00	1
6444	品牌G 洗面乳 黃色 XL	5	450.00	1
6445	品牌G 洗面乳 黃色 均一	5	460.00	1
6446	品牌G 洗面乳 紫色 S	5	470.00	1
6447	品牌G 洗面乳 紫色 M	5	480.00	1
6448	品牌G 洗面乳 紫色 L	5	490.00	1
6449	品牌G 洗面乳 紫色 XL	5	500.00	1
6450	品牌G 洗面乳 紫色 均一	5	510.00	0
6451	品牌G 面膜 黑色 S	5	520.00	1
6452	品牌G 面膜 黑色 M	5	530.00	1
6453	品牌G 面膜 黑色 L	5	540.00	1
6454	品牌G 面膜 黑色 XL	5	550.00	1
6455	品牌G 面膜 黑色 均一	5	560.00	1
6456	品牌G 面膜 白色 S	5	570.00	1
6457	品牌G 面膜 白色 M	5	580.00	1
6458	品牌G 面膜 白色 L	5	590.00	1
6459	品牌G 面膜 白色 XL	5	600.00	1
6460	品牌G 面膜 白色 均一	5	610.00	1
6461	品牌G 面膜 藍色 S	5	620.00	1
6462	品牌G 面膜 藍色 M	5	630.00	1
6463	品牌G 面膜 藍色 L	5	640.00	1
6464	品牌G 面膜 藍色 XL	5	650.00	1
6465	品牌G 面膜 藍色 均一	5	660.00	1
6466	品牌G 面膜 紅色 S	5	670.00	1
6467	品牌G 面膜 紅色 M	5	680.00	1
6468	品牌G 面膜 紅色 L	5	690.00	1
6469	品牌G 面膜 紅色 XL	5	700.00	1
6470	品牌G 面膜 紅色 均一	5	710.00	1
6471	品牌G 面膜 灰色 S	5	720.00	1
6472	品牌G 面膜 灰色 M	5	730.00	1
6473	品牌G 面膜 灰色 L	5	740.00	1
6474	品牌G 面膜 灰色 XL	5	750.00	1
6475	品牌G 面膜 灰色 均一	5	760.00	1
6476	品牌G 面膜 綠色 S	5	770.00	1
6477	品牌G 面膜 綠色 M	5	780.00	1
6478	品牌G 面膜 綠色 L	5	790.00	1
6479	品牌G 面膜 綠色 XL	5	800.00	1
6480	品牌G 面膜 綠色 均一	5	810.00	1
6481	品牌G 面膜 米色 S	5	820.00	1
6482	品牌G 面膜 米色 M	5	830.00	1
6483	品牌G 面膜 米色 L	5	840.00	1
6484	品牌G 面膜 米色 XL	5	850.00	1
6485	品牌G 面膜 米色 均一	5	860.00	1
6486	品牌G 面膜 粉色 S	5	870.00	1
6487	品牌G 面膜 粉色 M	5	880.00	1
6488	品牌G 面膜 粉色 L	5	890.00	1
6489	品牌G 面膜 粉色 XL	5	900.00	1
6490	品牌G 面膜 粉色 均一	5	910.00	1
6491	品牌G 面膜 黃色 S	5	920.00	1
6492	品牌G 面膜 黃色 M	5	930.00	1
6493	品牌G 面膜 黃色 L	5	940.00	1
6494	品牌G 面膜 黃色 XL	5	950.00	1
6495	品牌G 面膜 黃色 均一	5	960.00	1
6496	品牌G 面膜 紫色 S	5	970.00	1
6497	品牌G 面膜 紫色 M	5	980.00	1
6498	品牌G 面膜 紫色 L	5	990.00	1
6499	品牌G 面膜 紫色 XL	5	1000.00	1
6500	品牌G 面膜 紫色 均一	5	1010.00	0
6501	品牌G 瑜珈墊 黑色 S	6	1020.00	1
6502	品牌G 瑜珈墊 黑色 M	6	1030.00	1
6503	品牌G 瑜珈墊 黑色 L	6	1040.00	1
6504	品牌G 瑜珈墊 黑色 XL	6	1050.00	1
6505	品牌G 瑜珈墊 黑色 均一	6	1060.00	1
6506	品牌G 瑜珈墊 白色 S	6	1070.00	1
6507	品牌G 瑜珈墊 白色 M	6	1080.00	1
6508	品牌G 瑜珈墊 白色 L	6	1090.00	1
6509	品牌G 瑜珈墊 白色 XL	6	1100.00	1
6510	品牌G 瑜珈墊 白色 均一	6	1110.00	1
6511	品牌G 瑜珈墊 藍色 S	6	1120.00	1
6512	品牌G 瑜珈墊 藍色 M	6	1130.00	1
6513	品牌G 瑜珈墊 藍色 L	6	1140.00	1
6514	品牌G 瑜珈墊 藍色 XL	6	1150.00	1
6515	品牌G 瑜珈墊 藍色 均一	6	1160.00	1
6516	品牌G 瑜珈墊 紅色 S	6	1170.00	1
6517	品牌G 瑜珈墊 紅色 M	6	1180.00	1
6518	品牌G 瑜珈墊 紅色 L	6	1190.00	1
6519	品牌G 瑜珈墊 紅色 XL	6	1200.00	1
6520	品牌G 瑜珈墊 紅色 均一	6	1210.00	1
6521	品牌G 瑜珈墊 灰色 S	6	1220.00	1
6522	品牌G 瑜珈墊 灰色 M	6	1230.00	1
6523	品牌G 瑜珈墊 灰色 L	6	1240.00	1
6524	品牌G 瑜珈墊 灰色 XL	6	1250.00	1
6525	品牌G 瑜珈墊 灰色 均一	6	1260.00	1
6526	品牌G 瑜珈墊 綠色 S	6	1270.00	1
6527	品牌G 瑜珈墊 綠色 M	6	1280.00	1
6528	品牌G 瑜珈墊 綠色 L	6	1290.00	1
6529	品牌G 瑜珈墊 綠色 XL	6	1300.00	1
6530	品牌G 瑜珈墊 綠色 均一	6	1310.00	1
6531	品牌G 瑜珈墊 米色 S	6	1320.00	1
6532	品牌G 瑜珈墊 米色 M	6	1330.00	1
6533	品牌G 瑜珈墊 米色 L	6	1340.00	1
6534	品牌G 瑜珈墊 米色 XL	6	1350.00	1
6535	品牌G 瑜珈墊 米色 均一	6	1360.00	1
6536	品牌G 瑜珈墊 粉色 S	6	1370.00	1
6537	品牌G 瑜珈墊 粉色 M	6	1380.00	1
6538	品牌G 瑜珈墊 粉色 L	6	1390.00	1
6539	品牌G 瑜珈墊 粉色 XL	6	1400.00	1
6540	品牌G 瑜珈墊 粉色 均一	6	1410.00	1
6541	品牌G 瑜珈墊 黃色 S	6	1420.00	1
6542	品牌G 瑜珈墊 黃色 M	6	1430.00	1
6543	品牌G 瑜珈墊 黃色 L	6	1440.00	1
6544	品牌G 瑜珈墊 黃色 XL	6	1450.00	1
6545	品牌G 瑜珈墊 黃色 均一	6	1460.00	1
6546	品牌G 瑜珈墊 紫色 S	6	1470.00	1
6547	品牌G 瑜珈墊 紫色 M	6	1480.00	1
6548	品牌G 瑜珈墊 紫色 L	6	1490.00	1
6549	品牌G 瑜珈墊 紫色 XL	6	1500.00	1
6550	品牌G 瑜珈墊 紫色 均一	6	1510.00	0
6551	品牌G 啞鈴 黑色 S	6	1520.00	1
6552	品牌G 啞鈴 黑色 M	6	1530.00	1
6553	品牌G 啞鈴 黑色 L	6	1540.00	1
6554	品牌G 啞鈴 黑色 XL	6	1550.00	1
6555	品牌G 啞鈴 黑色 均一	6	1560.00	1
6556	品牌G 啞鈴 白色 S	6	1570.00	1
6557	品牌G 啞鈴 白色 M	6	1580.00	1
6558	品牌G 啞鈴 白色 L	6	1590.00	1
6559	品牌G 啞鈴 白色 XL	6	1600.00	1
6560	品牌G 啞鈴 白色 均一	6	1610.00	1
6561	品牌G 啞鈴 藍色 S	6	1620.00	1
6562	品牌G 啞鈴 藍色 M	6	1630.00	1
6563	品牌G 啞鈴 藍色 L	6	1640.00	1
6564	品牌G 啞鈴 藍色 XL	6	1650.00	1
6565	品牌G 啞鈴 藍色 均一	6	1660.00	1
6566	品牌G 啞鈴 紅色 S	6	1670.00	1
6567	品牌G 啞鈴 紅色 M	6	1680.00	1
6568	品牌G 啞鈴 紅色 L	6	1690.00	1
6569	品牌G 啞鈴 紅色 XL	6	1700.00	1
6570	品牌G 啞鈴 紅色 均一	6	1710.00	1
6571	品牌G 啞鈴 灰色 S	6	1720.00	1
6572	品牌G 啞鈴 灰色 M	6	1730.00	1
6573	品牌G 啞鈴 灰色 L	6	1740.00	1
6574	品牌G 啞鈴 灰色 XL	6	1750.00	1
6575	品牌G 啞鈴 灰色 均一	6	1760.00	1
6576	品牌G 啞鈴 綠色 S	6	1770.00	1
6577	品牌G 啞鈴 綠色 M	6	1780.00	1
6578	品牌G 啞鈴 綠色 L	6	1790.00	1
6579	品牌G 啞鈴 綠色 XL	6	1800.00	1
6580	品牌G 啞鈴 綠色 均一	6	1810.00	1
6581	品牌G 啞鈴 米色 S	6	1820.00	1
6582	品牌G 啞鈴 米色 M	6	1830.00	1
6583	品牌G 啞鈴 米色 L	6	1840.00	1
6584	品牌G 啞鈴 米色 XL	6	1850.00	1
6585	品牌G 啞鈴 米色 均一	6	1860.00	1
6586	品牌G 啞鈴 粉色 S	6	1870.00	1
6587	品牌G 啞鈴 粉色 M	6	1880.00	1
6588	品牌G 啞鈴 粉色 L	6	1890.00	1
6589	品牌G 啞鈴 粉色 XL	6	1900.00	1
6590	品牌G 啞鈴 粉色 均一	6	1910.00	1
6591	品牌G 啞鈴 黃色 S	6	1920.00	1
6592	品牌G 啞鈴 黃色 M	6	1930.00	1
6593	品牌G 啞鈴 黃色 L	6	1940.00	1
6594	品牌G 啞鈴 黃色 XL	6	1950.00	1
6595	品牌G 啞鈴 黃色 均一	6	1960.00	1
6596	品牌G 啞鈴 紫色 S	6	1970.00	1
6597	品牌G 啞鈴 紫色 M	6	1980.00	1
6598	品牌G 啞鈴 紫色 L	6	1990.00	1
6599	品牌G 啞鈴 紫色 XL	6	2000.00	1
6600	品牌G 啞鈴 紫色 均一	6	10.00	0
6601	品牌G 筆記本 黑色 S	7	20.00	1
6602	品牌G 筆記本 黑色 M	7	30.00	1
6603	品牌G 筆記本 黑色 L	7	40.00	1
6604	品牌G 筆記本 黑色 XL	7	50.00	1
6605	品牌G 筆記本 黑色 均一	7	60.00	1
6606	品牌G 筆記本 白色 S	7	70.00	1
6607	品牌G 筆記本 白色 M	7	80.00	1
6608	品牌G 筆記本 白色 L	7	90.00	1
6609	品牌G 筆記本 白色 XL	7	100.00	1
6610	品牌G 筆記本 白色 均一	7	110.00	1
6611	品牌G 筆記本 藍色 S	7	120.00	1
6612	品牌G 筆記本 藍色 M	7	130.00	1
6613	品牌G 筆記本 藍色 L	7	140.00	1
6614	品牌G 筆記本 藍色 XL	7	150.00	1
6615	品牌G 筆記本 藍色 均一	7	160.00	1
6616	品牌G 筆記本 紅色 S	7	170.00	1
6617	品牌G 筆記本 紅色 M	7	180.00	1
6618	品牌G 筆記本 紅色 L	7	190.00	1
6619	品牌G 筆記本 紅色 XL	7	200.00	1
6620	品牌G 筆記本 紅色 均一	7	210.00	1
6621	品牌G 筆記本 灰色 S	7	220.00	1
6622	品牌G 筆記本 灰色 M	7	230.00	1
6623	品牌G 筆記本 灰色 L	7	240.00	1
6624	品牌G 筆記本 灰色 XL	7	250.00	1
6625	品牌G 筆記本 灰色 均一	7	260.00	1
6626	品牌G 筆記本 綠色 S	7	270.00	1
6627	品牌G 筆記本 綠色 M	7	280.00	1
6628	品牌G 筆記本 綠色 L	7	290.00	1
6629	品牌G 筆記本 綠色 XL	7	300.00	1
6630	品牌G 筆記本 綠色 均一	7	310.00	1
6631	品牌G 筆記本 米色 S	7	320.00	1
6632	品牌G 筆記本 米色 M	7	330.00	1
6633	品牌G 筆記本 米色 L	7	340.00	1
6634	品牌G 筆記本 米色 XL	7	350.00	1
6635	品牌G 筆記本 米色 均一	7	360.00	1
6636	品牌G 筆記本 粉色 S	7	370.00	1
6637	品牌G 筆記本 粉色 M	7	380.00	1
6638	品牌G 筆記本 粉色 L	7	390.00	1
6639	品牌G 筆記本 粉色 XL	7	400.00	1
6640	品牌G 筆記本 粉色 均一	7	410.00	1
6641	品牌G 筆記本 黃色 S	7	420.00	1
6642	品牌G 筆記本 黃色 M	7	430.00	1
6643	品牌G 筆記本 黃色 L	7	440.00	1
6644	品牌G 筆記本 黃色 XL	7	450.00	1
6645	品牌G 筆記本 黃色 均一	7	460.00	1
6646	品牌G 筆記本 紫色 S	7	470.00	1
6647	品牌G 筆記本 紫色 M	7	480.00	1
6648	品牌G 筆記本 紫色 L	7	490.00	1
6649	品牌G 筆記本 紫色 XL	7	500.00	1
6650	品牌G 筆記本 紫色 均一	7	510.00	0
6651	品牌G 原子筆 黑色 S	7	520.00	1
6652	品牌G 原子筆 黑色 M	7	530.00	1
6653	品牌G 原子筆 黑色 L	7	540.00	1
6654	品牌G 原子筆 黑色 XL	7	550.00	1
6655	品牌G 原子筆 黑色 均一	7	560.00	1
6656	品牌G 原子筆 白色 S	7	570.00	1
6657	品牌G 原子筆 白色 M	7	580.00	1
6658	品牌G 原子筆 白色 L	7	590.00	1
6659	品牌G 原子筆 白色 XL	7	600.00	1
6660	品牌G 原子筆 白色 均一	7	610.00	1
6661	品牌G 原子筆 藍色 S	7	620.00	1
6662	品牌G 原子筆 藍色 M	7	630.00	1
6663	品牌G 原子筆 藍色 L	7	640.00	1
6664	品牌G 原子筆 藍色 XL	7	650.00	1
6665	品牌G 原子筆 藍色 均一	7	660.00	1
6666	品牌G 原子筆 紅色 S	7	670.00	1
6667	品牌G 原子筆 紅色 M	7	680.00	1
6668	品牌G 原子筆 紅色 L	7	690.00	1
6669	品牌G 原子筆 紅色 XL	7	700.00	1
6670	品牌G 原子筆 紅色 均一	7	710.00	1
6671	品牌G 原子筆 灰色 S	7	720.00	1
6672	品牌G 原子筆 灰色 M	7	730.00	1
6673	品牌G 原子筆 灰色 L	7	740.00	1
6674	品牌G 原子筆 灰色 XL	7	750.00	1
6675	品牌G 原子筆 灰色 均一	7	760.00	1
6676	品牌G 原子筆 綠色 S	7	770.00	1
6677	品牌G 原子筆 綠色 M	7	780.00	1
6678	品牌G 原子筆 綠色 L	7	790.00	1
6679	品牌G 原子筆 綠色 XL	7	800.00	1
6680	品牌G 原子筆 綠色 均一	7	810.00	1
6681	品牌G 原子筆 米色 S	7	820.00	1
6682	品牌G 原子筆 米色 M	7	830.00	1
6683	品牌G 原子筆 米色 L	7	840.00	1
6684	品牌G 原子筆 米色 XL	7	850.00	1
6685	品牌G 原子筆 米色 均一	7	860.00	1
6686	品牌G 原子筆 粉色 S	7	870.00	1
6687	品牌G 原子筆 粉色 M	7	880.00	1
6688	品牌G 原子筆 粉色 L	7	890.00	1
6689	品牌G 原子筆 粉色 XL	7	900.00	1
6690	品牌G 原子筆 粉色 均一	7	910.00	1
6691	品牌G 原子筆 黃色 S	7	920.00	1
6692	品牌G 原子筆 黃色 M	7	930.00	1
6693	品牌G 原子筆 黃色 L	7	940.00	1
6694	品牌G 原子筆 黃色 XL	7	950.00	1
6695	品牌G 原子筆 黃色 均一	7	960.00	1
6696	品牌G 原子筆 紫色 S	7	970.00	1
6697	品牌G 原子筆 紫色 M	7	980.00	1
6698	品牌G 原子筆 紫色 L	7	990.00	1
6699	品牌G 原子筆 紫色 XL	7	1000.00	1
6700	品牌G 原子筆 紫色 均一	7	1010.00	0
6701	品牌G 貓砂 黑色 S	8	1020.00	1
6702	品牌G 貓砂 黑色 M	8	1030.00	1
6703	品牌G 貓砂 黑色 L	8	1040.00	1
6704	品牌G 貓砂 黑色 XL	8	1050.00	1
6705	品牌G 貓砂 黑色 均一	8	1060.00	1
6706	品牌G 貓砂 白色 S	8	1070.00	1
6707	品牌G 貓砂 白色 M	8	1080.00	1
6708	品牌G 貓砂 白色 L	8	1090.00	1
6709	品牌G 貓砂 白色 XL	8	1100.00	1
6710	品牌G 貓砂 白色 均一	8	1110.00	1
6711	品牌G 貓砂 藍色 S	8	1120.00	1
6712	品牌G 貓砂 藍色 M	8	1130.00	1
6713	品牌G 貓砂 藍色 L	8	1140.00	1
6714	品牌G 貓砂 藍色 XL	8	1150.00	1
6715	品牌G 貓砂 藍色 均一	8	1160.00	1
6716	品牌G 貓砂 紅色 S	8	1170.00	1
6717	品牌G 貓砂 紅色 M	8	1180.00	1
6718	品牌G 貓砂 紅色 L	8	1190.00	1
6719	品牌G 貓砂 紅色 XL	8	1200.00	1
6720	品牌G 貓砂 紅色 均一	8	1210.00	1
6721	品牌G 貓砂 灰色 S	8	1220.00	1
6722	品牌G 貓砂 灰色 M	8	1230.00	1
6723	品牌G 貓砂 灰色 L	8	1240.00	1
6724	品牌G 貓砂 灰色 XL	8	1250.00	1
6725	品牌G 貓砂 灰色 均一	8	1260.00	1
6726	品牌G 貓砂 綠色 S	8	1270.00	1
6727	品牌G 貓砂 綠色 M	8	1280.00	1
6728	品牌G 貓砂 綠色 L	8	1290.00	1
6729	品牌G 貓砂 綠色 XL	8	1300.00	1
6730	品牌G 貓砂 綠色 均一	8	1310.00	1
6731	品牌G 貓砂 米色 S	8	1320.00	1
6732	品牌G 貓砂 米色 M	8	1330.00	1
6733	品牌G 貓砂 米色 L	8	1340.00	1
6734	品牌G 貓砂 米色 XL	8	1350.00	1
6735	品牌G 貓砂 米色 均一	8	1360.00	1
6736	品牌G 貓砂 粉色 S	8	1370.00	1
6737	品牌G 貓砂 粉色 M	8	1380.00	1
6738	品牌G 貓砂 粉色 L	8	1390.00	1
6739	品牌G 貓砂 粉色 XL	8	1400.00	1
6740	品牌G 貓砂 粉色 均一	8	1410.00	1
6741	品牌G 貓砂 黃色 S	8	1420.00	1
6742	品牌G 貓砂 黃色 M	8	1430.00	1
6743	品牌G 貓砂 黃色 L	8	1440.00	1
6744	品牌G 貓砂 黃色 XL	8	1450.00	1
6745	品牌G 貓砂 黃色 均一	8	1460.00	1
6746	品牌G 貓砂 紫色 S	8	1470.00	1
6747	品牌G 貓砂 紫色 M	8	1480.00	1
6748	品牌G 貓砂 紫色 L	8	1490.00	1
6749	品牌G 貓砂 紫色 XL	8	1500.00	1
6750	品牌G 貓砂 紫色 均一	8	1510.00	0
6751	品牌G 狗零食 黑色 S	8	1520.00	1
6752	品牌G 狗零食 黑色 M	8	1530.00	1
6753	品牌G 狗零食 黑色 L	8	1540.00	1
6754	品牌G 狗零食 黑色 XL	8	1550.00	1
6755	品牌G 狗零食 黑色 均一	8	1560.00	1
6756	品牌G 狗零食 白色 S	8	1570.00	1
6757	品牌G 狗零食 白色 M	8	1580.00	1
6758	品牌G 狗零食 白色 L	8	1590.00	1
6759	品牌G 狗零食 白色 XL	8	1600.00	1
6760	品牌G 狗零食 白色 均一	8	1610.00	1
6761	品牌G 狗零食 藍色 S	8	1620.00	1
6762	品牌G 狗零食 藍色 M	8	1630.00	1
6763	品牌G 狗零食 藍色 L	8	1640.00	1
6764	品牌G 狗零食 藍色 XL	8	1650.00	1
6765	品牌G 狗零食 藍色 均一	8	1660.00	1
6766	品牌G 狗零食 紅色 S	8	1670.00	1
6767	品牌G 狗零食 紅色 M	8	1680.00	1
6768	品牌G 狗零食 紅色 L	8	1690.00	1
6769	品牌G 狗零食 紅色 XL	8	1700.00	1
6770	品牌G 狗零食 紅色 均一	8	1710.00	1
6771	品牌G 狗零食 灰色 S	8	1720.00	1
6772	品牌G 狗零食 灰色 M	8	1730.00	1
6773	品牌G 狗零食 灰色 L	8	1740.00	1
6774	品牌G 狗零食 灰色 XL	8	1750.00	1
6775	品牌G 狗零食 灰色 均一	8	1760.00	1
6776	品牌G 狗零食 綠色 S	8	1770.00	1
6777	品牌G 狗零食 綠色 M	8	1780.00	1
6778	品牌G 狗零食 綠色 L	8	1790.00	1
6779	品牌G 狗零食 綠色 XL	8	1800.00	1
6780	品牌G 狗零食 綠色 均一	8	1810.00	1
6781	品牌G 狗零食 米色 S	8	1820.00	1
6782	品牌G 狗零食 米色 M	8	1830.00	1
6783	品牌G 狗零食 米色 L	8	1840.00	1
6784	品牌G 狗零食 米色 XL	8	1850.00	1
6785	品牌G 狗零食 米色 均一	8	1860.00	1
6786	品牌G 狗零食 粉色 S	8	1870.00	1
6787	品牌G 狗零食 粉色 M	8	1880.00	1
6788	品牌G 狗零食 粉色 L	8	1890.00	1
6789	品牌G 狗零食 粉色 XL	8	1900.00	1
6790	品牌G 狗零食 粉色 均一	8	1910.00	1
6791	品牌G 狗零食 黃色 S	8	1920.00	1
6792	品牌G 狗零食 黃色 M	8	1930.00	1
6793	品牌G 狗零食 黃色 L	8	1940.00	1
6794	品牌G 狗零食 黃色 XL	8	1950.00	1
6795	品牌G 狗零食 黃色 均一	8	1960.00	1
6796	品牌G 狗零食 紫色 S	8	1970.00	1
6797	品牌G 狗零食 紫色 M	8	1980.00	1
6798	品牌G 狗零食 紫色 L	8	1990.00	1
6799	品牌G 狗零食 紫色 XL	8	2000.00	1
6800	品牌G 狗零食 紫色 均一	8	10.00	0
6801	品牌G 小說 黑色 S	9	20.00	1
6802	品牌G 小說 黑色 M	9	30.00	1
6803	品牌G 小說 黑色 L	9	40.00	1
6804	品牌G 小說 黑色 XL	9	50.00	1
6805	品牌G 小說 黑色 均一	9	60.00	1
6806	品牌G 小說 白色 S	9	70.00	1
6807	品牌G 小說 白色 M	9	80.00	1
6808	品牌G 小說 白色 L	9	90.00	1
6809	品牌G 小說 白色 XL	9	100.00	1
6810	品牌G 小說 白色 均一	9	110.00	1
6811	品牌G 小說 藍色 S	9	120.00	1
6812	品牌G 小說 藍色 M	9	130.00	1
6813	品牌G 小說 藍色 L	9	140.00	1
6814	品牌G 小說 藍色 XL	9	150.00	1
6815	品牌G 小說 藍色 均一	9	160.00	1
6816	品牌G 小說 紅色 S	9	170.00	1
6817	品牌G 小說 紅色 M	9	180.00	1
6818	品牌G 小說 紅色 L	9	190.00	1
6819	品牌G 小說 紅色 XL	9	200.00	1
6820	品牌G 小說 紅色 均一	9	210.00	1
6821	品牌G 小說 灰色 S	9	220.00	1
6822	品牌G 小說 灰色 M	9	230.00	1
6823	品牌G 小說 灰色 L	9	240.00	1
6824	品牌G 小說 灰色 XL	9	250.00	1
6825	品牌G 小說 灰色 均一	9	260.00	1
6826	品牌G 小說 綠色 S	9	270.00	1
6827	品牌G 小說 綠色 M	9	280.00	1
6828	品牌G 小說 綠色 L	9	290.00	1
6829	品牌G 小說 綠色 XL	9	300.00	1
6830	品牌G 小說 綠色 均一	9	310.00	1
6831	品牌G 小說 米色 S	9	320.00	1
6832	品牌G 小說 米色 M	9	330.00	1
6833	品牌G 小說 米色 L	9	340.00	1
6834	品牌G 小說 米色 XL	9	350.00	1
6835	品牌G 小說 米色 均一	9	360.00	1
6836	品牌G 小說 粉色 S	9	370.00	1
6837	品牌G 小說 粉色 M	9	380.00	1
6838	品牌G 小說 粉色 L	9	390.00	1
6839	品牌G 小說 粉色 XL	9	400.00	1
6840	品牌G 小說 粉色 均一	9	410.00	1
6841	品牌G 小說 黃色 S	9	420.00	1
6842	品牌G 小說 黃色 M	9	430.00	1
6843	品牌G 小說 黃色 L	9	440.00	1
6844	品牌G 小說 黃色 XL	9	450.00	1
6845	品牌G 小說 黃色 均一	9	460.00	1
6846	品牌G 小說 紫色 S	9	470.00	1
6847	品牌G 小說 紫色 M	9	480.00	1
6848	品牌G 小說 紫色 L	9	490.00	1
6849	品牌G 小說 紫色 XL	9	500.00	1
6850	品牌G 小說 紫色 均一	9	510.00	0
6851	品牌G 食譜 黑色 S	9	520.00	1
6852	品牌G 食譜 黑色 M	9	530.00	1
6853	品牌G 食譜 黑色 L	9	540.00	1
6854	品牌G 食譜 黑色 XL	9	550.00	1
6855	品牌G 食譜 黑色 均一	9	560.00	1
6856	品牌G 食譜 白色 S	9	570.00	1
6857	品牌G 食譜 白色 M	9	580.00	1
6858	品牌G 食譜 白色 L	9	590.00	1
6859	品牌G 食譜 白色 XL	9	600.00	1
6860	品牌G 食譜 白色 均一	9	610.00	1
6861	品牌G 食譜 藍色 S	9	620.00	1
6862	品牌G 食譜 藍色 M	9	630.00	1
6863	品牌G 食譜 藍色 L	9	640.00	1
6864	品牌G 食譜 藍色 XL	9	650.00	1
6865	品牌G 食譜 藍色 均一	9	660.00	1
6866	品牌G 食譜 紅色 S	9	670.00	1
6867	品牌G 食譜 紅色 M	9	680.00	1
6868	品牌G 食譜 紅色 L	9	690.00	1
6869	品牌G 食譜 紅色 XL	9	700.00	1
6870	品牌G 食譜 紅色 均一	9	710.00	1
6871	品牌G 食譜 灰色 S	9	720.00	1
6872	品牌G 食譜 灰色 M	9	730.00	1
6873	品牌G 食譜 灰色 L	9	740.00	1
6874	品牌G 食譜 灰色 XL	9	750.00	1
6875	品牌G 食譜 灰色 均一	9	760.00	1
6876	品牌G 食譜 綠色 S	9	770.00	1
6877	品牌G 食譜 綠色 M	9	780.00	1
6878	品牌G 食譜 綠色 L	9	790.00	1
6879	品牌G 食譜 綠色 XL	9	800.00	1
6880	品牌G 食譜 綠色 均一	9	810.00	1
6881	品牌G 食譜 米色 S	9	820.00	1
6882	品牌G 食譜 米色 M	9	830.00	1
6883	品牌G 食譜 米色 L	9	840.00	1
6884	品牌G 食譜 米色 XL	9	850.00	1
6885	品牌G 食譜 米色 均一	9	860.00	1
6886	品牌G 食譜 粉色 S	9	870.00	1
6887	品牌G 食譜 粉色 M	9	880.00	1
6888	品牌G 食譜 粉色 L	9	890.00	1
6889	品牌G 食譜 粉色 XL	9	900.00	1
6890	品牌G 食譜 粉色 均一	9	910.00	1
6891	品牌G 食譜 黃色 S	9	920.00	1
6892	品牌G 食譜 黃色 M	9	930.00	1
6893	品牌G 食譜 黃色 L	9	940.00	1
6894	品牌G 食譜 黃色 XL	9	950.00	1
6895	品牌G 食譜 黃色 均一	9	960.00	1
6896	品牌G 食譜 紫色 S	9	970.00	1
6897	品牌G 食譜 紫色 M	9	980.00	1
6898	品牌G 食譜 紫色 L	9	990.00	1
6899	品牌G 食譜 紫色 XL	9	1000.00	1
6900	品牌G 食譜 紫色 均一	9	1010.00	0
6901	品牌G 禮物卡 黑色 S	10	1020.00	1
6902	品牌G 禮物卡 黑色 M	10	1030.00	1
6903	品牌G 禮物卡 黑色 L	10	1040.00	1
6904	品牌G 禮物卡 黑色 XL	10	1050.00	1
6905	品牌G 禮物卡 黑色 均一	10	1060.00	1
6906	品牌G 禮物卡 白色 S	10	1070.00	1
6907	品牌G 禮物卡 白色 M	10	1080.00	1
6908	品牌G 禮物卡 白色 L	10	1090.00	1
6909	品牌G 禮物卡 白色 XL	10	1100.00	1
6910	品牌G 禮物卡 白色 均一	10	1110.00	1
6911	品牌G 禮物卡 藍色 S	10	1120.00	1
6912	品牌G 禮物卡 藍色 M	10	1130.00	1
6913	品牌G 禮物卡 藍色 L	10	1140.00	1
6914	品牌G 禮物卡 藍色 XL	10	1150.00	1
6915	品牌G 禮物卡 藍色 均一	10	1160.00	1
6916	品牌G 禮物卡 紅色 S	10	1170.00	1
6917	品牌G 禮物卡 紅色 M	10	1180.00	1
6918	品牌G 禮物卡 紅色 L	10	1190.00	1
6919	品牌G 禮物卡 紅色 XL	10	1200.00	1
6920	品牌G 禮物卡 紅色 均一	10	1210.00	1
6921	品牌G 禮物卡 灰色 S	10	1220.00	1
6922	品牌G 禮物卡 灰色 M	10	1230.00	1
6923	品牌G 禮物卡 灰色 L	10	1240.00	1
6924	品牌G 禮物卡 灰色 XL	10	1250.00	1
6925	品牌G 禮物卡 灰色 均一	10	1260.00	1
6926	品牌G 禮物卡 綠色 S	10	1270.00	1
6927	品牌G 禮物卡 綠色 M	10	1280.00	1
6928	品牌G 禮物卡 綠色 L	10	1290.00	1
6929	品牌G 禮物卡 綠色 XL	10	1300.00	1
6930	品牌G 禮物卡 綠色 均一	10	1310.00	1
6931	品牌G 禮物卡 米色 S	10	1320.00	1
6932	品牌G 禮物卡 米色 M	10	1330.00	1
6933	品牌G 禮物卡 米色 L	10	1340.00	1
6934	品牌G 禮物卡 米色 XL	10	1350.00	1
6935	品牌G 禮物卡 米色 均一	10	1360.00	1
6936	品牌G 禮物卡 粉色 S	10	1370.00	1
6937	品牌G 禮物卡 粉色 M	10	1380.00	1
6938	品牌G 禮物卡 粉色 L	10	1390.00	1
6939	品牌G 禮物卡 粉色 XL	10	1400.00	1
6940	品牌G 禮物卡 粉色 均一	10	1410.00	1
6941	品牌G 禮物卡 黃色 S	10	1420.00	1
6942	品牌G 禮物卡 黃色 M	10	1430.00	1
6943	品牌G 禮物卡 黃色 L	10	1440.00	1
6944	品牌G 禮物卡 黃色 XL	10	1450.00	1
6945	品牌G 禮物卡 黃色 均一	10	1460.00	1
6946	品牌G 禮物卡 紫色 S	10	1470.00	1
6947	品牌G 禮物卡 紫色 M	10	1480.00	1
6948	品牌G 禮物卡 紫色 L	10	1490.00	1
6949	品牌G 禮物卡 紫色 XL	10	1500.00	1
6950	品牌G 禮物卡 紫色 均一	10	1510.00	0
6951	品牌G 收納袋 黑色 S	10	1520.00	1
6952	品牌G 收納袋 黑色 M	10	1530.00	1
6953	品牌G 收納袋 黑色 L	10	1540.00	1
6954	品牌G 收納袋 黑色 XL	10	1550.00	1
6955	品牌G 收納袋 黑色 均一	10	1560.00	1
6956	品牌G 收納袋 白色 S	10	1570.00	1
6957	品牌G 收納袋 白色 M	10	1580.00	1
6958	品牌G 收納袋 白色 L	10	1590.00	1
6959	品牌G 收納袋 白色 XL	10	1600.00	1
6960	品牌G 收納袋 白色 均一	10	1610.00	1
6961	品牌G 收納袋 藍色 S	10	1620.00	1
6962	品牌G 收納袋 藍色 M	10	1630.00	1
6963	品牌G 收納袋 藍色 L	10	1640.00	1
6964	品牌G 收納袋 藍色 XL	10	1650.00	1
6965	品牌G 收納袋 藍色 均一	10	1660.00	1
6966	品牌G 收納袋 紅色 S	10	1670.00	1
6967	品牌G 收納袋 紅色 M	10	1680.00	1
6968	品牌G 收納袋 紅色 L	10	1690.00	1
6969	品牌G 收納袋 紅色 XL	10	1700.00	1
6970	品牌G 收納袋 紅色 均一	10	1710.00	1
6971	品牌G 收納袋 灰色 S	10	1720.00	1
6972	品牌G 收納袋 灰色 M	10	1730.00	1
6973	品牌G 收納袋 灰色 L	10	1740.00	1
6974	品牌G 收納袋 灰色 XL	10	1750.00	1
6975	品牌G 收納袋 灰色 均一	10	1760.00	1
6976	品牌G 收納袋 綠色 S	10	1770.00	1
6977	品牌G 收納袋 綠色 M	10	1780.00	1
6978	品牌G 收納袋 綠色 L	10	1790.00	1
6979	品牌G 收納袋 綠色 XL	10	1800.00	1
6980	品牌G 收納袋 綠色 均一	10	1810.00	1
6981	品牌G 收納袋 米色 S	10	1820.00	1
6982	品牌G 收納袋 米色 M	10	1830.00	1
6983	品牌G 收納袋 米色 L	10	1840.00	1
6984	品牌G 收納袋 米色 XL	10	1850.00	1
6985	品牌G 收納袋 米色 均一	10	1860.00	1
6986	品牌G 收納袋 粉色 S	10	1870.00	1
6987	品牌G 收納袋 粉色 M	10	1880.00	1
6988	品牌G 收納袋 粉色 L	10	1890.00	1
6989	品牌G 收納袋 粉色 XL	10	1900.00	1
6990	品牌G 收納袋 粉色 均一	10	1910.00	1
6991	品牌G 收納袋 黃色 S	10	1920.00	1
6992	品牌G 收納袋 黃色 M	10	1930.00	1
6993	品牌G 收納袋 黃色 L	10	1940.00	1
6994	品牌G 收納袋 黃色 XL	10	1950.00	1
6995	品牌G 收納袋 黃色 均一	10	1960.00	1
6996	品牌G 收納袋 紫色 S	10	1970.00	1
6997	品牌G 收納袋 紫色 M	10	1980.00	1
6998	品牌G 收納袋 紫色 L	10	1990.00	1
6999	品牌G 收納袋 紫色 XL	10	2000.00	1
7000	品牌G 收納袋 紫色 均一	10	10.00	0
7001	品牌H T恤 黑色 S	1	20.00	1
7002	品牌H T恤 黑色 M	1	30.00	1
7003	品牌H T恤 黑色 L	1	40.00	1
7004	品牌H T恤 黑色 XL	1	50.00	1
7005	品牌H T恤 黑色 均一	1	60.00	1
7006	品牌H T恤 白色 S	1	70.00	1
7007	品牌H T恤 白色 M	1	80.00	1
7008	品牌H T恤 白色 L	1	90.00	1
7009	品牌H T恤 白色 XL	1	100.00	1
7010	品牌H T恤 白色 均一	1	110.00	1
7011	品牌H T恤 藍色 S	1	120.00	1
7012	品牌H T恤 藍色 M	1	130.00	1
7013	品牌H T恤 藍色 L	1	140.00	1
7014	品牌H T恤 藍色 XL	1	150.00	1
7015	品牌H T恤 藍色 均一	1	160.00	1
7016	品牌H T恤 紅色 S	1	170.00	1
7017	品牌H T恤 紅色 M	1	180.00	1
7018	品牌H T恤 紅色 L	1	190.00	1
7019	品牌H T恤 紅色 XL	1	200.00	1
7020	品牌H T恤 紅色 均一	1	210.00	1
7021	品牌H T恤 灰色 S	1	220.00	1
7022	品牌H T恤 灰色 M	1	230.00	1
7023	品牌H T恤 灰色 L	1	240.00	1
7024	品牌H T恤 灰色 XL	1	250.00	1
7025	品牌H T恤 灰色 均一	1	260.00	1
7026	品牌H T恤 綠色 S	1	270.00	1
7027	品牌H T恤 綠色 M	1	280.00	1
7028	品牌H T恤 綠色 L	1	290.00	1
7029	品牌H T恤 綠色 XL	1	300.00	1
7030	品牌H T恤 綠色 均一	1	310.00	1
7031	品牌H T恤 米色 S	1	320.00	1
7032	品牌H T恤 米色 M	1	330.00	1
7033	品牌H T恤 米色 L	1	340.00	1
7034	品牌H T恤 米色 XL	1	350.00	1
7035	品牌H T恤 米色 均一	1	360.00	1
7036	品牌H T恤 粉色 S	1	370.00	1
7037	品牌H T恤 粉色 M	1	380.00	1
7038	品牌H T恤 粉色 L	1	390.00	1
7039	品牌H T恤 粉色 XL	1	400.00	1
7040	品牌H T恤 粉色 均一	1	410.00	1
7041	品牌H T恤 黃色 S	1	420.00	1
7042	品牌H T恤 黃色 M	1	430.00	1
7043	品牌H T恤 黃色 L	1	440.00	1
7044	品牌H T恤 黃色 XL	1	450.00	1
7045	品牌H T恤 黃色 均一	1	460.00	1
7046	品牌H T恤 紫色 S	1	470.00	1
7047	品牌H T恤 紫色 M	1	480.00	1
7048	品牌H T恤 紫色 L	1	490.00	1
7049	品牌H T恤 紫色 XL	1	500.00	1
7050	品牌H T恤 紫色 均一	1	510.00	0
7051	品牌H 外套 黑色 S	1	520.00	1
7052	品牌H 外套 黑色 M	1	530.00	1
7053	品牌H 外套 黑色 L	1	540.00	1
7054	品牌H 外套 黑色 XL	1	550.00	1
7055	品牌H 外套 黑色 均一	1	560.00	1
7056	品牌H 外套 白色 S	1	570.00	1
7057	品牌H 外套 白色 M	1	580.00	1
7058	品牌H 外套 白色 L	1	590.00	1
7059	品牌H 外套 白色 XL	1	600.00	1
7060	品牌H 外套 白色 均一	1	610.00	1
7061	品牌H 外套 藍色 S	1	620.00	1
7062	品牌H 外套 藍色 M	1	630.00	1
7063	品牌H 外套 藍色 L	1	640.00	1
7064	品牌H 外套 藍色 XL	1	650.00	1
7065	品牌H 外套 藍色 均一	1	660.00	1
7066	品牌H 外套 紅色 S	1	670.00	1
7067	品牌H 外套 紅色 M	1	680.00	1
7068	品牌H 外套 紅色 L	1	690.00	1
7069	品牌H 外套 紅色 XL	1	700.00	1
7070	品牌H 外套 紅色 均一	1	710.00	1
7071	品牌H 外套 灰色 S	1	720.00	1
7072	品牌H 外套 灰色 M	1	730.00	1
7073	品牌H 外套 灰色 L	1	740.00	1
7074	品牌H 外套 灰色 XL	1	750.00	1
7075	品牌H 外套 灰色 均一	1	760.00	1
7076	品牌H 外套 綠色 S	1	770.00	1
7077	品牌H 外套 綠色 M	1	780.00	1
7078	品牌H 外套 綠色 L	1	790.00	1
7079	品牌H 外套 綠色 XL	1	800.00	1
7080	品牌H 外套 綠色 均一	1	810.00	1
7081	品牌H 外套 米色 S	1	820.00	1
7082	品牌H 外套 米色 M	1	830.00	1
7083	品牌H 外套 米色 L	1	840.00	1
7084	品牌H 外套 米色 XL	1	850.00	1
7085	品牌H 外套 米色 均一	1	860.00	1
7086	品牌H 外套 粉色 S	1	870.00	1
7087	品牌H 外套 粉色 M	1	880.00	1
7088	品牌H 外套 粉色 L	1	890.00	1
7089	品牌H 外套 粉色 XL	1	900.00	1
7090	品牌H 外套 粉色 均一	1	910.00	1
7091	品牌H 外套 黃色 S	1	920.00	1
7092	品牌H 外套 黃色 M	1	930.00	1
7093	品牌H 外套 黃色 L	1	940.00	1
7094	品牌H 外套 黃色 XL	1	950.00	1
7095	品牌H 外套 黃色 均一	1	960.00	1
7096	品牌H 外套 紫色 S	1	970.00	1
7097	品牌H 外套 紫色 M	1	980.00	1
7098	品牌H 外套 紫色 L	1	990.00	1
7099	品牌H 外套 紫色 XL	1	1000.00	1
7100	品牌H 外套 紫色 均一	1	1010.00	0
7101	品牌H 無線耳機 黑色 S	2	1020.00	1
7102	品牌H 無線耳機 黑色 M	2	1030.00	1
7103	品牌H 無線耳機 黑色 L	2	1040.00	1
7104	品牌H 無線耳機 黑色 XL	2	1050.00	1
7105	品牌H 無線耳機 黑色 均一	2	1060.00	1
7106	品牌H 無線耳機 白色 S	2	1070.00	1
7107	品牌H 無線耳機 白色 M	2	1080.00	1
7108	品牌H 無線耳機 白色 L	2	1090.00	1
7109	品牌H 無線耳機 白色 XL	2	1100.00	1
7110	品牌H 無線耳機 白色 均一	2	1110.00	1
7111	品牌H 無線耳機 藍色 S	2	1120.00	1
7112	品牌H 無線耳機 藍色 M	2	1130.00	1
7113	品牌H 無線耳機 藍色 L	2	1140.00	1
7114	品牌H 無線耳機 藍色 XL	2	1150.00	1
7115	品牌H 無線耳機 藍色 均一	2	1160.00	1
7116	品牌H 無線耳機 紅色 S	2	1170.00	1
7117	品牌H 無線耳機 紅色 M	2	1180.00	1
7118	品牌H 無線耳機 紅色 L	2	1190.00	1
7119	品牌H 無線耳機 紅色 XL	2	1200.00	1
7120	品牌H 無線耳機 紅色 均一	2	1210.00	1
7121	品牌H 無線耳機 灰色 S	2	1220.00	1
7122	品牌H 無線耳機 灰色 M	2	1230.00	1
7123	品牌H 無線耳機 灰色 L	2	1240.00	1
7124	品牌H 無線耳機 灰色 XL	2	1250.00	1
7125	品牌H 無線耳機 灰色 均一	2	1260.00	1
7126	品牌H 無線耳機 綠色 S	2	1270.00	1
7127	品牌H 無線耳機 綠色 M	2	1280.00	1
7128	品牌H 無線耳機 綠色 L	2	1290.00	1
7129	品牌H 無線耳機 綠色 XL	2	1300.00	1
7130	品牌H 無線耳機 綠色 均一	2	1310.00	1
7131	品牌H 無線耳機 米色 S	2	1320.00	1
7132	品牌H 無線耳機 米色 M	2	1330.00	1
7133	品牌H 無線耳機 米色 L	2	1340.00	1
7134	品牌H 無線耳機 米色 XL	2	1350.00	1
7135	品牌H 無線耳機 米色 均一	2	1360.00	1
7136	品牌H 無線耳機 粉色 S	2	1370.00	1
7137	品牌H 無線耳機 粉色 M	2	1380.00	1
7138	品牌H 無線耳機 粉色 L	2	1390.00	1
7139	品牌H 無線耳機 粉色 XL	2	1400.00	1
7140	品牌H 無線耳機 粉色 均一	2	1410.00	1
7141	品牌H 無線耳機 黃色 S	2	1420.00	1
7142	品牌H 無線耳機 黃色 M	2	1430.00	1
7143	品牌H 無線耳機 黃色 L	2	1440.00	1
7144	品牌H 無線耳機 黃色 XL	2	1450.00	1
7145	品牌H 無線耳機 黃色 均一	2	1460.00	1
7146	品牌H 無線耳機 紫色 S	2	1470.00	1
7147	品牌H 無線耳機 紫色 M	2	1480.00	1
7148	品牌H 無線耳機 紫色 L	2	1490.00	1
7149	品牌H 無線耳機 紫色 XL	2	1500.00	1
7150	品牌H 無線耳機 紫色 均一	2	1510.00	0
7151	品牌H 行動電源 黑色 S	2	1520.00	1
7152	品牌H 行動電源 黑色 M	2	1530.00	1
7153	品牌H 行動電源 黑色 L	2	1540.00	1
7154	品牌H 行動電源 黑色 XL	2	1550.00	1
7155	品牌H 行動電源 黑色 均一	2	1560.00	1
7156	品牌H 行動電源 白色 S	2	1570.00	1
7157	品牌H 行動電源 白色 M	2	1580.00	1
7158	品牌H 行動電源 白色 L	2	1590.00	1
7159	品牌H 行動電源 白色 XL	2	1600.00	1
7160	品牌H 行動電源 白色 均一	2	1610.00	1
7161	品牌H 行動電源 藍色 S	2	1620.00	1
7162	品牌H 行動電源 藍色 M	2	1630.00	1
7163	品牌H 行動電源 藍色 L	2	1640.00	1
7164	品牌H 行動電源 藍色 XL	2	1650.00	1
7165	品牌H 行動電源 藍色 均一	2	1660.00	1
7166	品牌H 行動電源 紅色 S	2	1670.00	1
7167	品牌H 行動電源 紅色 M	2	1680.00	1
7168	品牌H 行動電源 紅色 L	2	1690.00	1
7169	品牌H 行動電源 紅色 XL	2	1700.00	1
7170	品牌H 行動電源 紅色 均一	2	1710.00	1
7171	品牌H 行動電源 灰色 S	2	1720.00	1
7172	品牌H 行動電源 灰色 M	2	1730.00	1
7173	品牌H 行動電源 灰色 L	2	1740.00	1
7174	品牌H 行動電源 灰色 XL	2	1750.00	1
7175	品牌H 行動電源 灰色 均一	2	1760.00	1
7176	品牌H 行動電源 綠色 S	2	1770.00	1
7177	品牌H 行動電源 綠色 M	2	1780.00	1
7178	品牌H 行動電源 綠色 L	2	1790.00	1
7179	品牌H 行動電源 綠色 XL	2	1800.00	1
7180	品牌H 行動電源 綠色 均一	2	1810.00	1
7181	品牌H 行動電源 米色 S	2	1820.00	1
7182	品牌H 行動電源 米色 M	2	1830.00	1
7183	品牌H 行動電源 米色 L	2	1840.00	1
7184	品牌H 行動電源 米色 XL	2	1850.00	1
7185	品牌H 行動電源 米色 均一	2	1860.00	1
7186	品牌H 行動電源 粉色 S	2	1870.00	1
7187	品牌H 行動電源 粉色 M	2	1880.00	1
7188	品牌H 行動電源 粉色 L	2	1890.00	1
7189	品牌H 行動電源 粉色 XL	2	1900.00	1
7190	品牌H 行動電源 粉色 均一	2	1910.00	1
7191	品牌H 行動電源 黃色 S	2	1920.00	1
7192	品牌H 行動電源 黃色 M	2	1930.00	1
7193	品牌H 行動電源 黃色 L	2	1940.00	1
7194	品牌H 行動電源 黃色 XL	2	1950.00	1
7195	品牌H 行動電源 黃色 均一	2	1960.00	1
7196	品牌H 行動電源 紫色 S	2	1970.00	1
7197	品牌H 行動電源 紫色 M	2	1980.00	1
7198	品牌H 行動電源 紫色 L	2	1990.00	1
7199	品牌H 行動電源 紫色 XL	2	2000.00	1
7200	品牌H 行動電源 紫色 均一	2	10.00	0
7201	品牌H 馬克杯 黑色 S	3	20.00	1
7202	品牌H 馬克杯 黑色 M	3	30.00	1
7203	品牌H 馬克杯 黑色 L	3	40.00	1
7204	品牌H 馬克杯 黑色 XL	3	50.00	1
7205	品牌H 馬克杯 黑色 均一	3	60.00	1
7206	品牌H 馬克杯 白色 S	3	70.00	1
7207	品牌H 馬克杯 白色 M	3	80.00	1
7208	品牌H 馬克杯 白色 L	3	90.00	1
7209	品牌H 馬克杯 白色 XL	3	100.00	1
7210	品牌H 馬克杯 白色 均一	3	110.00	1
7211	品牌H 馬克杯 藍色 S	3	120.00	1
7212	品牌H 馬克杯 藍色 M	3	130.00	1
7213	品牌H 馬克杯 藍色 L	3	140.00	1
7214	品牌H 馬克杯 藍色 XL	3	150.00	1
7215	品牌H 馬克杯 藍色 均一	3	160.00	1
7216	品牌H 馬克杯 紅色 S	3	170.00	1
7217	品牌H 馬克杯 紅色 M	3	180.00	1
7218	品牌H 馬克杯 紅色 L	3	190.00	1
7219	品牌H 馬克杯 紅色 XL	3	200.00	1
7220	品牌H 馬克杯 紅色 均一	3	210.00	1
7221	品牌H 馬克杯 灰色 S	3	220.00	1
7222	品牌H 馬克杯 灰色 M	3	230.00	1
7223	品牌H 馬克杯 灰色 L	3	240.00	1
7224	品牌H 馬克杯 灰色 XL	3	250.00	1
7225	品牌H 馬克杯 灰色 均一	3	260.00	1
7226	品牌H 馬克杯 綠色 S	3	270.00	1
7227	品牌H 馬克杯 綠色 M	3	280.00	1
7228	品牌H 馬克杯 綠色 L	3	290.00	1
7229	品牌H 馬克杯 綠色 XL	3	300.00	1
7230	品牌H 馬克杯 綠色 均一	3	310.00	1
7231	品牌H 馬克杯 米色 S	3	320.00	1
7232	品牌H 馬克杯 米色 M	3	330.00	1
7233	品牌H 馬克杯 米色 L	3	340.00	1
7234	品牌H 馬克杯 米色 XL	3	350.00	1
7235	品牌H 馬克杯 米色 均一	3	360.00	1
7236	品牌H 馬克杯 粉色 S	3	370.00	1
7237	品牌H 馬克杯 粉色 M	3	380.00	1
7238	品牌H 馬克杯 粉色 L	3	390.00	1
7239	品牌H 馬克杯 粉色 XL	3	400.00	1
7240	品牌H 馬克杯 粉色 均一	3	410.00	1
7241	品牌H 馬克杯 黃色 S	3	420.00	1
7242	品牌H 馬克杯 黃色 M	3	430.00	1
7243	品牌H 馬克杯 黃色 L	3	440.00	1
7244	品牌H 馬克杯 黃色 XL	3	450.00	1
7245	品牌H 馬克杯 黃色 均一	3	460.00	1
7246	品牌H 馬克杯 紫色 S	3	470.00	1
7247	品牌H 馬克杯 紫色 M	3	480.00	1
7248	品牌H 馬克杯 紫色 L	3	490.00	1
7249	品牌H 馬克杯 紫色 XL	3	500.00	1
7250	品牌H 馬克杯 紫色 均一	3	510.00	0
7251	品牌H 收納盒 黑色 S	3	520.00	1
7252	品牌H 收納盒 黑色 M	3	530.00	1
7253	品牌H 收納盒 黑色 L	3	540.00	1
7254	品牌H 收納盒 黑色 XL	3	550.00	1
7255	品牌H 收納盒 黑色 均一	3	560.00	1
7256	品牌H 收納盒 白色 S	3	570.00	1
7257	品牌H 收納盒 白色 M	3	580.00	1
7258	品牌H 收納盒 白色 L	3	590.00	1
7259	品牌H 收納盒 白色 XL	3	600.00	1
7260	品牌H 收納盒 白色 均一	3	610.00	1
7261	品牌H 收納盒 藍色 S	3	620.00	1
7262	品牌H 收納盒 藍色 M	3	630.00	1
7263	品牌H 收納盒 藍色 L	3	640.00	1
7264	品牌H 收納盒 藍色 XL	3	650.00	1
7265	品牌H 收納盒 藍色 均一	3	660.00	1
7266	品牌H 收納盒 紅色 S	3	670.00	1
7267	品牌H 收納盒 紅色 M	3	680.00	1
7268	品牌H 收納盒 紅色 L	3	690.00	1
7269	品牌H 收納盒 紅色 XL	3	700.00	1
7270	品牌H 收納盒 紅色 均一	3	710.00	1
7271	品牌H 收納盒 灰色 S	3	720.00	1
7272	品牌H 收納盒 灰色 M	3	730.00	1
7273	品牌H 收納盒 灰色 L	3	740.00	1
7274	品牌H 收納盒 灰色 XL	3	750.00	1
7275	品牌H 收納盒 灰色 均一	3	760.00	1
7276	品牌H 收納盒 綠色 S	3	770.00	1
7277	品牌H 收納盒 綠色 M	3	780.00	1
7278	品牌H 收納盒 綠色 L	3	790.00	1
7279	品牌H 收納盒 綠色 XL	3	800.00	1
7280	品牌H 收納盒 綠色 均一	3	810.00	1
7281	品牌H 收納盒 米色 S	3	820.00	1
7282	品牌H 收納盒 米色 M	3	830.00	1
7283	品牌H 收納盒 米色 L	3	840.00	1
7284	品牌H 收納盒 米色 XL	3	850.00	1
7285	品牌H 收納盒 米色 均一	3	860.00	1
7286	品牌H 收納盒 粉色 S	3	870.00	1
7287	品牌H 收納盒 粉色 M	3	880.00	1
7288	品牌H 收納盒 粉色 L	3	890.00	1
7289	品牌H 收納盒 粉色 XL	3	900.00	1
7290	品牌H 收納盒 粉色 均一	3	910.00	1
7291	品牌H 收納盒 黃色 S	3	920.00	1
7292	品牌H 收納盒 黃色 M	3	930.00	1
7293	品牌H 收納盒 黃色 L	3	940.00	1
7294	品牌H 收納盒 黃色 XL	3	950.00	1
7295	品牌H 收納盒 黃色 均一	3	960.00	1
7296	品牌H 收納盒 紫色 S	3	970.00	1
7297	品牌H 收納盒 紫色 M	3	980.00	1
7298	品牌H 收納盒 紫色 L	3	990.00	1
7299	品牌H 收納盒 紫色 XL	3	1000.00	1
7300	品牌H 收納盒 紫色 均一	3	1010.00	0
7301	品牌H 咖啡豆 黑色 S	4	1020.00	1
7302	品牌H 咖啡豆 黑色 M	4	1030.00	1
7303	品牌H 咖啡豆 黑色 L	4	1040.00	1
7304	品牌H 咖啡豆 黑色 XL	4	1050.00	1
7305	品牌H 咖啡豆 黑色 均一	4	1060.00	1
7306	品牌H 咖啡豆 白色 S	4	1070.00	1
7307	品牌H 咖啡豆 白色 M	4	1080.00	1
7308	品牌H 咖啡豆 白色 L	4	1090.00	1
7309	品牌H 咖啡豆 白色 XL	4	1100.00	1
7310	品牌H 咖啡豆 白色 均一	4	1110.00	1
7311	品牌H 咖啡豆 藍色 S	4	1120.00	1
7312	品牌H 咖啡豆 藍色 M	4	1130.00	1
7313	品牌H 咖啡豆 藍色 L	4	1140.00	1
7314	品牌H 咖啡豆 藍色 XL	4	1150.00	1
7315	品牌H 咖啡豆 藍色 均一	4	1160.00	1
7316	品牌H 咖啡豆 紅色 S	4	1170.00	1
7317	品牌H 咖啡豆 紅色 M	4	1180.00	1
7318	品牌H 咖啡豆 紅色 L	4	1190.00	1
7319	品牌H 咖啡豆 紅色 XL	4	1200.00	1
7320	品牌H 咖啡豆 紅色 均一	4	1210.00	1
7321	品牌H 咖啡豆 灰色 S	4	1220.00	1
7322	品牌H 咖啡豆 灰色 M	4	1230.00	1
7323	品牌H 咖啡豆 灰色 L	4	1240.00	1
7324	品牌H 咖啡豆 灰色 XL	4	1250.00	1
7325	品牌H 咖啡豆 灰色 均一	4	1260.00	1
7326	品牌H 咖啡豆 綠色 S	4	1270.00	1
7327	品牌H 咖啡豆 綠色 M	4	1280.00	1
7328	品牌H 咖啡豆 綠色 L	4	1290.00	1
7329	品牌H 咖啡豆 綠色 XL	4	1300.00	1
7330	品牌H 咖啡豆 綠色 均一	4	1310.00	1
7331	品牌H 咖啡豆 米色 S	4	1320.00	1
7332	品牌H 咖啡豆 米色 M	4	1330.00	1
7333	品牌H 咖啡豆 米色 L	4	1340.00	1
7334	品牌H 咖啡豆 米色 XL	4	1350.00	1
7335	品牌H 咖啡豆 米色 均一	4	1360.00	1
7336	品牌H 咖啡豆 粉色 S	4	1370.00	1
7337	品牌H 咖啡豆 粉色 M	4	1380.00	1
7338	品牌H 咖啡豆 粉色 L	4	1390.00	1
7339	品牌H 咖啡豆 粉色 XL	4	1400.00	1
7340	品牌H 咖啡豆 粉色 均一	4	1410.00	1
7341	品牌H 咖啡豆 黃色 S	4	1420.00	1
7342	品牌H 咖啡豆 黃色 M	4	1430.00	1
7343	品牌H 咖啡豆 黃色 L	4	1440.00	1
7344	品牌H 咖啡豆 黃色 XL	4	1450.00	1
7345	品牌H 咖啡豆 黃色 均一	4	1460.00	1
7346	品牌H 咖啡豆 紫色 S	4	1470.00	1
7347	品牌H 咖啡豆 紫色 M	4	1480.00	1
7348	品牌H 咖啡豆 紫色 L	4	1490.00	1
7349	品牌H 咖啡豆 紫色 XL	4	1500.00	1
7350	品牌H 咖啡豆 紫色 均一	4	1510.00	0
7351	品牌H 餅乾 黑色 S	4	1520.00	1
7352	品牌H 餅乾 黑色 M	4	1530.00	1
7353	品牌H 餅乾 黑色 L	4	1540.00	1
7354	品牌H 餅乾 黑色 XL	4	1550.00	1
7355	品牌H 餅乾 黑色 均一	4	1560.00	1
7356	品牌H 餅乾 白色 S	4	1570.00	1
7357	品牌H 餅乾 白色 M	4	1580.00	1
7358	品牌H 餅乾 白色 L	4	1590.00	1
7359	品牌H 餅乾 白色 XL	4	1600.00	1
7360	品牌H 餅乾 白色 均一	4	1610.00	1
7361	品牌H 餅乾 藍色 S	4	1620.00	1
7362	品牌H 餅乾 藍色 M	4	1630.00	1
7363	品牌H 餅乾 藍色 L	4	1640.00	1
7364	品牌H 餅乾 藍色 XL	4	1650.00	1
7365	品牌H 餅乾 藍色 均一	4	1660.00	1
7366	品牌H 餅乾 紅色 S	4	1670.00	1
7367	品牌H 餅乾 紅色 M	4	1680.00	1
7368	品牌H 餅乾 紅色 L	4	1690.00	1
7369	品牌H 餅乾 紅色 XL	4	1700.00	1
7370	品牌H 餅乾 紅色 均一	4	1710.00	1
7371	品牌H 餅乾 灰色 S	4	1720.00	1
7372	品牌H 餅乾 灰色 M	4	1730.00	1
7373	品牌H 餅乾 灰色 L	4	1740.00	1
7374	品牌H 餅乾 灰色 XL	4	1750.00	1
7375	品牌H 餅乾 灰色 均一	4	1760.00	1
7376	品牌H 餅乾 綠色 S	4	1770.00	1
7377	品牌H 餅乾 綠色 M	4	1780.00	1
7378	品牌H 餅乾 綠色 L	4	1790.00	1
7379	品牌H 餅乾 綠色 XL	4	1800.00	1
7380	品牌H 餅乾 綠色 均一	4	1810.00	1
7381	品牌H 餅乾 米色 S	4	1820.00	1
7382	品牌H 餅乾 米色 M	4	1830.00	1
7383	品牌H 餅乾 米色 L	4	1840.00	1
7384	品牌H 餅乾 米色 XL	4	1850.00	1
7385	品牌H 餅乾 米色 均一	4	1860.00	1
7386	品牌H 餅乾 粉色 S	4	1870.00	1
7387	品牌H 餅乾 粉色 M	4	1880.00	1
7388	品牌H 餅乾 粉色 L	4	1890.00	1
7389	品牌H 餅乾 粉色 XL	4	1900.00	1
7390	品牌H 餅乾 粉色 均一	4	1910.00	1
7391	品牌H 餅乾 黃色 S	4	1920.00	1
7392	品牌H 餅乾 黃色 M	4	1930.00	1
7393	品牌H 餅乾 黃色 L	4	1940.00	1
7394	品牌H 餅乾 黃色 XL	4	1950.00	1
7395	品牌H 餅乾 黃色 均一	4	1960.00	1
7396	品牌H 餅乾 紫色 S	4	1970.00	1
7397	品牌H 餅乾 紫色 M	4	1980.00	1
7398	品牌H 餅乾 紫色 L	4	1990.00	1
7399	品牌H 餅乾 紫色 XL	4	2000.00	1
7400	品牌H 餅乾 紫色 均一	4	10.00	0
7401	品牌H 洗面乳 黑色 S	5	20.00	1
7402	品牌H 洗面乳 黑色 M	5	30.00	1
7403	品牌H 洗面乳 黑色 L	5	40.00	1
7404	品牌H 洗面乳 黑色 XL	5	50.00	1
7405	品牌H 洗面乳 黑色 均一	5	60.00	1
7406	品牌H 洗面乳 白色 S	5	70.00	1
7407	品牌H 洗面乳 白色 M	5	80.00	1
7408	品牌H 洗面乳 白色 L	5	90.00	1
7409	品牌H 洗面乳 白色 XL	5	100.00	1
7410	品牌H 洗面乳 白色 均一	5	110.00	1
7411	品牌H 洗面乳 藍色 S	5	120.00	1
7412	品牌H 洗面乳 藍色 M	5	130.00	1
7413	品牌H 洗面乳 藍色 L	5	140.00	1
7414	品牌H 洗面乳 藍色 XL	5	150.00	1
7415	品牌H 洗面乳 藍色 均一	5	160.00	1
7416	品牌H 洗面乳 紅色 S	5	170.00	1
7417	品牌H 洗面乳 紅色 M	5	180.00	1
7418	品牌H 洗面乳 紅色 L	5	190.00	1
7419	品牌H 洗面乳 紅色 XL	5	200.00	1
7420	品牌H 洗面乳 紅色 均一	5	210.00	1
7421	品牌H 洗面乳 灰色 S	5	220.00	1
7422	品牌H 洗面乳 灰色 M	5	230.00	1
7423	品牌H 洗面乳 灰色 L	5	240.00	1
7424	品牌H 洗面乳 灰色 XL	5	250.00	1
7425	品牌H 洗面乳 灰色 均一	5	260.00	1
7426	品牌H 洗面乳 綠色 S	5	270.00	1
7427	品牌H 洗面乳 綠色 M	5	280.00	1
7428	品牌H 洗面乳 綠色 L	5	290.00	1
7429	品牌H 洗面乳 綠色 XL	5	300.00	1
7430	品牌H 洗面乳 綠色 均一	5	310.00	1
7431	品牌H 洗面乳 米色 S	5	320.00	1
7432	品牌H 洗面乳 米色 M	5	330.00	1
7433	品牌H 洗面乳 米色 L	5	340.00	1
7434	品牌H 洗面乳 米色 XL	5	350.00	1
7435	品牌H 洗面乳 米色 均一	5	360.00	1
7436	品牌H 洗面乳 粉色 S	5	370.00	1
7437	品牌H 洗面乳 粉色 M	5	380.00	1
7438	品牌H 洗面乳 粉色 L	5	390.00	1
7439	品牌H 洗面乳 粉色 XL	5	400.00	1
7440	品牌H 洗面乳 粉色 均一	5	410.00	1
7441	品牌H 洗面乳 黃色 S	5	420.00	1
7442	品牌H 洗面乳 黃色 M	5	430.00	1
7443	品牌H 洗面乳 黃色 L	5	440.00	1
7444	品牌H 洗面乳 黃色 XL	5	450.00	1
7445	品牌H 洗面乳 黃色 均一	5	460.00	1
7446	品牌H 洗面乳 紫色 S	5	470.00	1
7447	品牌H 洗面乳 紫色 M	5	480.00	1
7448	品牌H 洗面乳 紫色 L	5	490.00	1
7449	品牌H 洗面乳 紫色 XL	5	500.00	1
7450	品牌H 洗面乳 紫色 均一	5	510.00	0
7451	品牌H 面膜 黑色 S	5	520.00	1
7452	品牌H 面膜 黑色 M	5	530.00	1
7453	品牌H 面膜 黑色 L	5	540.00	1
7454	品牌H 面膜 黑色 XL	5	550.00	1
7455	品牌H 面膜 黑色 均一	5	560.00	1
7456	品牌H 面膜 白色 S	5	570.00	1
7457	品牌H 面膜 白色 M	5	580.00	1
7458	品牌H 面膜 白色 L	5	590.00	1
7459	品牌H 面膜 白色 XL	5	600.00	1
7460	品牌H 面膜 白色 均一	5	610.00	1
7461	品牌H 面膜 藍色 S	5	620.00	1
7462	品牌H 面膜 藍色 M	5	630.00	1
7463	品牌H 面膜 藍色 L	5	640.00	1
7464	品牌H 面膜 藍色 XL	5	650.00	1
7465	品牌H 面膜 藍色 均一	5	660.00	1
7466	品牌H 面膜 紅色 S	5	670.00	1
7467	品牌H 面膜 紅色 M	5	680.00	1
7468	品牌H 面膜 紅色 L	5	690.00	1
7469	品牌H 面膜 紅色 XL	5	700.00	1
7470	品牌H 面膜 紅色 均一	5	710.00	1
7471	品牌H 面膜 灰色 S	5	720.00	1
7472	品牌H 面膜 灰色 M	5	730.00	1
7473	品牌H 面膜 灰色 L	5	740.00	1
7474	品牌H 面膜 灰色 XL	5	750.00	1
7475	品牌H 面膜 灰色 均一	5	760.00	1
7476	品牌H 面膜 綠色 S	5	770.00	1
7477	品牌H 面膜 綠色 M	5	780.00	1
7478	品牌H 面膜 綠色 L	5	790.00	1
7479	品牌H 面膜 綠色 XL	5	800.00	1
7480	品牌H 面膜 綠色 均一	5	810.00	1
7481	品牌H 面膜 米色 S	5	820.00	1
7482	品牌H 面膜 米色 M	5	830.00	1
7483	品牌H 面膜 米色 L	5	840.00	1
7484	品牌H 面膜 米色 XL	5	850.00	1
7485	品牌H 面膜 米色 均一	5	860.00	1
7486	品牌H 面膜 粉色 S	5	870.00	1
7487	品牌H 面膜 粉色 M	5	880.00	1
7488	品牌H 面膜 粉色 L	5	890.00	1
7489	品牌H 面膜 粉色 XL	5	900.00	1
7490	品牌H 面膜 粉色 均一	5	910.00	1
7491	品牌H 面膜 黃色 S	5	920.00	1
7492	品牌H 面膜 黃色 M	5	930.00	1
7493	品牌H 面膜 黃色 L	5	940.00	1
7494	品牌H 面膜 黃色 XL	5	950.00	1
7495	品牌H 面膜 黃色 均一	5	960.00	1
7496	品牌H 面膜 紫色 S	5	970.00	1
7497	品牌H 面膜 紫色 M	5	980.00	1
7498	品牌H 面膜 紫色 L	5	990.00	1
7499	品牌H 面膜 紫色 XL	5	1000.00	1
7500	品牌H 面膜 紫色 均一	5	1010.00	0
7501	品牌H 瑜珈墊 黑色 S	6	1020.00	1
7502	品牌H 瑜珈墊 黑色 M	6	1030.00	1
7503	品牌H 瑜珈墊 黑色 L	6	1040.00	1
7504	品牌H 瑜珈墊 黑色 XL	6	1050.00	1
7505	品牌H 瑜珈墊 黑色 均一	6	1060.00	1
7506	品牌H 瑜珈墊 白色 S	6	1070.00	1
7507	品牌H 瑜珈墊 白色 M	6	1080.00	1
7508	品牌H 瑜珈墊 白色 L	6	1090.00	1
7509	品牌H 瑜珈墊 白色 XL	6	1100.00	1
7510	品牌H 瑜珈墊 白色 均一	6	1110.00	1
7511	品牌H 瑜珈墊 藍色 S	6	1120.00	1
7512	品牌H 瑜珈墊 藍色 M	6	1130.00	1
7513	品牌H 瑜珈墊 藍色 L	6	1140.00	1
7514	品牌H 瑜珈墊 藍色 XL	6	1150.00	1
7515	品牌H 瑜珈墊 藍色 均一	6	1160.00	1
7516	品牌H 瑜珈墊 紅色 S	6	1170.00	1
7517	品牌H 瑜珈墊 紅色 M	6	1180.00	1
7518	品牌H 瑜珈墊 紅色 L	6	1190.00	1
7519	品牌H 瑜珈墊 紅色 XL	6	1200.00	1
7520	品牌H 瑜珈墊 紅色 均一	6	1210.00	1
7521	品牌H 瑜珈墊 灰色 S	6	1220.00	1
7522	品牌H 瑜珈墊 灰色 M	6	1230.00	1
7523	品牌H 瑜珈墊 灰色 L	6	1240.00	1
7524	品牌H 瑜珈墊 灰色 XL	6	1250.00	1
7525	品牌H 瑜珈墊 灰色 均一	6	1260.00	1
7526	品牌H 瑜珈墊 綠色 S	6	1270.00	1
7527	品牌H 瑜珈墊 綠色 M	6	1280.00	1
7528	品牌H 瑜珈墊 綠色 L	6	1290.00	1
7529	品牌H 瑜珈墊 綠色 XL	6	1300.00	1
7530	品牌H 瑜珈墊 綠色 均一	6	1310.00	1
7531	品牌H 瑜珈墊 米色 S	6	1320.00	1
7532	品牌H 瑜珈墊 米色 M	6	1330.00	1
7533	品牌H 瑜珈墊 米色 L	6	1340.00	1
7534	品牌H 瑜珈墊 米色 XL	6	1350.00	1
7535	品牌H 瑜珈墊 米色 均一	6	1360.00	1
7536	品牌H 瑜珈墊 粉色 S	6	1370.00	1
7537	品牌H 瑜珈墊 粉色 M	6	1380.00	1
7538	品牌H 瑜珈墊 粉色 L	6	1390.00	1
7539	品牌H 瑜珈墊 粉色 XL	6	1400.00	1
7540	品牌H 瑜珈墊 粉色 均一	6	1410.00	1
7541	品牌H 瑜珈墊 黃色 S	6	1420.00	1
7542	品牌H 瑜珈墊 黃色 M	6	1430.00	1
7543	品牌H 瑜珈墊 黃色 L	6	1440.00	1
7544	品牌H 瑜珈墊 黃色 XL	6	1450.00	1
7545	品牌H 瑜珈墊 黃色 均一	6	1460.00	1
7546	品牌H 瑜珈墊 紫色 S	6	1470.00	1
7547	品牌H 瑜珈墊 紫色 M	6	1480.00	1
7548	品牌H 瑜珈墊 紫色 L	6	1490.00	1
7549	品牌H 瑜珈墊 紫色 XL	6	1500.00	1
7550	品牌H 瑜珈墊 紫色 均一	6	1510.00	0
7551	品牌H 啞鈴 黑色 S	6	1520.00	1
7552	品牌H 啞鈴 黑色 M	6	1530.00	1
7553	品牌H 啞鈴 黑色 L	6	1540.00	1
7554	品牌H 啞鈴 黑色 XL	6	1550.00	1
7555	品牌H 啞鈴 黑色 均一	6	1560.00	1
7556	品牌H 啞鈴 白色 S	6	1570.00	1
7557	品牌H 啞鈴 白色 M	6	1580.00	1
7558	品牌H 啞鈴 白色 L	6	1590.00	1
7559	品牌H 啞鈴 白色 XL	6	1600.00	1
7560	品牌H 啞鈴 白色 均一	6	1610.00	1
7561	品牌H 啞鈴 藍色 S	6	1620.00	1
7562	品牌H 啞鈴 藍色 M	6	1630.00	1
7563	品牌H 啞鈴 藍色 L	6	1640.00	1
7564	品牌H 啞鈴 藍色 XL	6	1650.00	1
7565	品牌H 啞鈴 藍色 均一	6	1660.00	1
7566	品牌H 啞鈴 紅色 S	6	1670.00	1
7567	品牌H 啞鈴 紅色 M	6	1680.00	1
7568	品牌H 啞鈴 紅色 L	6	1690.00	1
7569	品牌H 啞鈴 紅色 XL	6	1700.00	1
7570	品牌H 啞鈴 紅色 均一	6	1710.00	1
7571	品牌H 啞鈴 灰色 S	6	1720.00	1
7572	品牌H 啞鈴 灰色 M	6	1730.00	1
7573	品牌H 啞鈴 灰色 L	6	1740.00	1
7574	品牌H 啞鈴 灰色 XL	6	1750.00	1
7575	品牌H 啞鈴 灰色 均一	6	1760.00	1
7576	品牌H 啞鈴 綠色 S	6	1770.00	1
7577	品牌H 啞鈴 綠色 M	6	1780.00	1
7578	品牌H 啞鈴 綠色 L	6	1790.00	1
7579	品牌H 啞鈴 綠色 XL	6	1800.00	1
7580	品牌H 啞鈴 綠色 均一	6	1810.00	1
7581	品牌H 啞鈴 米色 S	6	1820.00	1
7582	品牌H 啞鈴 米色 M	6	1830.00	1
7583	品牌H 啞鈴 米色 L	6	1840.00	1
7584	品牌H 啞鈴 米色 XL	6	1850.00	1
7585	品牌H 啞鈴 米色 均一	6	1860.00	1
7586	品牌H 啞鈴 粉色 S	6	1870.00	1
7587	品牌H 啞鈴 粉色 M	6	1880.00	1
7588	品牌H 啞鈴 粉色 L	6	1890.00	1
7589	品牌H 啞鈴 粉色 XL	6	1900.00	1
7590	品牌H 啞鈴 粉色 均一	6	1910.00	1
7591	品牌H 啞鈴 黃色 S	6	1920.00	1
7592	品牌H 啞鈴 黃色 M	6	1930.00	1
7593	品牌H 啞鈴 黃色 L	6	1940.00	1
7594	品牌H 啞鈴 黃色 XL	6	1950.00	1
7595	品牌H 啞鈴 黃色 均一	6	1960.00	1
7596	品牌H 啞鈴 紫色 S	6	1970.00	1
7597	品牌H 啞鈴 紫色 M	6	1980.00	1
7598	品牌H 啞鈴 紫色 L	6	1990.00	1
7599	品牌H 啞鈴 紫色 XL	6	2000.00	1
7600	品牌H 啞鈴 紫色 均一	6	10.00	0
7601	品牌H 筆記本 黑色 S	7	20.00	1
7602	品牌H 筆記本 黑色 M	7	30.00	1
7603	品牌H 筆記本 黑色 L	7	40.00	1
7604	品牌H 筆記本 黑色 XL	7	50.00	1
7605	品牌H 筆記本 黑色 均一	7	60.00	1
7606	品牌H 筆記本 白色 S	7	70.00	1
7607	品牌H 筆記本 白色 M	7	80.00	1
7608	品牌H 筆記本 白色 L	7	90.00	1
7609	品牌H 筆記本 白色 XL	7	100.00	1
7610	品牌H 筆記本 白色 均一	7	110.00	1
7611	品牌H 筆記本 藍色 S	7	120.00	1
7612	品牌H 筆記本 藍色 M	7	130.00	1
7613	品牌H 筆記本 藍色 L	7	140.00	1
7614	品牌H 筆記本 藍色 XL	7	150.00	1
7615	品牌H 筆記本 藍色 均一	7	160.00	1
7616	品牌H 筆記本 紅色 S	7	170.00	1
7617	品牌H 筆記本 紅色 M	7	180.00	1
7618	品牌H 筆記本 紅色 L	7	190.00	1
7619	品牌H 筆記本 紅色 XL	7	200.00	1
7620	品牌H 筆記本 紅色 均一	7	210.00	1
7621	品牌H 筆記本 灰色 S	7	220.00	1
7622	品牌H 筆記本 灰色 M	7	230.00	1
7623	品牌H 筆記本 灰色 L	7	240.00	1
7624	品牌H 筆記本 灰色 XL	7	250.00	1
7625	品牌H 筆記本 灰色 均一	7	260.00	1
7626	品牌H 筆記本 綠色 S	7	270.00	1
7627	品牌H 筆記本 綠色 M	7	280.00	1
7628	品牌H 筆記本 綠色 L	7	290.00	1
7629	品牌H 筆記本 綠色 XL	7	300.00	1
7630	品牌H 筆記本 綠色 均一	7	310.00	1
7631	品牌H 筆記本 米色 S	7	320.00	1
7632	品牌H 筆記本 米色 M	7	330.00	1
7633	品牌H 筆記本 米色 L	7	340.00	1
7634	品牌H 筆記本 米色 XL	7	350.00	1
7635	品牌H 筆記本 米色 均一	7	360.00	1
7636	品牌H 筆記本 粉色 S	7	370.00	1
7637	品牌H 筆記本 粉色 M	7	380.00	1
7638	品牌H 筆記本 粉色 L	7	390.00	1
7639	品牌H 筆記本 粉色 XL	7	400.00	1
7640	品牌H 筆記本 粉色 均一	7	410.00	1
7641	品牌H 筆記本 黃色 S	7	420.00	1
7642	品牌H 筆記本 黃色 M	7	430.00	1
7643	品牌H 筆記本 黃色 L	7	440.00	1
7644	品牌H 筆記本 黃色 XL	7	450.00	1
7645	品牌H 筆記本 黃色 均一	7	460.00	1
7646	品牌H 筆記本 紫色 S	7	470.00	1
7647	品牌H 筆記本 紫色 M	7	480.00	1
7648	品牌H 筆記本 紫色 L	7	490.00	1
7649	品牌H 筆記本 紫色 XL	7	500.00	1
7650	品牌H 筆記本 紫色 均一	7	510.00	0
7651	品牌H 原子筆 黑色 S	7	520.00	1
7652	品牌H 原子筆 黑色 M	7	530.00	1
7653	品牌H 原子筆 黑色 L	7	540.00	1
7654	品牌H 原子筆 黑色 XL	7	550.00	1
7655	品牌H 原子筆 黑色 均一	7	560.00	1
7656	品牌H 原子筆 白色 S	7	570.00	1
7657	品牌H 原子筆 白色 M	7	580.00	1
7658	品牌H 原子筆 白色 L	7	590.00	1
7659	品牌H 原子筆 白色 XL	7	600.00	1
7660	品牌H 原子筆 白色 均一	7	610.00	1
7661	品牌H 原子筆 藍色 S	7	620.00	1
7662	品牌H 原子筆 藍色 M	7	630.00	1
7663	品牌H 原子筆 藍色 L	7	640.00	1
7664	品牌H 原子筆 藍色 XL	7	650.00	1
7665	品牌H 原子筆 藍色 均一	7	660.00	1
7666	品牌H 原子筆 紅色 S	7	670.00	1
7667	品牌H 原子筆 紅色 M	7	680.00	1
7668	品牌H 原子筆 紅色 L	7	690.00	1
7669	品牌H 原子筆 紅色 XL	7	700.00	1
7670	品牌H 原子筆 紅色 均一	7	710.00	1
7671	品牌H 原子筆 灰色 S	7	720.00	1
7672	品牌H 原子筆 灰色 M	7	730.00	1
7673	品牌H 原子筆 灰色 L	7	740.00	1
7674	品牌H 原子筆 灰色 XL	7	750.00	1
7675	品牌H 原子筆 灰色 均一	7	760.00	1
7676	品牌H 原子筆 綠色 S	7	770.00	1
7677	品牌H 原子筆 綠色 M	7	780.00	1
7678	品牌H 原子筆 綠色 L	7	790.00	1
7679	品牌H 原子筆 綠色 XL	7	800.00	1
7680	品牌H 原子筆 綠色 均一	7	810.00	1
7681	品牌H 原子筆 米色 S	7	820.00	1
7682	品牌H 原子筆 米色 M	7	830.00	1
7683	品牌H 原子筆 米色 L	7	840.00	1
7684	品牌H 原子筆 米色 XL	7	850.00	1
7685	品牌H 原子筆 米色 均一	7	860.00	1
7686	品牌H 原子筆 粉色 S	7	870.00	1
7687	品牌H 原子筆 粉色 M	7	880.00	1
7688	品牌H 原子筆 粉色 L	7	890.00	1
7689	品牌H 原子筆 粉色 XL	7	900.00	1
7690	品牌H 原子筆 粉色 均一	7	910.00	1
7691	品牌H 原子筆 黃色 S	7	920.00	1
7692	品牌H 原子筆 黃色 M	7	930.00	1
7693	品牌H 原子筆 黃色 L	7	940.00	1
7694	品牌H 原子筆 黃色 XL	7	950.00	1
7695	品牌H 原子筆 黃色 均一	7	960.00	1
7696	品牌H 原子筆 紫色 S	7	970.00	1
7697	品牌H 原子筆 紫色 M	7	980.00	1
7698	品牌H 原子筆 紫色 L	7	990.00	1
7699	品牌H 原子筆 紫色 XL	7	1000.00	1
7700	品牌H 原子筆 紫色 均一	7	1010.00	0
7701	品牌H 貓砂 黑色 S	8	1020.00	1
7702	品牌H 貓砂 黑色 M	8	1030.00	1
7703	品牌H 貓砂 黑色 L	8	1040.00	1
7704	品牌H 貓砂 黑色 XL	8	1050.00	1
7705	品牌H 貓砂 黑色 均一	8	1060.00	1
7706	品牌H 貓砂 白色 S	8	1070.00	1
7707	品牌H 貓砂 白色 M	8	1080.00	1
7708	品牌H 貓砂 白色 L	8	1090.00	1
7709	品牌H 貓砂 白色 XL	8	1100.00	1
7710	品牌H 貓砂 白色 均一	8	1110.00	1
7711	品牌H 貓砂 藍色 S	8	1120.00	1
7712	品牌H 貓砂 藍色 M	8	1130.00	1
7713	品牌H 貓砂 藍色 L	8	1140.00	1
7714	品牌H 貓砂 藍色 XL	8	1150.00	1
7715	品牌H 貓砂 藍色 均一	8	1160.00	1
7716	品牌H 貓砂 紅色 S	8	1170.00	1
7717	品牌H 貓砂 紅色 M	8	1180.00	1
7718	品牌H 貓砂 紅色 L	8	1190.00	1
7719	品牌H 貓砂 紅色 XL	8	1200.00	1
7720	品牌H 貓砂 紅色 均一	8	1210.00	1
7721	品牌H 貓砂 灰色 S	8	1220.00	1
7722	品牌H 貓砂 灰色 M	8	1230.00	1
7723	品牌H 貓砂 灰色 L	8	1240.00	1
7724	品牌H 貓砂 灰色 XL	8	1250.00	1
7725	品牌H 貓砂 灰色 均一	8	1260.00	1
7726	品牌H 貓砂 綠色 S	8	1270.00	1
7727	品牌H 貓砂 綠色 M	8	1280.00	1
7728	品牌H 貓砂 綠色 L	8	1290.00	1
7729	品牌H 貓砂 綠色 XL	8	1300.00	1
7730	品牌H 貓砂 綠色 均一	8	1310.00	1
7731	品牌H 貓砂 米色 S	8	1320.00	1
7732	品牌H 貓砂 米色 M	8	1330.00	1
7733	品牌H 貓砂 米色 L	8	1340.00	1
7734	品牌H 貓砂 米色 XL	8	1350.00	1
7735	品牌H 貓砂 米色 均一	8	1360.00	1
7736	品牌H 貓砂 粉色 S	8	1370.00	1
7737	品牌H 貓砂 粉色 M	8	1380.00	1
7738	品牌H 貓砂 粉色 L	8	1390.00	1
7739	品牌H 貓砂 粉色 XL	8	1400.00	1
7740	品牌H 貓砂 粉色 均一	8	1410.00	1
7741	品牌H 貓砂 黃色 S	8	1420.00	1
7742	品牌H 貓砂 黃色 M	8	1430.00	1
7743	品牌H 貓砂 黃色 L	8	1440.00	1
7744	品牌H 貓砂 黃色 XL	8	1450.00	1
7745	品牌H 貓砂 黃色 均一	8	1460.00	1
7746	品牌H 貓砂 紫色 S	8	1470.00	1
7747	品牌H 貓砂 紫色 M	8	1480.00	1
7748	品牌H 貓砂 紫色 L	8	1490.00	1
7749	品牌H 貓砂 紫色 XL	8	1500.00	1
7750	品牌H 貓砂 紫色 均一	8	1510.00	0
7751	品牌H 狗零食 黑色 S	8	1520.00	1
7752	品牌H 狗零食 黑色 M	8	1530.00	1
7753	品牌H 狗零食 黑色 L	8	1540.00	1
7754	品牌H 狗零食 黑色 XL	8	1550.00	1
7755	品牌H 狗零食 黑色 均一	8	1560.00	1
7756	品牌H 狗零食 白色 S	8	1570.00	1
7757	品牌H 狗零食 白色 M	8	1580.00	1
7758	品牌H 狗零食 白色 L	8	1590.00	1
7759	品牌H 狗零食 白色 XL	8	1600.00	1
7760	品牌H 狗零食 白色 均一	8	1610.00	1
7761	品牌H 狗零食 藍色 S	8	1620.00	1
7762	品牌H 狗零食 藍色 M	8	1630.00	1
7763	品牌H 狗零食 藍色 L	8	1640.00	1
7764	品牌H 狗零食 藍色 XL	8	1650.00	1
7765	品牌H 狗零食 藍色 均一	8	1660.00	1
7766	品牌H 狗零食 紅色 S	8	1670.00	1
7767	品牌H 狗零食 紅色 M	8	1680.00	1
7768	品牌H 狗零食 紅色 L	8	1690.00	1
7769	品牌H 狗零食 紅色 XL	8	1700.00	1
7770	品牌H 狗零食 紅色 均一	8	1710.00	1
7771	品牌H 狗零食 灰色 S	8	1720.00	1
7772	品牌H 狗零食 灰色 M	8	1730.00	1
7773	品牌H 狗零食 灰色 L	8	1740.00	1
7774	品牌H 狗零食 灰色 XL	8	1750.00	1
7775	品牌H 狗零食 灰色 均一	8	1760.00	1
7776	品牌H 狗零食 綠色 S	8	1770.00	1
7777	品牌H 狗零食 綠色 M	8	1780.00	1
7778	品牌H 狗零食 綠色 L	8	1790.00	1
7779	品牌H 狗零食 綠色 XL	8	1800.00	1
7780	品牌H 狗零食 綠色 均一	8	1810.00	1
7781	品牌H 狗零食 米色 S	8	1820.00	1
7782	品牌H 狗零食 米色 M	8	1830.00	1
7783	品牌H 狗零食 米色 L	8	1840.00	1
7784	品牌H 狗零食 米色 XL	8	1850.00	1
7785	品牌H 狗零食 米色 均一	8	1860.00	1
7786	品牌H 狗零食 粉色 S	8	1870.00	1
7787	品牌H 狗零食 粉色 M	8	1880.00	1
7788	品牌H 狗零食 粉色 L	8	1890.00	1
7789	品牌H 狗零食 粉色 XL	8	1900.00	1
7790	品牌H 狗零食 粉色 均一	8	1910.00	1
7791	品牌H 狗零食 黃色 S	8	1920.00	1
7792	品牌H 狗零食 黃色 M	8	1930.00	1
7793	品牌H 狗零食 黃色 L	8	1940.00	1
7794	品牌H 狗零食 黃色 XL	8	1950.00	1
7795	品牌H 狗零食 黃色 均一	8	1960.00	1
7796	品牌H 狗零食 紫色 S	8	1970.00	1
7797	品牌H 狗零食 紫色 M	8	1980.00	1
7798	品牌H 狗零食 紫色 L	8	1990.00	1
7799	品牌H 狗零食 紫色 XL	8	2000.00	1
7800	品牌H 狗零食 紫色 均一	8	10.00	0
7801	品牌H 小說 黑色 S	9	20.00	1
7802	品牌H 小說 黑色 M	9	30.00	1
7803	品牌H 小說 黑色 L	9	40.00	1
7804	品牌H 小說 黑色 XL	9	50.00	1
7805	品牌H 小說 黑色 均一	9	60.00	1
7806	品牌H 小說 白色 S	9	70.00	1
7807	品牌H 小說 白色 M	9	80.00	1
7808	品牌H 小說 白色 L	9	90.00	1
7809	品牌H 小說 白色 XL	9	100.00	1
7810	品牌H 小說 白色 均一	9	110.00	1
7811	品牌H 小說 藍色 S	9	120.00	1
7812	品牌H 小說 藍色 M	9	130.00	1
7813	品牌H 小說 藍色 L	9	140.00	1
7814	品牌H 小說 藍色 XL	9	150.00	1
7815	品牌H 小說 藍色 均一	9	160.00	1
7816	品牌H 小說 紅色 S	9	170.00	1
7817	品牌H 小說 紅色 M	9	180.00	1
7818	品牌H 小說 紅色 L	9	190.00	1
7819	品牌H 小說 紅色 XL	9	200.00	1
7820	品牌H 小說 紅色 均一	9	210.00	1
7821	品牌H 小說 灰色 S	9	220.00	1
7822	品牌H 小說 灰色 M	9	230.00	1
7823	品牌H 小說 灰色 L	9	240.00	1
7824	品牌H 小說 灰色 XL	9	250.00	1
7825	品牌H 小說 灰色 均一	9	260.00	1
7826	品牌H 小說 綠色 S	9	270.00	1
7827	品牌H 小說 綠色 M	9	280.00	1
7828	品牌H 小說 綠色 L	9	290.00	1
7829	品牌H 小說 綠色 XL	9	300.00	1
7830	品牌H 小說 綠色 均一	9	310.00	1
7831	品牌H 小說 米色 S	9	320.00	1
7832	品牌H 小說 米色 M	9	330.00	1
7833	品牌H 小說 米色 L	9	340.00	1
7834	品牌H 小說 米色 XL	9	350.00	1
7835	品牌H 小說 米色 均一	9	360.00	1
7836	品牌H 小說 粉色 S	9	370.00	1
7837	品牌H 小說 粉色 M	9	380.00	1
7838	品牌H 小說 粉色 L	9	390.00	1
7839	品牌H 小說 粉色 XL	9	400.00	1
7840	品牌H 小說 粉色 均一	9	410.00	1
7841	品牌H 小說 黃色 S	9	420.00	1
7842	品牌H 小說 黃色 M	9	430.00	1
7843	品牌H 小說 黃色 L	9	440.00	1
7844	品牌H 小說 黃色 XL	9	450.00	1
7845	品牌H 小說 黃色 均一	9	460.00	1
7846	品牌H 小說 紫色 S	9	470.00	1
7847	品牌H 小說 紫色 M	9	480.00	1
7848	品牌H 小說 紫色 L	9	490.00	1
7849	品牌H 小說 紫色 XL	9	500.00	1
7850	品牌H 小說 紫色 均一	9	510.00	0
7851	品牌H 食譜 黑色 S	9	520.00	1
7852	品牌H 食譜 黑色 M	9	530.00	1
7853	品牌H 食譜 黑色 L	9	540.00	1
7854	品牌H 食譜 黑色 XL	9	550.00	1
7855	品牌H 食譜 黑色 均一	9	560.00	1
7856	品牌H 食譜 白色 S	9	570.00	1
7857	品牌H 食譜 白色 M	9	580.00	1
7858	品牌H 食譜 白色 L	9	590.00	1
7859	品牌H 食譜 白色 XL	9	600.00	1
7860	品牌H 食譜 白色 均一	9	610.00	1
7861	品牌H 食譜 藍色 S	9	620.00	1
7862	品牌H 食譜 藍色 M	9	630.00	1
7863	品牌H 食譜 藍色 L	9	640.00	1
7864	品牌H 食譜 藍色 XL	9	650.00	1
7865	品牌H 食譜 藍色 均一	9	660.00	1
7866	品牌H 食譜 紅色 S	9	670.00	1
7867	品牌H 食譜 紅色 M	9	680.00	1
7868	品牌H 食譜 紅色 L	9	690.00	1
7869	品牌H 食譜 紅色 XL	9	700.00	1
7870	品牌H 食譜 紅色 均一	9	710.00	1
7871	品牌H 食譜 灰色 S	9	720.00	1
7872	品牌H 食譜 灰色 M	9	730.00	1
7873	品牌H 食譜 灰色 L	9	740.00	1
7874	品牌H 食譜 灰色 XL	9	750.00	1
7875	品牌H 食譜 灰色 均一	9	760.00	1
7876	品牌H 食譜 綠色 S	9	770.00	1
7877	品牌H 食譜 綠色 M	9	780.00	1
7878	品牌H 食譜 綠色 L	9	790.00	1
7879	品牌H 食譜 綠色 XL	9	800.00	1
7880	品牌H 食譜 綠色 均一	9	810.00	1
7881	品牌H 食譜 米色 S	9	820.00	1
7882	品牌H 食譜 米色 M	9	830.00	1
7883	品牌H 食譜 米色 L	9	840.00	1
7884	品牌H 食譜 米色 XL	9	850.00	1
7885	品牌H 食譜 米色 均一	9	860.00	1
7886	品牌H 食譜 粉色 S	9	870.00	1
7887	品牌H 食譜 粉色 M	9	880.00	1
7888	品牌H 食譜 粉色 L	9	890.00	1
7889	品牌H 食譜 粉色 XL	9	900.00	1
7890	品牌H 食譜 粉色 均一	9	910.00	1
7891	品牌H 食譜 黃色 S	9	920.00	1
7892	品牌H 食譜 黃色 M	9	930.00	1
7893	品牌H 食譜 黃色 L	9	940.00	1
7894	品牌H 食譜 黃色 XL	9	950.00	1
7895	品牌H 食譜 黃色 均一	9	960.00	1
7896	品牌H 食譜 紫色 S	9	970.00	1
7897	品牌H 食譜 紫色 M	9	980.00	1
7898	品牌H 食譜 紫色 L	9	990.00	1
7899	品牌H 食譜 紫色 XL	9	1000.00	1
7900	品牌H 食譜 紫色 均一	9	1010.00	0
7901	品牌H 禮物卡 黑色 S	10	1020.00	1
7902	品牌H 禮物卡 黑色 M	10	1030.00	1
7903	品牌H 禮物卡 黑色 L	10	1040.00	1
7904	品牌H 禮物卡 黑色 XL	10	1050.00	1
7905	品牌H 禮物卡 黑色 均一	10	1060.00	1
7906	品牌H 禮物卡 白色 S	10	1070.00	1
7907	品牌H 禮物卡 白色 M	10	1080.00	1
7908	品牌H 禮物卡 白色 L	10	1090.00	1
7909	品牌H 禮物卡 白色 XL	10	1100.00	1
7910	品牌H 禮物卡 白色 均一	10	1110.00	1
7911	品牌H 禮物卡 藍色 S	10	1120.00	1
7912	品牌H 禮物卡 藍色 M	10	1130.00	1
7913	品牌H 禮物卡 藍色 L	10	1140.00	1
7914	品牌H 禮物卡 藍色 XL	10	1150.00	1
7915	品牌H 禮物卡 藍色 均一	10	1160.00	1
7916	品牌H 禮物卡 紅色 S	10	1170.00	1
7917	品牌H 禮物卡 紅色 M	10	1180.00	1
7918	品牌H 禮物卡 紅色 L	10	1190.00	1
7919	品牌H 禮物卡 紅色 XL	10	1200.00	1
7920	品牌H 禮物卡 紅色 均一	10	1210.00	1
7921	品牌H 禮物卡 灰色 S	10	1220.00	1
7922	品牌H 禮物卡 灰色 M	10	1230.00	1
7923	品牌H 禮物卡 灰色 L	10	1240.00	1
7924	品牌H 禮物卡 灰色 XL	10	1250.00	1
7925	品牌H 禮物卡 灰色 均一	10	1260.00	1
7926	品牌H 禮物卡 綠色 S	10	1270.00	1
7927	品牌H 禮物卡 綠色 M	10	1280.00	1
7928	品牌H 禮物卡 綠色 L	10	1290.00	1
7929	品牌H 禮物卡 綠色 XL	10	1300.00	1
7930	品牌H 禮物卡 綠色 均一	10	1310.00	1
7931	品牌H 禮物卡 米色 S	10	1320.00	1
7932	品牌H 禮物卡 米色 M	10	1330.00	1
7933	品牌H 禮物卡 米色 L	10	1340.00	1
7934	品牌H 禮物卡 米色 XL	10	1350.00	1
7935	品牌H 禮物卡 米色 均一	10	1360.00	1
7936	品牌H 禮物卡 粉色 S	10	1370.00	1
7937	品牌H 禮物卡 粉色 M	10	1380.00	1
7938	品牌H 禮物卡 粉色 L	10	1390.00	1
7939	品牌H 禮物卡 粉色 XL	10	1400.00	1
7940	品牌H 禮物卡 粉色 均一	10	1410.00	1
7941	品牌H 禮物卡 黃色 S	10	1420.00	1
7942	品牌H 禮物卡 黃色 M	10	1430.00	1
7943	品牌H 禮物卡 黃色 L	10	1440.00	1
7944	品牌H 禮物卡 黃色 XL	10	1450.00	1
7945	品牌H 禮物卡 黃色 均一	10	1460.00	1
7946	品牌H 禮物卡 紫色 S	10	1470.00	1
7947	品牌H 禮物卡 紫色 M	10	1480.00	1
7948	品牌H 禮物卡 紫色 L	10	1490.00	1
7949	品牌H 禮物卡 紫色 XL	10	1500.00	1
7950	品牌H 禮物卡 紫色 均一	10	1510.00	0
7951	品牌H 收納袋 黑色 S	10	1520.00	1
7952	品牌H 收納袋 黑色 M	10	1530.00	1
7953	品牌H 收納袋 黑色 L	10	1540.00	1
7954	品牌H 收納袋 黑色 XL	10	1550.00	1
7955	品牌H 收納袋 黑色 均一	10	1560.00	1
7956	品牌H 收納袋 白色 S	10	1570.00	1
7957	品牌H 收納袋 白色 M	10	1580.00	1
7958	品牌H 收納袋 白色 L	10	1590.00	1
7959	品牌H 收納袋 白色 XL	10	1600.00	1
7960	品牌H 收納袋 白色 均一	10	1610.00	1
7961	品牌H 收納袋 藍色 S	10	1620.00	1
7962	品牌H 收納袋 藍色 M	10	1630.00	1
7963	品牌H 收納袋 藍色 L	10	1640.00	1
7964	品牌H 收納袋 藍色 XL	10	1650.00	1
7965	品牌H 收納袋 藍色 均一	10	1660.00	1
7966	品牌H 收納袋 紅色 S	10	1670.00	1
7967	品牌H 收納袋 紅色 M	10	1680.00	1
7968	品牌H 收納袋 紅色 L	10	1690.00	1
7969	品牌H 收納袋 紅色 XL	10	1700.00	1
7970	品牌H 收納袋 紅色 均一	10	1710.00	1
7971	品牌H 收納袋 灰色 S	10	1720.00	1
7972	品牌H 收納袋 灰色 M	10	1730.00	1
7973	品牌H 收納袋 灰色 L	10	1740.00	1
7974	品牌H 收納袋 灰色 XL	10	1750.00	1
7975	品牌H 收納袋 灰色 均一	10	1760.00	1
7976	品牌H 收納袋 綠色 S	10	1770.00	1
7977	品牌H 收納袋 綠色 M	10	1780.00	1
7978	品牌H 收納袋 綠色 L	10	1790.00	1
7979	品牌H 收納袋 綠色 XL	10	1800.00	1
7980	品牌H 收納袋 綠色 均一	10	1810.00	1
7981	品牌H 收納袋 米色 S	10	1820.00	1
7982	品牌H 收納袋 米色 M	10	1830.00	1
7983	品牌H 收納袋 米色 L	10	1840.00	1
7984	品牌H 收納袋 米色 XL	10	1850.00	1
7985	品牌H 收納袋 米色 均一	10	1860.00	1
7986	品牌H 收納袋 粉色 S	10	1870.00	1
7987	品牌H 收納袋 粉色 M	10	1880.00	1
7988	品牌H 收納袋 粉色 L	10	1890.00	1
7989	品牌H 收納袋 粉色 XL	10	1900.00	1
7990	品牌H 收納袋 粉色 均一	10	1910.00	1
7991	品牌H 收納袋 黃色 S	10	1920.00	1
7992	品牌H 收納袋 黃色 M	10	1930.00	1
7993	品牌H 收納袋 黃色 L	10	1940.00	1
7994	品牌H 收納袋 黃色 XL	10	1950.00	1
7995	品牌H 收納袋 黃色 均一	10	1960.00	1
7996	品牌H 收納袋 紫色 S	10	1970.00	1
7997	品牌H 收納袋 紫色 M	10	1980.00	1
7998	品牌H 收納袋 紫色 L	10	1990.00	1
7999	品牌H 收納袋 紫色 XL	10	2000.00	1
8000	品牌H 收納袋 紫色 均一	10	10.00	0
8001	品牌I T恤 黑色 S	1	20.00	1
8002	品牌I T恤 黑色 M	1	30.00	1
8003	品牌I T恤 黑色 L	1	40.00	1
8004	品牌I T恤 黑色 XL	1	50.00	1
8005	品牌I T恤 黑色 均一	1	60.00	1
8006	品牌I T恤 白色 S	1	70.00	1
8007	品牌I T恤 白色 M	1	80.00	1
8008	品牌I T恤 白色 L	1	90.00	1
8009	品牌I T恤 白色 XL	1	100.00	1
8010	品牌I T恤 白色 均一	1	110.00	1
8011	品牌I T恤 藍色 S	1	120.00	1
8012	品牌I T恤 藍色 M	1	130.00	1
8013	品牌I T恤 藍色 L	1	140.00	1
8014	品牌I T恤 藍色 XL	1	150.00	1
8015	品牌I T恤 藍色 均一	1	160.00	1
8016	品牌I T恤 紅色 S	1	170.00	1
8017	品牌I T恤 紅色 M	1	180.00	1
8018	品牌I T恤 紅色 L	1	190.00	1
8019	品牌I T恤 紅色 XL	1	200.00	1
8020	品牌I T恤 紅色 均一	1	210.00	1
8021	品牌I T恤 灰色 S	1	220.00	1
8022	品牌I T恤 灰色 M	1	230.00	1
8023	品牌I T恤 灰色 L	1	240.00	1
8024	品牌I T恤 灰色 XL	1	250.00	1
8025	品牌I T恤 灰色 均一	1	260.00	1
8026	品牌I T恤 綠色 S	1	270.00	1
8027	品牌I T恤 綠色 M	1	280.00	1
8028	品牌I T恤 綠色 L	1	290.00	1
8029	品牌I T恤 綠色 XL	1	300.00	1
8030	品牌I T恤 綠色 均一	1	310.00	1
8031	品牌I T恤 米色 S	1	320.00	1
8032	品牌I T恤 米色 M	1	330.00	1
8033	品牌I T恤 米色 L	1	340.00	1
8034	品牌I T恤 米色 XL	1	350.00	1
8035	品牌I T恤 米色 均一	1	360.00	1
8036	品牌I T恤 粉色 S	1	370.00	1
8037	品牌I T恤 粉色 M	1	380.00	1
8038	品牌I T恤 粉色 L	1	390.00	1
8039	品牌I T恤 粉色 XL	1	400.00	1
8040	品牌I T恤 粉色 均一	1	410.00	1
8041	品牌I T恤 黃色 S	1	420.00	1
8042	品牌I T恤 黃色 M	1	430.00	1
8043	品牌I T恤 黃色 L	1	440.00	1
8044	品牌I T恤 黃色 XL	1	450.00	1
8045	品牌I T恤 黃色 均一	1	460.00	1
8046	品牌I T恤 紫色 S	1	470.00	1
8047	品牌I T恤 紫色 M	1	480.00	1
8048	品牌I T恤 紫色 L	1	490.00	1
8049	品牌I T恤 紫色 XL	1	500.00	1
8050	品牌I T恤 紫色 均一	1	510.00	0
8051	品牌I 外套 黑色 S	1	520.00	1
8052	品牌I 外套 黑色 M	1	530.00	1
8053	品牌I 外套 黑色 L	1	540.00	1
8054	品牌I 外套 黑色 XL	1	550.00	1
8055	品牌I 外套 黑色 均一	1	560.00	1
8056	品牌I 外套 白色 S	1	570.00	1
8057	品牌I 外套 白色 M	1	580.00	1
8058	品牌I 外套 白色 L	1	590.00	1
8059	品牌I 外套 白色 XL	1	600.00	1
8060	品牌I 外套 白色 均一	1	610.00	1
8061	品牌I 外套 藍色 S	1	620.00	1
8062	品牌I 外套 藍色 M	1	630.00	1
8063	品牌I 外套 藍色 L	1	640.00	1
8064	品牌I 外套 藍色 XL	1	650.00	1
8065	品牌I 外套 藍色 均一	1	660.00	1
8066	品牌I 外套 紅色 S	1	670.00	1
8067	品牌I 外套 紅色 M	1	680.00	1
8068	品牌I 外套 紅色 L	1	690.00	1
8069	品牌I 外套 紅色 XL	1	700.00	1
8070	品牌I 外套 紅色 均一	1	710.00	1
8071	品牌I 外套 灰色 S	1	720.00	1
8072	品牌I 外套 灰色 M	1	730.00	1
8073	品牌I 外套 灰色 L	1	740.00	1
8074	品牌I 外套 灰色 XL	1	750.00	1
8075	品牌I 外套 灰色 均一	1	760.00	1
8076	品牌I 外套 綠色 S	1	770.00	1
8077	品牌I 外套 綠色 M	1	780.00	1
8078	品牌I 外套 綠色 L	1	790.00	1
8079	品牌I 外套 綠色 XL	1	800.00	1
8080	品牌I 外套 綠色 均一	1	810.00	1
8081	品牌I 外套 米色 S	1	820.00	1
8082	品牌I 外套 米色 M	1	830.00	1
8083	品牌I 外套 米色 L	1	840.00	1
8084	品牌I 外套 米色 XL	1	850.00	1
8085	品牌I 外套 米色 均一	1	860.00	1
8086	品牌I 外套 粉色 S	1	870.00	1
8087	品牌I 外套 粉色 M	1	880.00	1
8088	品牌I 外套 粉色 L	1	890.00	1
8089	品牌I 外套 粉色 XL	1	900.00	1
8090	品牌I 外套 粉色 均一	1	910.00	1
8091	品牌I 外套 黃色 S	1	920.00	1
8092	品牌I 外套 黃色 M	1	930.00	1
8093	品牌I 外套 黃色 L	1	940.00	1
8094	品牌I 外套 黃色 XL	1	950.00	1
8095	品牌I 外套 黃色 均一	1	960.00	1
8096	品牌I 外套 紫色 S	1	970.00	1
8097	品牌I 外套 紫色 M	1	980.00	1
8098	品牌I 外套 紫色 L	1	990.00	1
8099	品牌I 外套 紫色 XL	1	1000.00	1
8100	品牌I 外套 紫色 均一	1	1010.00	0
8101	品牌I 無線耳機 黑色 S	2	1020.00	1
8102	品牌I 無線耳機 黑色 M	2	1030.00	1
8103	品牌I 無線耳機 黑色 L	2	1040.00	1
8104	品牌I 無線耳機 黑色 XL	2	1050.00	1
8105	品牌I 無線耳機 黑色 均一	2	1060.00	1
8106	品牌I 無線耳機 白色 S	2	1070.00	1
8107	品牌I 無線耳機 白色 M	2	1080.00	1
8108	品牌I 無線耳機 白色 L	2	1090.00	1
8109	品牌I 無線耳機 白色 XL	2	1100.00	1
8110	品牌I 無線耳機 白色 均一	2	1110.00	1
8111	品牌I 無線耳機 藍色 S	2	1120.00	1
8112	品牌I 無線耳機 藍色 M	2	1130.00	1
8113	品牌I 無線耳機 藍色 L	2	1140.00	1
8114	品牌I 無線耳機 藍色 XL	2	1150.00	1
8115	品牌I 無線耳機 藍色 均一	2	1160.00	1
8116	品牌I 無線耳機 紅色 S	2	1170.00	1
8117	品牌I 無線耳機 紅色 M	2	1180.00	1
8118	品牌I 無線耳機 紅色 L	2	1190.00	1
8119	品牌I 無線耳機 紅色 XL	2	1200.00	1
8120	品牌I 無線耳機 紅色 均一	2	1210.00	1
8121	品牌I 無線耳機 灰色 S	2	1220.00	1
8122	品牌I 無線耳機 灰色 M	2	1230.00	1
8123	品牌I 無線耳機 灰色 L	2	1240.00	1
8124	品牌I 無線耳機 灰色 XL	2	1250.00	1
8125	品牌I 無線耳機 灰色 均一	2	1260.00	1
8126	品牌I 無線耳機 綠色 S	2	1270.00	1
8127	品牌I 無線耳機 綠色 M	2	1280.00	1
8128	品牌I 無線耳機 綠色 L	2	1290.00	1
8129	品牌I 無線耳機 綠色 XL	2	1300.00	1
8130	品牌I 無線耳機 綠色 均一	2	1310.00	1
8131	品牌I 無線耳機 米色 S	2	1320.00	1
8132	品牌I 無線耳機 米色 M	2	1330.00	1
8133	品牌I 無線耳機 米色 L	2	1340.00	1
8134	品牌I 無線耳機 米色 XL	2	1350.00	1
8135	品牌I 無線耳機 米色 均一	2	1360.00	1
8136	品牌I 無線耳機 粉色 S	2	1370.00	1
8137	品牌I 無線耳機 粉色 M	2	1380.00	1
8138	品牌I 無線耳機 粉色 L	2	1390.00	1
8139	品牌I 無線耳機 粉色 XL	2	1400.00	1
8140	品牌I 無線耳機 粉色 均一	2	1410.00	1
8141	品牌I 無線耳機 黃色 S	2	1420.00	1
8142	品牌I 無線耳機 黃色 M	2	1430.00	1
8143	品牌I 無線耳機 黃色 L	2	1440.00	1
8144	品牌I 無線耳機 黃色 XL	2	1450.00	1
8145	品牌I 無線耳機 黃色 均一	2	1460.00	1
8146	品牌I 無線耳機 紫色 S	2	1470.00	1
8147	品牌I 無線耳機 紫色 M	2	1480.00	1
8148	品牌I 無線耳機 紫色 L	2	1490.00	1
8149	品牌I 無線耳機 紫色 XL	2	1500.00	1
8150	品牌I 無線耳機 紫色 均一	2	1510.00	0
8151	品牌I 行動電源 黑色 S	2	1520.00	1
8152	品牌I 行動電源 黑色 M	2	1530.00	1
8153	品牌I 行動電源 黑色 L	2	1540.00	1
8154	品牌I 行動電源 黑色 XL	2	1550.00	1
8155	品牌I 行動電源 黑色 均一	2	1560.00	1
8156	品牌I 行動電源 白色 S	2	1570.00	1
8157	品牌I 行動電源 白色 M	2	1580.00	1
8158	品牌I 行動電源 白色 L	2	1590.00	1
8159	品牌I 行動電源 白色 XL	2	1600.00	1
8160	品牌I 行動電源 白色 均一	2	1610.00	1
8161	品牌I 行動電源 藍色 S	2	1620.00	1
8162	品牌I 行動電源 藍色 M	2	1630.00	1
8163	品牌I 行動電源 藍色 L	2	1640.00	1
8164	品牌I 行動電源 藍色 XL	2	1650.00	1
8165	品牌I 行動電源 藍色 均一	2	1660.00	1
8166	品牌I 行動電源 紅色 S	2	1670.00	1
8167	品牌I 行動電源 紅色 M	2	1680.00	1
8168	品牌I 行動電源 紅色 L	2	1690.00	1
8169	品牌I 行動電源 紅色 XL	2	1700.00	1
8170	品牌I 行動電源 紅色 均一	2	1710.00	1
8171	品牌I 行動電源 灰色 S	2	1720.00	1
8172	品牌I 行動電源 灰色 M	2	1730.00	1
8173	品牌I 行動電源 灰色 L	2	1740.00	1
8174	品牌I 行動電源 灰色 XL	2	1750.00	1
8175	品牌I 行動電源 灰色 均一	2	1760.00	1
8176	品牌I 行動電源 綠色 S	2	1770.00	1
8177	品牌I 行動電源 綠色 M	2	1780.00	1
8178	品牌I 行動電源 綠色 L	2	1790.00	1
8179	品牌I 行動電源 綠色 XL	2	1800.00	1
8180	品牌I 行動電源 綠色 均一	2	1810.00	1
8181	品牌I 行動電源 米色 S	2	1820.00	1
8182	品牌I 行動電源 米色 M	2	1830.00	1
8183	品牌I 行動電源 米色 L	2	1840.00	1
8184	品牌I 行動電源 米色 XL	2	1850.00	1
8185	品牌I 行動電源 米色 均一	2	1860.00	1
8186	品牌I 行動電源 粉色 S	2	1870.00	1
8187	品牌I 行動電源 粉色 M	2	1880.00	1
8188	品牌I 行動電源 粉色 L	2	1890.00	1
8189	品牌I 行動電源 粉色 XL	2	1900.00	1
8190	品牌I 行動電源 粉色 均一	2	1910.00	1
8191	品牌I 行動電源 黃色 S	2	1920.00	1
8192	品牌I 行動電源 黃色 M	2	1930.00	1
8193	品牌I 行動電源 黃色 L	2	1940.00	1
8194	品牌I 行動電源 黃色 XL	2	1950.00	1
8195	品牌I 行動電源 黃色 均一	2	1960.00	1
8196	品牌I 行動電源 紫色 S	2	1970.00	1
8197	品牌I 行動電源 紫色 M	2	1980.00	1
8198	品牌I 行動電源 紫色 L	2	1990.00	1
8199	品牌I 行動電源 紫色 XL	2	2000.00	1
8200	品牌I 行動電源 紫色 均一	2	10.00	0
8201	品牌I 馬克杯 黑色 S	3	20.00	1
8202	品牌I 馬克杯 黑色 M	3	30.00	1
8203	品牌I 馬克杯 黑色 L	3	40.00	1
8204	品牌I 馬克杯 黑色 XL	3	50.00	1
8205	品牌I 馬克杯 黑色 均一	3	60.00	1
8206	品牌I 馬克杯 白色 S	3	70.00	1
8207	品牌I 馬克杯 白色 M	3	80.00	1
8208	品牌I 馬克杯 白色 L	3	90.00	1
8209	品牌I 馬克杯 白色 XL	3	100.00	1
8210	品牌I 馬克杯 白色 均一	3	110.00	1
8211	品牌I 馬克杯 藍色 S	3	120.00	1
8212	品牌I 馬克杯 藍色 M	3	130.00	1
8213	品牌I 馬克杯 藍色 L	3	140.00	1
8214	品牌I 馬克杯 藍色 XL	3	150.00	1
8215	品牌I 馬克杯 藍色 均一	3	160.00	1
8216	品牌I 馬克杯 紅色 S	3	170.00	1
8217	品牌I 馬克杯 紅色 M	3	180.00	1
8218	品牌I 馬克杯 紅色 L	3	190.00	1
8219	品牌I 馬克杯 紅色 XL	3	200.00	1
8220	品牌I 馬克杯 紅色 均一	3	210.00	1
8221	品牌I 馬克杯 灰色 S	3	220.00	1
8222	品牌I 馬克杯 灰色 M	3	230.00	1
8223	品牌I 馬克杯 灰色 L	3	240.00	1
8224	品牌I 馬克杯 灰色 XL	3	250.00	1
8225	品牌I 馬克杯 灰色 均一	3	260.00	1
8226	品牌I 馬克杯 綠色 S	3	270.00	1
8227	品牌I 馬克杯 綠色 M	3	280.00	1
8228	品牌I 馬克杯 綠色 L	3	290.00	1
8229	品牌I 馬克杯 綠色 XL	3	300.00	1
8230	品牌I 馬克杯 綠色 均一	3	310.00	1
8231	品牌I 馬克杯 米色 S	3	320.00	1
8232	品牌I 馬克杯 米色 M	3	330.00	1
8233	品牌I 馬克杯 米色 L	3	340.00	1
8234	品牌I 馬克杯 米色 XL	3	350.00	1
8235	品牌I 馬克杯 米色 均一	3	360.00	1
8236	品牌I 馬克杯 粉色 S	3	370.00	1
8237	品牌I 馬克杯 粉色 M	3	380.00	1
8238	品牌I 馬克杯 粉色 L	3	390.00	1
8239	品牌I 馬克杯 粉色 XL	3	400.00	1
8240	品牌I 馬克杯 粉色 均一	3	410.00	1
8241	品牌I 馬克杯 黃色 S	3	420.00	1
8242	品牌I 馬克杯 黃色 M	3	430.00	1
8243	品牌I 馬克杯 黃色 L	3	440.00	1
8244	品牌I 馬克杯 黃色 XL	3	450.00	1
8245	品牌I 馬克杯 黃色 均一	3	460.00	1
8246	品牌I 馬克杯 紫色 S	3	470.00	1
8247	品牌I 馬克杯 紫色 M	3	480.00	1
8248	品牌I 馬克杯 紫色 L	3	490.00	1
8249	品牌I 馬克杯 紫色 XL	3	500.00	1
8250	品牌I 馬克杯 紫色 均一	3	510.00	0
8251	品牌I 收納盒 黑色 S	3	520.00	1
8252	品牌I 收納盒 黑色 M	3	530.00	1
8253	品牌I 收納盒 黑色 L	3	540.00	1
8254	品牌I 收納盒 黑色 XL	3	550.00	1
8255	品牌I 收納盒 黑色 均一	3	560.00	1
8256	品牌I 收納盒 白色 S	3	570.00	1
8257	品牌I 收納盒 白色 M	3	580.00	1
8258	品牌I 收納盒 白色 L	3	590.00	1
8259	品牌I 收納盒 白色 XL	3	600.00	1
8260	品牌I 收納盒 白色 均一	3	610.00	1
8261	品牌I 收納盒 藍色 S	3	620.00	1
8262	品牌I 收納盒 藍色 M	3	630.00	1
8263	品牌I 收納盒 藍色 L	3	640.00	1
8264	品牌I 收納盒 藍色 XL	3	650.00	1
8265	品牌I 收納盒 藍色 均一	3	660.00	1
8266	品牌I 收納盒 紅色 S	3	670.00	1
8267	品牌I 收納盒 紅色 M	3	680.00	1
8268	品牌I 收納盒 紅色 L	3	690.00	1
8269	品牌I 收納盒 紅色 XL	3	700.00	1
8270	品牌I 收納盒 紅色 均一	3	710.00	1
8271	品牌I 收納盒 灰色 S	3	720.00	1
8272	品牌I 收納盒 灰色 M	3	730.00	1
8273	品牌I 收納盒 灰色 L	3	740.00	1
8274	品牌I 收納盒 灰色 XL	3	750.00	1
8275	品牌I 收納盒 灰色 均一	3	760.00	1
8276	品牌I 收納盒 綠色 S	3	770.00	1
8277	品牌I 收納盒 綠色 M	3	780.00	1
8278	品牌I 收納盒 綠色 L	3	790.00	1
8279	品牌I 收納盒 綠色 XL	3	800.00	1
8280	品牌I 收納盒 綠色 均一	3	810.00	1
8281	品牌I 收納盒 米色 S	3	820.00	1
8282	品牌I 收納盒 米色 M	3	830.00	1
8283	品牌I 收納盒 米色 L	3	840.00	1
8284	品牌I 收納盒 米色 XL	3	850.00	1
8285	品牌I 收納盒 米色 均一	3	860.00	1
8286	品牌I 收納盒 粉色 S	3	870.00	1
8287	品牌I 收納盒 粉色 M	3	880.00	1
8288	品牌I 收納盒 粉色 L	3	890.00	1
8289	品牌I 收納盒 粉色 XL	3	900.00	1
8290	品牌I 收納盒 粉色 均一	3	910.00	1
8291	品牌I 收納盒 黃色 S	3	920.00	1
8292	品牌I 收納盒 黃色 M	3	930.00	1
8293	品牌I 收納盒 黃色 L	3	940.00	1
8294	品牌I 收納盒 黃色 XL	3	950.00	1
8295	品牌I 收納盒 黃色 均一	3	960.00	1
8296	品牌I 收納盒 紫色 S	3	970.00	1
8297	品牌I 收納盒 紫色 M	3	980.00	1
8298	品牌I 收納盒 紫色 L	3	990.00	1
8299	品牌I 收納盒 紫色 XL	3	1000.00	1
8300	品牌I 收納盒 紫色 均一	3	1010.00	0
8301	品牌I 咖啡豆 黑色 S	4	1020.00	1
8302	品牌I 咖啡豆 黑色 M	4	1030.00	1
8303	品牌I 咖啡豆 黑色 L	4	1040.00	1
8304	品牌I 咖啡豆 黑色 XL	4	1050.00	1
8305	品牌I 咖啡豆 黑色 均一	4	1060.00	1
8306	品牌I 咖啡豆 白色 S	4	1070.00	1
8307	品牌I 咖啡豆 白色 M	4	1080.00	1
8308	品牌I 咖啡豆 白色 L	4	1090.00	1
8309	品牌I 咖啡豆 白色 XL	4	1100.00	1
8310	品牌I 咖啡豆 白色 均一	4	1110.00	1
8311	品牌I 咖啡豆 藍色 S	4	1120.00	1
8312	品牌I 咖啡豆 藍色 M	4	1130.00	1
8313	品牌I 咖啡豆 藍色 L	4	1140.00	1
8314	品牌I 咖啡豆 藍色 XL	4	1150.00	1
8315	品牌I 咖啡豆 藍色 均一	4	1160.00	1
8316	品牌I 咖啡豆 紅色 S	4	1170.00	1
8317	品牌I 咖啡豆 紅色 M	4	1180.00	1
8318	品牌I 咖啡豆 紅色 L	4	1190.00	1
8319	品牌I 咖啡豆 紅色 XL	4	1200.00	1
8320	品牌I 咖啡豆 紅色 均一	4	1210.00	1
8321	品牌I 咖啡豆 灰色 S	4	1220.00	1
8322	品牌I 咖啡豆 灰色 M	4	1230.00	1
8323	品牌I 咖啡豆 灰色 L	4	1240.00	1
8324	品牌I 咖啡豆 灰色 XL	4	1250.00	1
8325	品牌I 咖啡豆 灰色 均一	4	1260.00	1
8326	品牌I 咖啡豆 綠色 S	4	1270.00	1
8327	品牌I 咖啡豆 綠色 M	4	1280.00	1
8328	品牌I 咖啡豆 綠色 L	4	1290.00	1
8329	品牌I 咖啡豆 綠色 XL	4	1300.00	1
8330	品牌I 咖啡豆 綠色 均一	4	1310.00	1
8331	品牌I 咖啡豆 米色 S	4	1320.00	1
8332	品牌I 咖啡豆 米色 M	4	1330.00	1
8333	品牌I 咖啡豆 米色 L	4	1340.00	1
8334	品牌I 咖啡豆 米色 XL	4	1350.00	1
8335	品牌I 咖啡豆 米色 均一	4	1360.00	1
8336	品牌I 咖啡豆 粉色 S	4	1370.00	1
8337	品牌I 咖啡豆 粉色 M	4	1380.00	1
8338	品牌I 咖啡豆 粉色 L	4	1390.00	1
8339	品牌I 咖啡豆 粉色 XL	4	1400.00	1
8340	品牌I 咖啡豆 粉色 均一	4	1410.00	1
8341	品牌I 咖啡豆 黃色 S	4	1420.00	1
8342	品牌I 咖啡豆 黃色 M	4	1430.00	1
8343	品牌I 咖啡豆 黃色 L	4	1440.00	1
8344	品牌I 咖啡豆 黃色 XL	4	1450.00	1
8345	品牌I 咖啡豆 黃色 均一	4	1460.00	1
8346	品牌I 咖啡豆 紫色 S	4	1470.00	1
8347	品牌I 咖啡豆 紫色 M	4	1480.00	1
8348	品牌I 咖啡豆 紫色 L	4	1490.00	1
8349	品牌I 咖啡豆 紫色 XL	4	1500.00	1
8350	品牌I 咖啡豆 紫色 均一	4	1510.00	0
8351	品牌I 餅乾 黑色 S	4	1520.00	1
8352	品牌I 餅乾 黑色 M	4	1530.00	1
8353	品牌I 餅乾 黑色 L	4	1540.00	1
8354	品牌I 餅乾 黑色 XL	4	1550.00	1
8355	品牌I 餅乾 黑色 均一	4	1560.00	1
8356	品牌I 餅乾 白色 S	4	1570.00	1
8357	品牌I 餅乾 白色 M	4	1580.00	1
8358	品牌I 餅乾 白色 L	4	1590.00	1
8359	品牌I 餅乾 白色 XL	4	1600.00	1
8360	品牌I 餅乾 白色 均一	4	1610.00	1
8361	品牌I 餅乾 藍色 S	4	1620.00	1
8362	品牌I 餅乾 藍色 M	4	1630.00	1
8363	品牌I 餅乾 藍色 L	4	1640.00	1
8364	品牌I 餅乾 藍色 XL	4	1650.00	1
8365	品牌I 餅乾 藍色 均一	4	1660.00	1
8366	品牌I 餅乾 紅色 S	4	1670.00	1
8367	品牌I 餅乾 紅色 M	4	1680.00	1
8368	品牌I 餅乾 紅色 L	4	1690.00	1
8369	品牌I 餅乾 紅色 XL	4	1700.00	1
8370	品牌I 餅乾 紅色 均一	4	1710.00	1
8371	品牌I 餅乾 灰色 S	4	1720.00	1
8372	品牌I 餅乾 灰色 M	4	1730.00	1
8373	品牌I 餅乾 灰色 L	4	1740.00	1
8374	品牌I 餅乾 灰色 XL	4	1750.00	1
8375	品牌I 餅乾 灰色 均一	4	1760.00	1
8376	品牌I 餅乾 綠色 S	4	1770.00	1
8377	品牌I 餅乾 綠色 M	4	1780.00	1
8378	品牌I 餅乾 綠色 L	4	1790.00	1
8379	品牌I 餅乾 綠色 XL	4	1800.00	1
8380	品牌I 餅乾 綠色 均一	4	1810.00	1
8381	品牌I 餅乾 米色 S	4	1820.00	1
8382	品牌I 餅乾 米色 M	4	1830.00	1
8383	品牌I 餅乾 米色 L	4	1840.00	1
8384	品牌I 餅乾 米色 XL	4	1850.00	1
8385	品牌I 餅乾 米色 均一	4	1860.00	1
8386	品牌I 餅乾 粉色 S	4	1870.00	1
8387	品牌I 餅乾 粉色 M	4	1880.00	1
8388	品牌I 餅乾 粉色 L	4	1890.00	1
8389	品牌I 餅乾 粉色 XL	4	1900.00	1
8390	品牌I 餅乾 粉色 均一	4	1910.00	1
8391	品牌I 餅乾 黃色 S	4	1920.00	1
8392	品牌I 餅乾 黃色 M	4	1930.00	1
8393	品牌I 餅乾 黃色 L	4	1940.00	1
8394	品牌I 餅乾 黃色 XL	4	1950.00	1
8395	品牌I 餅乾 黃色 均一	4	1960.00	1
8396	品牌I 餅乾 紫色 S	4	1970.00	1
8397	品牌I 餅乾 紫色 M	4	1980.00	1
8398	品牌I 餅乾 紫色 L	4	1990.00	1
8399	品牌I 餅乾 紫色 XL	4	2000.00	1
8400	品牌I 餅乾 紫色 均一	4	10.00	0
8401	品牌I 洗面乳 黑色 S	5	20.00	1
8402	品牌I 洗面乳 黑色 M	5	30.00	1
8403	品牌I 洗面乳 黑色 L	5	40.00	1
8404	品牌I 洗面乳 黑色 XL	5	50.00	1
8405	品牌I 洗面乳 黑色 均一	5	60.00	1
8406	品牌I 洗面乳 白色 S	5	70.00	1
8407	品牌I 洗面乳 白色 M	5	80.00	1
8408	品牌I 洗面乳 白色 L	5	90.00	1
8409	品牌I 洗面乳 白色 XL	5	100.00	1
8410	品牌I 洗面乳 白色 均一	5	110.00	1
8411	品牌I 洗面乳 藍色 S	5	120.00	1
8412	品牌I 洗面乳 藍色 M	5	130.00	1
8413	品牌I 洗面乳 藍色 L	5	140.00	1
8414	品牌I 洗面乳 藍色 XL	5	150.00	1
8415	品牌I 洗面乳 藍色 均一	5	160.00	1
8416	品牌I 洗面乳 紅色 S	5	170.00	1
8417	品牌I 洗面乳 紅色 M	5	180.00	1
8418	品牌I 洗面乳 紅色 L	5	190.00	1
8419	品牌I 洗面乳 紅色 XL	5	200.00	1
8420	品牌I 洗面乳 紅色 均一	5	210.00	1
8421	品牌I 洗面乳 灰色 S	5	220.00	1
8422	品牌I 洗面乳 灰色 M	5	230.00	1
8423	品牌I 洗面乳 灰色 L	5	240.00	1
8424	品牌I 洗面乳 灰色 XL	5	250.00	1
8425	品牌I 洗面乳 灰色 均一	5	260.00	1
8426	品牌I 洗面乳 綠色 S	5	270.00	1
8427	品牌I 洗面乳 綠色 M	5	280.00	1
8428	品牌I 洗面乳 綠色 L	5	290.00	1
8429	品牌I 洗面乳 綠色 XL	5	300.00	1
8430	品牌I 洗面乳 綠色 均一	5	310.00	1
8431	品牌I 洗面乳 米色 S	5	320.00	1
8432	品牌I 洗面乳 米色 M	5	330.00	1
8433	品牌I 洗面乳 米色 L	5	340.00	1
8434	品牌I 洗面乳 米色 XL	5	350.00	1
8435	品牌I 洗面乳 米色 均一	5	360.00	1
8436	品牌I 洗面乳 粉色 S	5	370.00	1
8437	品牌I 洗面乳 粉色 M	5	380.00	1
8438	品牌I 洗面乳 粉色 L	5	390.00	1
8439	品牌I 洗面乳 粉色 XL	5	400.00	1
8440	品牌I 洗面乳 粉色 均一	5	410.00	1
8441	品牌I 洗面乳 黃色 S	5	420.00	1
8442	品牌I 洗面乳 黃色 M	5	430.00	1
8443	品牌I 洗面乳 黃色 L	5	440.00	1
8444	品牌I 洗面乳 黃色 XL	5	450.00	1
8445	品牌I 洗面乳 黃色 均一	5	460.00	1
8446	品牌I 洗面乳 紫色 S	5	470.00	1
8447	品牌I 洗面乳 紫色 M	5	480.00	1
8448	品牌I 洗面乳 紫色 L	5	490.00	1
8449	品牌I 洗面乳 紫色 XL	5	500.00	1
8450	品牌I 洗面乳 紫色 均一	5	510.00	0
8451	品牌I 面膜 黑色 S	5	520.00	1
8452	品牌I 面膜 黑色 M	5	530.00	1
8453	品牌I 面膜 黑色 L	5	540.00	1
8454	品牌I 面膜 黑色 XL	5	550.00	1
8455	品牌I 面膜 黑色 均一	5	560.00	1
8456	品牌I 面膜 白色 S	5	570.00	1
8457	品牌I 面膜 白色 M	5	580.00	1
8458	品牌I 面膜 白色 L	5	590.00	1
8459	品牌I 面膜 白色 XL	5	600.00	1
8460	品牌I 面膜 白色 均一	5	610.00	1
8461	品牌I 面膜 藍色 S	5	620.00	1
8462	品牌I 面膜 藍色 M	5	630.00	1
8463	品牌I 面膜 藍色 L	5	640.00	1
8464	品牌I 面膜 藍色 XL	5	650.00	1
8465	品牌I 面膜 藍色 均一	5	660.00	1
8466	品牌I 面膜 紅色 S	5	670.00	1
8467	品牌I 面膜 紅色 M	5	680.00	1
8468	品牌I 面膜 紅色 L	5	690.00	1
8469	品牌I 面膜 紅色 XL	5	700.00	1
8470	品牌I 面膜 紅色 均一	5	710.00	1
8471	品牌I 面膜 灰色 S	5	720.00	1
8472	品牌I 面膜 灰色 M	5	730.00	1
8473	品牌I 面膜 灰色 L	5	740.00	1
8474	品牌I 面膜 灰色 XL	5	750.00	1
8475	品牌I 面膜 灰色 均一	5	760.00	1
8476	品牌I 面膜 綠色 S	5	770.00	1
8477	品牌I 面膜 綠色 M	5	780.00	1
8478	品牌I 面膜 綠色 L	5	790.00	1
8479	品牌I 面膜 綠色 XL	5	800.00	1
8480	品牌I 面膜 綠色 均一	5	810.00	1
8481	品牌I 面膜 米色 S	5	820.00	1
8482	品牌I 面膜 米色 M	5	830.00	1
8483	品牌I 面膜 米色 L	5	840.00	1
8484	品牌I 面膜 米色 XL	5	850.00	1
8485	品牌I 面膜 米色 均一	5	860.00	1
8486	品牌I 面膜 粉色 S	5	870.00	1
8487	品牌I 面膜 粉色 M	5	880.00	1
8488	品牌I 面膜 粉色 L	5	890.00	1
8489	品牌I 面膜 粉色 XL	5	900.00	1
8490	品牌I 面膜 粉色 均一	5	910.00	1
8491	品牌I 面膜 黃色 S	5	920.00	1
8492	品牌I 面膜 黃色 M	5	930.00	1
8493	品牌I 面膜 黃色 L	5	940.00	1
8494	品牌I 面膜 黃色 XL	5	950.00	1
8495	品牌I 面膜 黃色 均一	5	960.00	1
8496	品牌I 面膜 紫色 S	5	970.00	1
8497	品牌I 面膜 紫色 M	5	980.00	1
8498	品牌I 面膜 紫色 L	5	990.00	1
8499	品牌I 面膜 紫色 XL	5	1000.00	1
8500	品牌I 面膜 紫色 均一	5	1010.00	0
8501	品牌I 瑜珈墊 黑色 S	6	1020.00	1
8502	品牌I 瑜珈墊 黑色 M	6	1030.00	1
8503	品牌I 瑜珈墊 黑色 L	6	1040.00	1
8504	品牌I 瑜珈墊 黑色 XL	6	1050.00	1
8505	品牌I 瑜珈墊 黑色 均一	6	1060.00	1
8506	品牌I 瑜珈墊 白色 S	6	1070.00	1
8507	品牌I 瑜珈墊 白色 M	6	1080.00	1
8508	品牌I 瑜珈墊 白色 L	6	1090.00	1
8509	品牌I 瑜珈墊 白色 XL	6	1100.00	1
8510	品牌I 瑜珈墊 白色 均一	6	1110.00	1
8511	品牌I 瑜珈墊 藍色 S	6	1120.00	1
8512	品牌I 瑜珈墊 藍色 M	6	1130.00	1
8513	品牌I 瑜珈墊 藍色 L	6	1140.00	1
8514	品牌I 瑜珈墊 藍色 XL	6	1150.00	1
8515	品牌I 瑜珈墊 藍色 均一	6	1160.00	1
8516	品牌I 瑜珈墊 紅色 S	6	1170.00	1
8517	品牌I 瑜珈墊 紅色 M	6	1180.00	1
8518	品牌I 瑜珈墊 紅色 L	6	1190.00	1
8519	品牌I 瑜珈墊 紅色 XL	6	1200.00	1
8520	品牌I 瑜珈墊 紅色 均一	6	1210.00	1
8521	品牌I 瑜珈墊 灰色 S	6	1220.00	1
8522	品牌I 瑜珈墊 灰色 M	6	1230.00	1
8523	品牌I 瑜珈墊 灰色 L	6	1240.00	1
8524	品牌I 瑜珈墊 灰色 XL	6	1250.00	1
8525	品牌I 瑜珈墊 灰色 均一	6	1260.00	1
8526	品牌I 瑜珈墊 綠色 S	6	1270.00	1
8527	品牌I 瑜珈墊 綠色 M	6	1280.00	1
8528	品牌I 瑜珈墊 綠色 L	6	1290.00	1
8529	品牌I 瑜珈墊 綠色 XL	6	1300.00	1
8530	品牌I 瑜珈墊 綠色 均一	6	1310.00	1
8531	品牌I 瑜珈墊 米色 S	6	1320.00	1
8532	品牌I 瑜珈墊 米色 M	6	1330.00	1
8533	品牌I 瑜珈墊 米色 L	6	1340.00	1
8534	品牌I 瑜珈墊 米色 XL	6	1350.00	1
8535	品牌I 瑜珈墊 米色 均一	6	1360.00	1
8536	品牌I 瑜珈墊 粉色 S	6	1370.00	1
8537	品牌I 瑜珈墊 粉色 M	6	1380.00	1
8538	品牌I 瑜珈墊 粉色 L	6	1390.00	1
8539	品牌I 瑜珈墊 粉色 XL	6	1400.00	1
8540	品牌I 瑜珈墊 粉色 均一	6	1410.00	1
8541	品牌I 瑜珈墊 黃色 S	6	1420.00	1
8542	品牌I 瑜珈墊 黃色 M	6	1430.00	1
8543	品牌I 瑜珈墊 黃色 L	6	1440.00	1
8544	品牌I 瑜珈墊 黃色 XL	6	1450.00	1
8545	品牌I 瑜珈墊 黃色 均一	6	1460.00	1
8546	品牌I 瑜珈墊 紫色 S	6	1470.00	1
8547	品牌I 瑜珈墊 紫色 M	6	1480.00	1
8548	品牌I 瑜珈墊 紫色 L	6	1490.00	1
8549	品牌I 瑜珈墊 紫色 XL	6	1500.00	1
8550	品牌I 瑜珈墊 紫色 均一	6	1510.00	0
8551	品牌I 啞鈴 黑色 S	6	1520.00	1
8552	品牌I 啞鈴 黑色 M	6	1530.00	1
8553	品牌I 啞鈴 黑色 L	6	1540.00	1
8554	品牌I 啞鈴 黑色 XL	6	1550.00	1
8555	品牌I 啞鈴 黑色 均一	6	1560.00	1
8556	品牌I 啞鈴 白色 S	6	1570.00	1
8557	品牌I 啞鈴 白色 M	6	1580.00	1
8558	品牌I 啞鈴 白色 L	6	1590.00	1
8559	品牌I 啞鈴 白色 XL	6	1600.00	1
8560	品牌I 啞鈴 白色 均一	6	1610.00	1
8561	品牌I 啞鈴 藍色 S	6	1620.00	1
8562	品牌I 啞鈴 藍色 M	6	1630.00	1
8563	品牌I 啞鈴 藍色 L	6	1640.00	1
8564	品牌I 啞鈴 藍色 XL	6	1650.00	1
8565	品牌I 啞鈴 藍色 均一	6	1660.00	1
8566	品牌I 啞鈴 紅色 S	6	1670.00	1
8567	品牌I 啞鈴 紅色 M	6	1680.00	1
8568	品牌I 啞鈴 紅色 L	6	1690.00	1
8569	品牌I 啞鈴 紅色 XL	6	1700.00	1
8570	品牌I 啞鈴 紅色 均一	6	1710.00	1
8571	品牌I 啞鈴 灰色 S	6	1720.00	1
8572	品牌I 啞鈴 灰色 M	6	1730.00	1
8573	品牌I 啞鈴 灰色 L	6	1740.00	1
8574	品牌I 啞鈴 灰色 XL	6	1750.00	1
8575	品牌I 啞鈴 灰色 均一	6	1760.00	1
8576	品牌I 啞鈴 綠色 S	6	1770.00	1
8577	品牌I 啞鈴 綠色 M	6	1780.00	1
8578	品牌I 啞鈴 綠色 L	6	1790.00	1
8579	品牌I 啞鈴 綠色 XL	6	1800.00	1
8580	品牌I 啞鈴 綠色 均一	6	1810.00	1
8581	品牌I 啞鈴 米色 S	6	1820.00	1
8582	品牌I 啞鈴 米色 M	6	1830.00	1
8583	品牌I 啞鈴 米色 L	6	1840.00	1
8584	品牌I 啞鈴 米色 XL	6	1850.00	1
8585	品牌I 啞鈴 米色 均一	6	1860.00	1
8586	品牌I 啞鈴 粉色 S	6	1870.00	1
8587	品牌I 啞鈴 粉色 M	6	1880.00	1
8588	品牌I 啞鈴 粉色 L	6	1890.00	1
8589	品牌I 啞鈴 粉色 XL	6	1900.00	1
8590	品牌I 啞鈴 粉色 均一	6	1910.00	1
8591	品牌I 啞鈴 黃色 S	6	1920.00	1
8592	品牌I 啞鈴 黃色 M	6	1930.00	1
8593	品牌I 啞鈴 黃色 L	6	1940.00	1
8594	品牌I 啞鈴 黃色 XL	6	1950.00	1
8595	品牌I 啞鈴 黃色 均一	6	1960.00	1
8596	品牌I 啞鈴 紫色 S	6	1970.00	1
8597	品牌I 啞鈴 紫色 M	6	1980.00	1
8598	品牌I 啞鈴 紫色 L	6	1990.00	1
8599	品牌I 啞鈴 紫色 XL	6	2000.00	1
8600	品牌I 啞鈴 紫色 均一	6	10.00	0
8601	品牌I 筆記本 黑色 S	7	20.00	1
8602	品牌I 筆記本 黑色 M	7	30.00	1
8603	品牌I 筆記本 黑色 L	7	40.00	1
8604	品牌I 筆記本 黑色 XL	7	50.00	1
8605	品牌I 筆記本 黑色 均一	7	60.00	1
8606	品牌I 筆記本 白色 S	7	70.00	1
8607	品牌I 筆記本 白色 M	7	80.00	1
8608	品牌I 筆記本 白色 L	7	90.00	1
8609	品牌I 筆記本 白色 XL	7	100.00	1
8610	品牌I 筆記本 白色 均一	7	110.00	1
8611	品牌I 筆記本 藍色 S	7	120.00	1
8612	品牌I 筆記本 藍色 M	7	130.00	1
8613	品牌I 筆記本 藍色 L	7	140.00	1
8614	品牌I 筆記本 藍色 XL	7	150.00	1
8615	品牌I 筆記本 藍色 均一	7	160.00	1
8616	品牌I 筆記本 紅色 S	7	170.00	1
8617	品牌I 筆記本 紅色 M	7	180.00	1
8618	品牌I 筆記本 紅色 L	7	190.00	1
8619	品牌I 筆記本 紅色 XL	7	200.00	1
8620	品牌I 筆記本 紅色 均一	7	210.00	1
8621	品牌I 筆記本 灰色 S	7	220.00	1
8622	品牌I 筆記本 灰色 M	7	230.00	1
8623	品牌I 筆記本 灰色 L	7	240.00	1
8624	品牌I 筆記本 灰色 XL	7	250.00	1
8625	品牌I 筆記本 灰色 均一	7	260.00	1
8626	品牌I 筆記本 綠色 S	7	270.00	1
8627	品牌I 筆記本 綠色 M	7	280.00	1
8628	品牌I 筆記本 綠色 L	7	290.00	1
8629	品牌I 筆記本 綠色 XL	7	300.00	1
8630	品牌I 筆記本 綠色 均一	7	310.00	1
8631	品牌I 筆記本 米色 S	7	320.00	1
8632	品牌I 筆記本 米色 M	7	330.00	1
8633	品牌I 筆記本 米色 L	7	340.00	1
8634	品牌I 筆記本 米色 XL	7	350.00	1
8635	品牌I 筆記本 米色 均一	7	360.00	1
8636	品牌I 筆記本 粉色 S	7	370.00	1
8637	品牌I 筆記本 粉色 M	7	380.00	1
8638	品牌I 筆記本 粉色 L	7	390.00	1
8639	品牌I 筆記本 粉色 XL	7	400.00	1
8640	品牌I 筆記本 粉色 均一	7	410.00	1
8641	品牌I 筆記本 黃色 S	7	420.00	1
8642	品牌I 筆記本 黃色 M	7	430.00	1
8643	品牌I 筆記本 黃色 L	7	440.00	1
8644	品牌I 筆記本 黃色 XL	7	450.00	1
8645	品牌I 筆記本 黃色 均一	7	460.00	1
8646	品牌I 筆記本 紫色 S	7	470.00	1
8647	品牌I 筆記本 紫色 M	7	480.00	1
8648	品牌I 筆記本 紫色 L	7	490.00	1
8649	品牌I 筆記本 紫色 XL	7	500.00	1
8650	品牌I 筆記本 紫色 均一	7	510.00	0
8651	品牌I 原子筆 黑色 S	7	520.00	1
8652	品牌I 原子筆 黑色 M	7	530.00	1
8653	品牌I 原子筆 黑色 L	7	540.00	1
8654	品牌I 原子筆 黑色 XL	7	550.00	1
8655	品牌I 原子筆 黑色 均一	7	560.00	1
8656	品牌I 原子筆 白色 S	7	570.00	1
8657	品牌I 原子筆 白色 M	7	580.00	1
8658	品牌I 原子筆 白色 L	7	590.00	1
8659	品牌I 原子筆 白色 XL	7	600.00	1
8660	品牌I 原子筆 白色 均一	7	610.00	1
8661	品牌I 原子筆 藍色 S	7	620.00	1
8662	品牌I 原子筆 藍色 M	7	630.00	1
8663	品牌I 原子筆 藍色 L	7	640.00	1
8664	品牌I 原子筆 藍色 XL	7	650.00	1
8665	品牌I 原子筆 藍色 均一	7	660.00	1
8666	品牌I 原子筆 紅色 S	7	670.00	1
8667	品牌I 原子筆 紅色 M	7	680.00	1
8668	品牌I 原子筆 紅色 L	7	690.00	1
8669	品牌I 原子筆 紅色 XL	7	700.00	1
8670	品牌I 原子筆 紅色 均一	7	710.00	1
8671	品牌I 原子筆 灰色 S	7	720.00	1
8672	品牌I 原子筆 灰色 M	7	730.00	1
8673	品牌I 原子筆 灰色 L	7	740.00	1
8674	品牌I 原子筆 灰色 XL	7	750.00	1
8675	品牌I 原子筆 灰色 均一	7	760.00	1
8676	品牌I 原子筆 綠色 S	7	770.00	1
8677	品牌I 原子筆 綠色 M	7	780.00	1
8678	品牌I 原子筆 綠色 L	7	790.00	1
8679	品牌I 原子筆 綠色 XL	7	800.00	1
8680	品牌I 原子筆 綠色 均一	7	810.00	1
8681	品牌I 原子筆 米色 S	7	820.00	1
8682	品牌I 原子筆 米色 M	7	830.00	1
8683	品牌I 原子筆 米色 L	7	840.00	1
8684	品牌I 原子筆 米色 XL	7	850.00	1
8685	品牌I 原子筆 米色 均一	7	860.00	1
8686	品牌I 原子筆 粉色 S	7	870.00	1
8687	品牌I 原子筆 粉色 M	7	880.00	1
8688	品牌I 原子筆 粉色 L	7	890.00	1
8689	品牌I 原子筆 粉色 XL	7	900.00	1
8690	品牌I 原子筆 粉色 均一	7	910.00	1
8691	品牌I 原子筆 黃色 S	7	920.00	1
8692	品牌I 原子筆 黃色 M	7	930.00	1
8693	品牌I 原子筆 黃色 L	7	940.00	1
8694	品牌I 原子筆 黃色 XL	7	950.00	1
8695	品牌I 原子筆 黃色 均一	7	960.00	1
8696	品牌I 原子筆 紫色 S	7	970.00	1
8697	品牌I 原子筆 紫色 M	7	980.00	1
8698	品牌I 原子筆 紫色 L	7	990.00	1
8699	品牌I 原子筆 紫色 XL	7	1000.00	1
8700	品牌I 原子筆 紫色 均一	7	1010.00	0
8701	品牌I 貓砂 黑色 S	8	1020.00	1
8702	品牌I 貓砂 黑色 M	8	1030.00	1
8703	品牌I 貓砂 黑色 L	8	1040.00	1
8704	品牌I 貓砂 黑色 XL	8	1050.00	1
8705	品牌I 貓砂 黑色 均一	8	1060.00	1
8706	品牌I 貓砂 白色 S	8	1070.00	1
8707	品牌I 貓砂 白色 M	8	1080.00	1
8708	品牌I 貓砂 白色 L	8	1090.00	1
8709	品牌I 貓砂 白色 XL	8	1100.00	1
8710	品牌I 貓砂 白色 均一	8	1110.00	1
8711	品牌I 貓砂 藍色 S	8	1120.00	1
8712	品牌I 貓砂 藍色 M	8	1130.00	1
8713	品牌I 貓砂 藍色 L	8	1140.00	1
8714	品牌I 貓砂 藍色 XL	8	1150.00	1
8715	品牌I 貓砂 藍色 均一	8	1160.00	1
8716	品牌I 貓砂 紅色 S	8	1170.00	1
8717	品牌I 貓砂 紅色 M	8	1180.00	1
8718	品牌I 貓砂 紅色 L	8	1190.00	1
8719	品牌I 貓砂 紅色 XL	8	1200.00	1
8720	品牌I 貓砂 紅色 均一	8	1210.00	1
8721	品牌I 貓砂 灰色 S	8	1220.00	1
8722	品牌I 貓砂 灰色 M	8	1230.00	1
8723	品牌I 貓砂 灰色 L	8	1240.00	1
8724	品牌I 貓砂 灰色 XL	8	1250.00	1
8725	品牌I 貓砂 灰色 均一	8	1260.00	1
8726	品牌I 貓砂 綠色 S	8	1270.00	1
8727	品牌I 貓砂 綠色 M	8	1280.00	1
8728	品牌I 貓砂 綠色 L	8	1290.00	1
8729	品牌I 貓砂 綠色 XL	8	1300.00	1
8730	品牌I 貓砂 綠色 均一	8	1310.00	1
8731	品牌I 貓砂 米色 S	8	1320.00	1
8732	品牌I 貓砂 米色 M	8	1330.00	1
8733	品牌I 貓砂 米色 L	8	1340.00	1
8734	品牌I 貓砂 米色 XL	8	1350.00	1
8735	品牌I 貓砂 米色 均一	8	1360.00	1
8736	品牌I 貓砂 粉色 S	8	1370.00	1
8737	品牌I 貓砂 粉色 M	8	1380.00	1
8738	品牌I 貓砂 粉色 L	8	1390.00	1
8739	品牌I 貓砂 粉色 XL	8	1400.00	1
8740	品牌I 貓砂 粉色 均一	8	1410.00	1
8741	品牌I 貓砂 黃色 S	8	1420.00	1
8742	品牌I 貓砂 黃色 M	8	1430.00	1
8743	品牌I 貓砂 黃色 L	8	1440.00	1
8744	品牌I 貓砂 黃色 XL	8	1450.00	1
8745	品牌I 貓砂 黃色 均一	8	1460.00	1
8746	品牌I 貓砂 紫色 S	8	1470.00	1
8747	品牌I 貓砂 紫色 M	8	1480.00	1
8748	品牌I 貓砂 紫色 L	8	1490.00	1
8749	品牌I 貓砂 紫色 XL	8	1500.00	1
8750	品牌I 貓砂 紫色 均一	8	1510.00	0
8751	品牌I 狗零食 黑色 S	8	1520.00	1
8752	品牌I 狗零食 黑色 M	8	1530.00	1
8753	品牌I 狗零食 黑色 L	8	1540.00	1
8754	品牌I 狗零食 黑色 XL	8	1550.00	1
8755	品牌I 狗零食 黑色 均一	8	1560.00	1
8756	品牌I 狗零食 白色 S	8	1570.00	1
8757	品牌I 狗零食 白色 M	8	1580.00	1
8758	品牌I 狗零食 白色 L	8	1590.00	1
8759	品牌I 狗零食 白色 XL	8	1600.00	1
8760	品牌I 狗零食 白色 均一	8	1610.00	1
8761	品牌I 狗零食 藍色 S	8	1620.00	1
8762	品牌I 狗零食 藍色 M	8	1630.00	1
8763	品牌I 狗零食 藍色 L	8	1640.00	1
8764	品牌I 狗零食 藍色 XL	8	1650.00	1
8765	品牌I 狗零食 藍色 均一	8	1660.00	1
8766	品牌I 狗零食 紅色 S	8	1670.00	1
8767	品牌I 狗零食 紅色 M	8	1680.00	1
8768	品牌I 狗零食 紅色 L	8	1690.00	1
8769	品牌I 狗零食 紅色 XL	8	1700.00	1
8770	品牌I 狗零食 紅色 均一	8	1710.00	1
8771	品牌I 狗零食 灰色 S	8	1720.00	1
8772	品牌I 狗零食 灰色 M	8	1730.00	1
8773	品牌I 狗零食 灰色 L	8	1740.00	1
8774	品牌I 狗零食 灰色 XL	8	1750.00	1
8775	品牌I 狗零食 灰色 均一	8	1760.00	1
8776	品牌I 狗零食 綠色 S	8	1770.00	1
8777	品牌I 狗零食 綠色 M	8	1780.00	1
8778	品牌I 狗零食 綠色 L	8	1790.00	1
8779	品牌I 狗零食 綠色 XL	8	1800.00	1
8780	品牌I 狗零食 綠色 均一	8	1810.00	1
8781	品牌I 狗零食 米色 S	8	1820.00	1
8782	品牌I 狗零食 米色 M	8	1830.00	1
8783	品牌I 狗零食 米色 L	8	1840.00	1
8784	品牌I 狗零食 米色 XL	8	1850.00	1
8785	品牌I 狗零食 米色 均一	8	1860.00	1
8786	品牌I 狗零食 粉色 S	8	1870.00	1
8787	品牌I 狗零食 粉色 M	8	1880.00	1
8788	品牌I 狗零食 粉色 L	8	1890.00	1
8789	品牌I 狗零食 粉色 XL	8	1900.00	1
8790	品牌I 狗零食 粉色 均一	8	1910.00	1
8791	品牌I 狗零食 黃色 S	8	1920.00	1
8792	品牌I 狗零食 黃色 M	8	1930.00	1
8793	品牌I 狗零食 黃色 L	8	1940.00	1
8794	品牌I 狗零食 黃色 XL	8	1950.00	1
8795	品牌I 狗零食 黃色 均一	8	1960.00	1
8796	品牌I 狗零食 紫色 S	8	1970.00	1
8797	品牌I 狗零食 紫色 M	8	1980.00	1
8798	品牌I 狗零食 紫色 L	8	1990.00	1
8799	品牌I 狗零食 紫色 XL	8	2000.00	1
8800	品牌I 狗零食 紫色 均一	8	10.00	0
8801	品牌I 小說 黑色 S	9	20.00	1
8802	品牌I 小說 黑色 M	9	30.00	1
8803	品牌I 小說 黑色 L	9	40.00	1
8804	品牌I 小說 黑色 XL	9	50.00	1
8805	品牌I 小說 黑色 均一	9	60.00	1
8806	品牌I 小說 白色 S	9	70.00	1
8807	品牌I 小說 白色 M	9	80.00	1
8808	品牌I 小說 白色 L	9	90.00	1
8809	品牌I 小說 白色 XL	9	100.00	1
8810	品牌I 小說 白色 均一	9	110.00	1
8811	品牌I 小說 藍色 S	9	120.00	1
8812	品牌I 小說 藍色 M	9	130.00	1
8813	品牌I 小說 藍色 L	9	140.00	1
8814	品牌I 小說 藍色 XL	9	150.00	1
8815	品牌I 小說 藍色 均一	9	160.00	1
8816	品牌I 小說 紅色 S	9	170.00	1
8817	品牌I 小說 紅色 M	9	180.00	1
8818	品牌I 小說 紅色 L	9	190.00	1
8819	品牌I 小說 紅色 XL	9	200.00	1
8820	品牌I 小說 紅色 均一	9	210.00	1
8821	品牌I 小說 灰色 S	9	220.00	1
8822	品牌I 小說 灰色 M	9	230.00	1
8823	品牌I 小說 灰色 L	9	240.00	1
8824	品牌I 小說 灰色 XL	9	250.00	1
8825	品牌I 小說 灰色 均一	9	260.00	1
8826	品牌I 小說 綠色 S	9	270.00	1
8827	品牌I 小說 綠色 M	9	280.00	1
8828	品牌I 小說 綠色 L	9	290.00	1
8829	品牌I 小說 綠色 XL	9	300.00	1
8830	品牌I 小說 綠色 均一	9	310.00	1
8831	品牌I 小說 米色 S	9	320.00	1
8832	品牌I 小說 米色 M	9	330.00	1
8833	品牌I 小說 米色 L	9	340.00	1
8834	品牌I 小說 米色 XL	9	350.00	1
8835	品牌I 小說 米色 均一	9	360.00	1
8836	品牌I 小說 粉色 S	9	370.00	1
8837	品牌I 小說 粉色 M	9	380.00	1
8838	品牌I 小說 粉色 L	9	390.00	1
8839	品牌I 小說 粉色 XL	9	400.00	1
8840	品牌I 小說 粉色 均一	9	410.00	1
8841	品牌I 小說 黃色 S	9	420.00	1
8842	品牌I 小說 黃色 M	9	430.00	1
8843	品牌I 小說 黃色 L	9	440.00	1
8844	品牌I 小說 黃色 XL	9	450.00	1
8845	品牌I 小說 黃色 均一	9	460.00	1
8846	品牌I 小說 紫色 S	9	470.00	1
8847	品牌I 小說 紫色 M	9	480.00	1
8848	品牌I 小說 紫色 L	9	490.00	1
8849	品牌I 小說 紫色 XL	9	500.00	1
8850	品牌I 小說 紫色 均一	9	510.00	0
8851	品牌I 食譜 黑色 S	9	520.00	1
8852	品牌I 食譜 黑色 M	9	530.00	1
8853	品牌I 食譜 黑色 L	9	540.00	1
8854	品牌I 食譜 黑色 XL	9	550.00	1
8855	品牌I 食譜 黑色 均一	9	560.00	1
8856	品牌I 食譜 白色 S	9	570.00	1
8857	品牌I 食譜 白色 M	9	580.00	1
8858	品牌I 食譜 白色 L	9	590.00	1
8859	品牌I 食譜 白色 XL	9	600.00	1
8860	品牌I 食譜 白色 均一	9	610.00	1
8861	品牌I 食譜 藍色 S	9	620.00	1
8862	品牌I 食譜 藍色 M	9	630.00	1
8863	品牌I 食譜 藍色 L	9	640.00	1
8864	品牌I 食譜 藍色 XL	9	650.00	1
8865	品牌I 食譜 藍色 均一	9	660.00	1
8866	品牌I 食譜 紅色 S	9	670.00	1
8867	品牌I 食譜 紅色 M	9	680.00	1
8868	品牌I 食譜 紅色 L	9	690.00	1
8869	品牌I 食譜 紅色 XL	9	700.00	1
8870	品牌I 食譜 紅色 均一	9	710.00	1
8871	品牌I 食譜 灰色 S	9	720.00	1
8872	品牌I 食譜 灰色 M	9	730.00	1
8873	品牌I 食譜 灰色 L	9	740.00	1
8874	品牌I 食譜 灰色 XL	9	750.00	1
8875	品牌I 食譜 灰色 均一	9	760.00	1
8876	品牌I 食譜 綠色 S	9	770.00	1
8877	品牌I 食譜 綠色 M	9	780.00	1
8878	品牌I 食譜 綠色 L	9	790.00	1
8879	品牌I 食譜 綠色 XL	9	800.00	1
8880	品牌I 食譜 綠色 均一	9	810.00	1
8881	品牌I 食譜 米色 S	9	820.00	1
8882	品牌I 食譜 米色 M	9	830.00	1
8883	品牌I 食譜 米色 L	9	840.00	1
8884	品牌I 食譜 米色 XL	9	850.00	1
8885	品牌I 食譜 米色 均一	9	860.00	1
8886	品牌I 食譜 粉色 S	9	870.00	1
8887	品牌I 食譜 粉色 M	9	880.00	1
8888	品牌I 食譜 粉色 L	9	890.00	1
8889	品牌I 食譜 粉色 XL	9	900.00	1
8890	品牌I 食譜 粉色 均一	9	910.00	1
8891	品牌I 食譜 黃色 S	9	920.00	1
8892	品牌I 食譜 黃色 M	9	930.00	1
8893	品牌I 食譜 黃色 L	9	940.00	1
8894	品牌I 食譜 黃色 XL	9	950.00	1
8895	品牌I 食譜 黃色 均一	9	960.00	1
8896	品牌I 食譜 紫色 S	9	970.00	1
8897	品牌I 食譜 紫色 M	9	980.00	1
8898	品牌I 食譜 紫色 L	9	990.00	1
8899	品牌I 食譜 紫色 XL	9	1000.00	1
8900	品牌I 食譜 紫色 均一	9	1010.00	0
8901	品牌I 禮物卡 黑色 S	10	1020.00	1
8902	品牌I 禮物卡 黑色 M	10	1030.00	1
8903	品牌I 禮物卡 黑色 L	10	1040.00	1
8904	品牌I 禮物卡 黑色 XL	10	1050.00	1
8905	品牌I 禮物卡 黑色 均一	10	1060.00	1
8906	品牌I 禮物卡 白色 S	10	1070.00	1
8907	品牌I 禮物卡 白色 M	10	1080.00	1
8908	品牌I 禮物卡 白色 L	10	1090.00	1
8909	品牌I 禮物卡 白色 XL	10	1100.00	1
8910	品牌I 禮物卡 白色 均一	10	1110.00	1
8911	品牌I 禮物卡 藍色 S	10	1120.00	1
8912	品牌I 禮物卡 藍色 M	10	1130.00	1
8913	品牌I 禮物卡 藍色 L	10	1140.00	1
8914	品牌I 禮物卡 藍色 XL	10	1150.00	1
8915	品牌I 禮物卡 藍色 均一	10	1160.00	1
8916	品牌I 禮物卡 紅色 S	10	1170.00	1
8917	品牌I 禮物卡 紅色 M	10	1180.00	1
8918	品牌I 禮物卡 紅色 L	10	1190.00	1
8919	品牌I 禮物卡 紅色 XL	10	1200.00	1
8920	品牌I 禮物卡 紅色 均一	10	1210.00	1
8921	品牌I 禮物卡 灰色 S	10	1220.00	1
8922	品牌I 禮物卡 灰色 M	10	1230.00	1
8923	品牌I 禮物卡 灰色 L	10	1240.00	1
8924	品牌I 禮物卡 灰色 XL	10	1250.00	1
8925	品牌I 禮物卡 灰色 均一	10	1260.00	1
8926	品牌I 禮物卡 綠色 S	10	1270.00	1
8927	品牌I 禮物卡 綠色 M	10	1280.00	1
8928	品牌I 禮物卡 綠色 L	10	1290.00	1
8929	品牌I 禮物卡 綠色 XL	10	1300.00	1
8930	品牌I 禮物卡 綠色 均一	10	1310.00	1
8931	品牌I 禮物卡 米色 S	10	1320.00	1
8932	品牌I 禮物卡 米色 M	10	1330.00	1
8933	品牌I 禮物卡 米色 L	10	1340.00	1
8934	品牌I 禮物卡 米色 XL	10	1350.00	1
8935	品牌I 禮物卡 米色 均一	10	1360.00	1
8936	品牌I 禮物卡 粉色 S	10	1370.00	1
8937	品牌I 禮物卡 粉色 M	10	1380.00	1
8938	品牌I 禮物卡 粉色 L	10	1390.00	1
8939	品牌I 禮物卡 粉色 XL	10	1400.00	1
8940	品牌I 禮物卡 粉色 均一	10	1410.00	1
8941	品牌I 禮物卡 黃色 S	10	1420.00	1
8942	品牌I 禮物卡 黃色 M	10	1430.00	1
8943	品牌I 禮物卡 黃色 L	10	1440.00	1
8944	品牌I 禮物卡 黃色 XL	10	1450.00	1
8945	品牌I 禮物卡 黃色 均一	10	1460.00	1
8946	品牌I 禮物卡 紫色 S	10	1470.00	1
8947	品牌I 禮物卡 紫色 M	10	1480.00	1
8948	品牌I 禮物卡 紫色 L	10	1490.00	1
8949	品牌I 禮物卡 紫色 XL	10	1500.00	1
8950	品牌I 禮物卡 紫色 均一	10	1510.00	0
8951	品牌I 收納袋 黑色 S	10	1520.00	1
8952	品牌I 收納袋 黑色 M	10	1530.00	1
8953	品牌I 收納袋 黑色 L	10	1540.00	1
8954	品牌I 收納袋 黑色 XL	10	1550.00	1
8955	品牌I 收納袋 黑色 均一	10	1560.00	1
8956	品牌I 收納袋 白色 S	10	1570.00	1
8957	品牌I 收納袋 白色 M	10	1580.00	1
8958	品牌I 收納袋 白色 L	10	1590.00	1
8959	品牌I 收納袋 白色 XL	10	1600.00	1
8960	品牌I 收納袋 白色 均一	10	1610.00	1
8961	品牌I 收納袋 藍色 S	10	1620.00	1
8962	品牌I 收納袋 藍色 M	10	1630.00	1
8963	品牌I 收納袋 藍色 L	10	1640.00	1
8964	品牌I 收納袋 藍色 XL	10	1650.00	1
8965	品牌I 收納袋 藍色 均一	10	1660.00	1
8966	品牌I 收納袋 紅色 S	10	1670.00	1
8967	品牌I 收納袋 紅色 M	10	1680.00	1
8968	品牌I 收納袋 紅色 L	10	1690.00	1
8969	品牌I 收納袋 紅色 XL	10	1700.00	1
8970	品牌I 收納袋 紅色 均一	10	1710.00	1
8971	品牌I 收納袋 灰色 S	10	1720.00	1
8972	品牌I 收納袋 灰色 M	10	1730.00	1
8973	品牌I 收納袋 灰色 L	10	1740.00	1
8974	品牌I 收納袋 灰色 XL	10	1750.00	1
8975	品牌I 收納袋 灰色 均一	10	1760.00	1
8976	品牌I 收納袋 綠色 S	10	1770.00	1
8977	品牌I 收納袋 綠色 M	10	1780.00	1
8978	品牌I 收納袋 綠色 L	10	1790.00	1
8979	品牌I 收納袋 綠色 XL	10	1800.00	1
8980	品牌I 收納袋 綠色 均一	10	1810.00	1
8981	品牌I 收納袋 米色 S	10	1820.00	1
8982	品牌I 收納袋 米色 M	10	1830.00	1
8983	品牌I 收納袋 米色 L	10	1840.00	1
8984	品牌I 收納袋 米色 XL	10	1850.00	1
8985	品牌I 收納袋 米色 均一	10	1860.00	1
8986	品牌I 收納袋 粉色 S	10	1870.00	1
8987	品牌I 收納袋 粉色 M	10	1880.00	1
8988	品牌I 收納袋 粉色 L	10	1890.00	1
8989	品牌I 收納袋 粉色 XL	10	1900.00	1
8990	品牌I 收納袋 粉色 均一	10	1910.00	1
8991	品牌I 收納袋 黃色 S	10	1920.00	1
8992	品牌I 收納袋 黃色 M	10	1930.00	1
8993	品牌I 收納袋 黃色 L	10	1940.00	1
8994	品牌I 收納袋 黃色 XL	10	1950.00	1
8995	品牌I 收納袋 黃色 均一	10	1960.00	1
8996	品牌I 收納袋 紫色 S	10	1970.00	1
8997	品牌I 收納袋 紫色 M	10	1980.00	1
8998	品牌I 收納袋 紫色 L	10	1990.00	1
8999	品牌I 收納袋 紫色 XL	10	2000.00	1
9000	品牌I 收納袋 紫色 均一	10	10.00	0
9001	品牌J T恤 黑色 S	1	20.00	1
9002	品牌J T恤 黑色 M	1	30.00	1
9003	品牌J T恤 黑色 L	1	40.00	1
9004	品牌J T恤 黑色 XL	1	50.00	1
9005	品牌J T恤 黑色 均一	1	60.00	1
9006	品牌J T恤 白色 S	1	70.00	1
9007	品牌J T恤 白色 M	1	80.00	1
9008	品牌J T恤 白色 L	1	90.00	1
9009	品牌J T恤 白色 XL	1	100.00	1
9010	品牌J T恤 白色 均一	1	110.00	1
9011	品牌J T恤 藍色 S	1	120.00	1
9012	品牌J T恤 藍色 M	1	130.00	1
9013	品牌J T恤 藍色 L	1	140.00	1
9014	品牌J T恤 藍色 XL	1	150.00	1
9015	品牌J T恤 藍色 均一	1	160.00	1
9016	品牌J T恤 紅色 S	1	170.00	1
9017	品牌J T恤 紅色 M	1	180.00	1
9018	品牌J T恤 紅色 L	1	190.00	1
9019	品牌J T恤 紅色 XL	1	200.00	1
9020	品牌J T恤 紅色 均一	1	210.00	1
9021	品牌J T恤 灰色 S	1	220.00	1
9022	品牌J T恤 灰色 M	1	230.00	1
9023	品牌J T恤 灰色 L	1	240.00	1
9024	品牌J T恤 灰色 XL	1	250.00	1
9025	品牌J T恤 灰色 均一	1	260.00	1
9026	品牌J T恤 綠色 S	1	270.00	1
9027	品牌J T恤 綠色 M	1	280.00	1
9028	品牌J T恤 綠色 L	1	290.00	1
9029	品牌J T恤 綠色 XL	1	300.00	1
9030	品牌J T恤 綠色 均一	1	310.00	1
9031	品牌J T恤 米色 S	1	320.00	1
9032	品牌J T恤 米色 M	1	330.00	1
9033	品牌J T恤 米色 L	1	340.00	1
9034	品牌J T恤 米色 XL	1	350.00	1
9035	品牌J T恤 米色 均一	1	360.00	1
9036	品牌J T恤 粉色 S	1	370.00	1
9037	品牌J T恤 粉色 M	1	380.00	1
9038	品牌J T恤 粉色 L	1	390.00	1
9039	品牌J T恤 粉色 XL	1	400.00	1
9040	品牌J T恤 粉色 均一	1	410.00	1
9041	品牌J T恤 黃色 S	1	420.00	1
9042	品牌J T恤 黃色 M	1	430.00	1
9043	品牌J T恤 黃色 L	1	440.00	1
9044	品牌J T恤 黃色 XL	1	450.00	1
9045	品牌J T恤 黃色 均一	1	460.00	1
9046	品牌J T恤 紫色 S	1	470.00	1
9047	品牌J T恤 紫色 M	1	480.00	1
9048	品牌J T恤 紫色 L	1	490.00	1
9049	品牌J T恤 紫色 XL	1	500.00	1
9050	品牌J T恤 紫色 均一	1	510.00	0
9051	品牌J 外套 黑色 S	1	520.00	1
9052	品牌J 外套 黑色 M	1	530.00	1
9053	品牌J 外套 黑色 L	1	540.00	1
9054	品牌J 外套 黑色 XL	1	550.00	1
9055	品牌J 外套 黑色 均一	1	560.00	1
9056	品牌J 外套 白色 S	1	570.00	1
9057	品牌J 外套 白色 M	1	580.00	1
9058	品牌J 外套 白色 L	1	590.00	1
9059	品牌J 外套 白色 XL	1	600.00	1
9060	品牌J 外套 白色 均一	1	610.00	1
9061	品牌J 外套 藍色 S	1	620.00	1
9062	品牌J 外套 藍色 M	1	630.00	1
9063	品牌J 外套 藍色 L	1	640.00	1
9064	品牌J 外套 藍色 XL	1	650.00	1
9065	品牌J 外套 藍色 均一	1	660.00	1
9066	品牌J 外套 紅色 S	1	670.00	1
9067	品牌J 外套 紅色 M	1	680.00	1
9068	品牌J 外套 紅色 L	1	690.00	1
9069	品牌J 外套 紅色 XL	1	700.00	1
9070	品牌J 外套 紅色 均一	1	710.00	1
9071	品牌J 外套 灰色 S	1	720.00	1
9072	品牌J 外套 灰色 M	1	730.00	1
9073	品牌J 外套 灰色 L	1	740.00	1
9074	品牌J 外套 灰色 XL	1	750.00	1
9075	品牌J 外套 灰色 均一	1	760.00	1
9076	品牌J 外套 綠色 S	1	770.00	1
9077	品牌J 外套 綠色 M	1	780.00	1
9078	品牌J 外套 綠色 L	1	790.00	1
9079	品牌J 外套 綠色 XL	1	800.00	1
9080	品牌J 外套 綠色 均一	1	810.00	1
9081	品牌J 外套 米色 S	1	820.00	1
9082	品牌J 外套 米色 M	1	830.00	1
9083	品牌J 外套 米色 L	1	840.00	1
9084	品牌J 外套 米色 XL	1	850.00	1
9085	品牌J 外套 米色 均一	1	860.00	1
9086	品牌J 外套 粉色 S	1	870.00	1
9087	品牌J 外套 粉色 M	1	880.00	1
9088	品牌J 外套 粉色 L	1	890.00	1
9089	品牌J 外套 粉色 XL	1	900.00	1
9090	品牌J 外套 粉色 均一	1	910.00	1
9091	品牌J 外套 黃色 S	1	920.00	1
9092	品牌J 外套 黃色 M	1	930.00	1
9093	品牌J 外套 黃色 L	1	940.00	1
9094	品牌J 外套 黃色 XL	1	950.00	1
9095	品牌J 外套 黃色 均一	1	960.00	1
9096	品牌J 外套 紫色 S	1	970.00	1
9097	品牌J 外套 紫色 M	1	980.00	1
9098	品牌J 外套 紫色 L	1	990.00	1
9099	品牌J 外套 紫色 XL	1	1000.00	1
9100	品牌J 外套 紫色 均一	1	1010.00	0
9101	品牌J 無線耳機 黑色 S	2	1020.00	1
9102	品牌J 無線耳機 黑色 M	2	1030.00	1
9103	品牌J 無線耳機 黑色 L	2	1040.00	1
9104	品牌J 無線耳機 黑色 XL	2	1050.00	1
9105	品牌J 無線耳機 黑色 均一	2	1060.00	1
9106	品牌J 無線耳機 白色 S	2	1070.00	1
9107	品牌J 無線耳機 白色 M	2	1080.00	1
9108	品牌J 無線耳機 白色 L	2	1090.00	1
9109	品牌J 無線耳機 白色 XL	2	1100.00	1
9110	品牌J 無線耳機 白色 均一	2	1110.00	1
9111	品牌J 無線耳機 藍色 S	2	1120.00	1
9112	品牌J 無線耳機 藍色 M	2	1130.00	1
9113	品牌J 無線耳機 藍色 L	2	1140.00	1
9114	品牌J 無線耳機 藍色 XL	2	1150.00	1
9115	品牌J 無線耳機 藍色 均一	2	1160.00	1
9116	品牌J 無線耳機 紅色 S	2	1170.00	1
9117	品牌J 無線耳機 紅色 M	2	1180.00	1
9118	品牌J 無線耳機 紅色 L	2	1190.00	1
9119	品牌J 無線耳機 紅色 XL	2	1200.00	1
9120	品牌J 無線耳機 紅色 均一	2	1210.00	1
9121	品牌J 無線耳機 灰色 S	2	1220.00	1
9122	品牌J 無線耳機 灰色 M	2	1230.00	1
9123	品牌J 無線耳機 灰色 L	2	1240.00	1
9124	品牌J 無線耳機 灰色 XL	2	1250.00	1
9125	品牌J 無線耳機 灰色 均一	2	1260.00	1
9126	品牌J 無線耳機 綠色 S	2	1270.00	1
9127	品牌J 無線耳機 綠色 M	2	1280.00	1
9128	品牌J 無線耳機 綠色 L	2	1290.00	1
9129	品牌J 無線耳機 綠色 XL	2	1300.00	1
9130	品牌J 無線耳機 綠色 均一	2	1310.00	1
9131	品牌J 無線耳機 米色 S	2	1320.00	1
9132	品牌J 無線耳機 米色 M	2	1330.00	1
9133	品牌J 無線耳機 米色 L	2	1340.00	1
9134	品牌J 無線耳機 米色 XL	2	1350.00	1
9135	品牌J 無線耳機 米色 均一	2	1360.00	1
9136	品牌J 無線耳機 粉色 S	2	1370.00	1
9137	品牌J 無線耳機 粉色 M	2	1380.00	1
9138	品牌J 無線耳機 粉色 L	2	1390.00	1
9139	品牌J 無線耳機 粉色 XL	2	1400.00	1
9140	品牌J 無線耳機 粉色 均一	2	1410.00	1
9141	品牌J 無線耳機 黃色 S	2	1420.00	1
9142	品牌J 無線耳機 黃色 M	2	1430.00	1
9143	品牌J 無線耳機 黃色 L	2	1440.00	1
9144	品牌J 無線耳機 黃色 XL	2	1450.00	1
9145	品牌J 無線耳機 黃色 均一	2	1460.00	1
9146	品牌J 無線耳機 紫色 S	2	1470.00	1
9147	品牌J 無線耳機 紫色 M	2	1480.00	1
9148	品牌J 無線耳機 紫色 L	2	1490.00	1
9149	品牌J 無線耳機 紫色 XL	2	1500.00	1
9150	品牌J 無線耳機 紫色 均一	2	1510.00	0
9151	品牌J 行動電源 黑色 S	2	1520.00	1
9152	品牌J 行動電源 黑色 M	2	1530.00	1
9153	品牌J 行動電源 黑色 L	2	1540.00	1
9154	品牌J 行動電源 黑色 XL	2	1550.00	1
9155	品牌J 行動電源 黑色 均一	2	1560.00	1
9156	品牌J 行動電源 白色 S	2	1570.00	1
9157	品牌J 行動電源 白色 M	2	1580.00	1
9158	品牌J 行動電源 白色 L	2	1590.00	1
9159	品牌J 行動電源 白色 XL	2	1600.00	1
9160	品牌J 行動電源 白色 均一	2	1610.00	1
9161	品牌J 行動電源 藍色 S	2	1620.00	1
9162	品牌J 行動電源 藍色 M	2	1630.00	1
9163	品牌J 行動電源 藍色 L	2	1640.00	1
9164	品牌J 行動電源 藍色 XL	2	1650.00	1
9165	品牌J 行動電源 藍色 均一	2	1660.00	1
9166	品牌J 行動電源 紅色 S	2	1670.00	1
9167	品牌J 行動電源 紅色 M	2	1680.00	1
9168	品牌J 行動電源 紅色 L	2	1690.00	1
9169	品牌J 行動電源 紅色 XL	2	1700.00	1
9170	品牌J 行動電源 紅色 均一	2	1710.00	1
9171	品牌J 行動電源 灰色 S	2	1720.00	1
9172	品牌J 行動電源 灰色 M	2	1730.00	1
9173	品牌J 行動電源 灰色 L	2	1740.00	1
9174	品牌J 行動電源 灰色 XL	2	1750.00	1
9175	品牌J 行動電源 灰色 均一	2	1760.00	1
9176	品牌J 行動電源 綠色 S	2	1770.00	1
9177	品牌J 行動電源 綠色 M	2	1780.00	1
9178	品牌J 行動電源 綠色 L	2	1790.00	1
9179	品牌J 行動電源 綠色 XL	2	1800.00	1
9180	品牌J 行動電源 綠色 均一	2	1810.00	1
9181	品牌J 行動電源 米色 S	2	1820.00	1
9182	品牌J 行動電源 米色 M	2	1830.00	1
9183	品牌J 行動電源 米色 L	2	1840.00	1
9184	品牌J 行動電源 米色 XL	2	1850.00	1
9185	品牌J 行動電源 米色 均一	2	1860.00	1
9186	品牌J 行動電源 粉色 S	2	1870.00	1
9187	品牌J 行動電源 粉色 M	2	1880.00	1
9188	品牌J 行動電源 粉色 L	2	1890.00	1
9189	品牌J 行動電源 粉色 XL	2	1900.00	1
9190	品牌J 行動電源 粉色 均一	2	1910.00	1
9191	品牌J 行動電源 黃色 S	2	1920.00	1
9192	品牌J 行動電源 黃色 M	2	1930.00	1
9193	品牌J 行動電源 黃色 L	2	1940.00	1
9194	品牌J 行動電源 黃色 XL	2	1950.00	1
9195	品牌J 行動電源 黃色 均一	2	1960.00	1
9196	品牌J 行動電源 紫色 S	2	1970.00	1
9197	品牌J 行動電源 紫色 M	2	1980.00	1
9198	品牌J 行動電源 紫色 L	2	1990.00	1
9199	品牌J 行動電源 紫色 XL	2	2000.00	1
9200	品牌J 行動電源 紫色 均一	2	10.00	0
9201	品牌J 馬克杯 黑色 S	3	20.00	1
9202	品牌J 馬克杯 黑色 M	3	30.00	1
9203	品牌J 馬克杯 黑色 L	3	40.00	1
9204	品牌J 馬克杯 黑色 XL	3	50.00	1
9205	品牌J 馬克杯 黑色 均一	3	60.00	1
9206	品牌J 馬克杯 白色 S	3	70.00	1
9207	品牌J 馬克杯 白色 M	3	80.00	1
9208	品牌J 馬克杯 白色 L	3	90.00	1
9209	品牌J 馬克杯 白色 XL	3	100.00	1
9210	品牌J 馬克杯 白色 均一	3	110.00	1
9211	品牌J 馬克杯 藍色 S	3	120.00	1
9212	品牌J 馬克杯 藍色 M	3	130.00	1
9213	品牌J 馬克杯 藍色 L	3	140.00	1
9214	品牌J 馬克杯 藍色 XL	3	150.00	1
9215	品牌J 馬克杯 藍色 均一	3	160.00	1
9216	品牌J 馬克杯 紅色 S	3	170.00	1
9217	品牌J 馬克杯 紅色 M	3	180.00	1
9218	品牌J 馬克杯 紅色 L	3	190.00	1
9219	品牌J 馬克杯 紅色 XL	3	200.00	1
9220	品牌J 馬克杯 紅色 均一	3	210.00	1
9221	品牌J 馬克杯 灰色 S	3	220.00	1
9222	品牌J 馬克杯 灰色 M	3	230.00	1
9223	品牌J 馬克杯 灰色 L	3	240.00	1
9224	品牌J 馬克杯 灰色 XL	3	250.00	1
9225	品牌J 馬克杯 灰色 均一	3	260.00	1
9226	品牌J 馬克杯 綠色 S	3	270.00	1
9227	品牌J 馬克杯 綠色 M	3	280.00	1
9228	品牌J 馬克杯 綠色 L	3	290.00	1
9229	品牌J 馬克杯 綠色 XL	3	300.00	1
9230	品牌J 馬克杯 綠色 均一	3	310.00	1
9231	品牌J 馬克杯 米色 S	3	320.00	1
9232	品牌J 馬克杯 米色 M	3	330.00	1
9233	品牌J 馬克杯 米色 L	3	340.00	1
9234	品牌J 馬克杯 米色 XL	3	350.00	1
9235	品牌J 馬克杯 米色 均一	3	360.00	1
9236	品牌J 馬克杯 粉色 S	3	370.00	1
9237	品牌J 馬克杯 粉色 M	3	380.00	1
9238	品牌J 馬克杯 粉色 L	3	390.00	1
9239	品牌J 馬克杯 粉色 XL	3	400.00	1
9240	品牌J 馬克杯 粉色 均一	3	410.00	1
9241	品牌J 馬克杯 黃色 S	3	420.00	1
9242	品牌J 馬克杯 黃色 M	3	430.00	1
9243	品牌J 馬克杯 黃色 L	3	440.00	1
9244	品牌J 馬克杯 黃色 XL	3	450.00	1
9245	品牌J 馬克杯 黃色 均一	3	460.00	1
9246	品牌J 馬克杯 紫色 S	3	470.00	1
9247	品牌J 馬克杯 紫色 M	3	480.00	1
9248	品牌J 馬克杯 紫色 L	3	490.00	1
9249	品牌J 馬克杯 紫色 XL	3	500.00	1
9250	品牌J 馬克杯 紫色 均一	3	510.00	0
9251	品牌J 收納盒 黑色 S	3	520.00	1
9252	品牌J 收納盒 黑色 M	3	530.00	1
9253	品牌J 收納盒 黑色 L	3	540.00	1
9254	品牌J 收納盒 黑色 XL	3	550.00	1
9255	品牌J 收納盒 黑色 均一	3	560.00	1
9256	品牌J 收納盒 白色 S	3	570.00	1
9257	品牌J 收納盒 白色 M	3	580.00	1
9258	品牌J 收納盒 白色 L	3	590.00	1
9259	品牌J 收納盒 白色 XL	3	600.00	1
9260	品牌J 收納盒 白色 均一	3	610.00	1
9261	品牌J 收納盒 藍色 S	3	620.00	1
9262	品牌J 收納盒 藍色 M	3	630.00	1
9263	品牌J 收納盒 藍色 L	3	640.00	1
9264	品牌J 收納盒 藍色 XL	3	650.00	1
9265	品牌J 收納盒 藍色 均一	3	660.00	1
9266	品牌J 收納盒 紅色 S	3	670.00	1
9267	品牌J 收納盒 紅色 M	3	680.00	1
9268	品牌J 收納盒 紅色 L	3	690.00	1
9269	品牌J 收納盒 紅色 XL	3	700.00	1
9270	品牌J 收納盒 紅色 均一	3	710.00	1
9271	品牌J 收納盒 灰色 S	3	720.00	1
9272	品牌J 收納盒 灰色 M	3	730.00	1
9273	品牌J 收納盒 灰色 L	3	740.00	1
9274	品牌J 收納盒 灰色 XL	3	750.00	1
9275	品牌J 收納盒 灰色 均一	3	760.00	1
9276	品牌J 收納盒 綠色 S	3	770.00	1
9277	品牌J 收納盒 綠色 M	3	780.00	1
9278	品牌J 收納盒 綠色 L	3	790.00	1
9279	品牌J 收納盒 綠色 XL	3	800.00	1
9280	品牌J 收納盒 綠色 均一	3	810.00	1
9281	品牌J 收納盒 米色 S	3	820.00	1
9282	品牌J 收納盒 米色 M	3	830.00	1
9283	品牌J 收納盒 米色 L	3	840.00	1
9284	品牌J 收納盒 米色 XL	3	850.00	1
9285	品牌J 收納盒 米色 均一	3	860.00	1
9286	品牌J 收納盒 粉色 S	3	870.00	1
9287	品牌J 收納盒 粉色 M	3	880.00	1
9288	品牌J 收納盒 粉色 L	3	890.00	1
9289	品牌J 收納盒 粉色 XL	3	900.00	1
9290	品牌J 收納盒 粉色 均一	3	910.00	1
9291	品牌J 收納盒 黃色 S	3	920.00	1
9292	品牌J 收納盒 黃色 M	3	930.00	1
9293	品牌J 收納盒 黃色 L	3	940.00	1
9294	品牌J 收納盒 黃色 XL	3	950.00	1
9295	品牌J 收納盒 黃色 均一	3	960.00	1
9296	品牌J 收納盒 紫色 S	3	970.00	1
9297	品牌J 收納盒 紫色 M	3	980.00	1
9298	品牌J 收納盒 紫色 L	3	990.00	1
9299	品牌J 收納盒 紫色 XL	3	1000.00	1
9300	品牌J 收納盒 紫色 均一	3	1010.00	0
9301	品牌J 咖啡豆 黑色 S	4	1020.00	1
9302	品牌J 咖啡豆 黑色 M	4	1030.00	1
9303	品牌J 咖啡豆 黑色 L	4	1040.00	1
9304	品牌J 咖啡豆 黑色 XL	4	1050.00	1
9305	品牌J 咖啡豆 黑色 均一	4	1060.00	1
9306	品牌J 咖啡豆 白色 S	4	1070.00	1
9307	品牌J 咖啡豆 白色 M	4	1080.00	1
9308	品牌J 咖啡豆 白色 L	4	1090.00	1
9309	品牌J 咖啡豆 白色 XL	4	1100.00	1
9310	品牌J 咖啡豆 白色 均一	4	1110.00	1
9311	品牌J 咖啡豆 藍色 S	4	1120.00	1
9312	品牌J 咖啡豆 藍色 M	4	1130.00	1
9313	品牌J 咖啡豆 藍色 L	4	1140.00	1
9314	品牌J 咖啡豆 藍色 XL	4	1150.00	1
9315	品牌J 咖啡豆 藍色 均一	4	1160.00	1
9316	品牌J 咖啡豆 紅色 S	4	1170.00	1
9317	品牌J 咖啡豆 紅色 M	4	1180.00	1
9318	品牌J 咖啡豆 紅色 L	4	1190.00	1
9319	品牌J 咖啡豆 紅色 XL	4	1200.00	1
9320	品牌J 咖啡豆 紅色 均一	4	1210.00	1
9321	品牌J 咖啡豆 灰色 S	4	1220.00	1
9322	品牌J 咖啡豆 灰色 M	4	1230.00	1
9323	品牌J 咖啡豆 灰色 L	4	1240.00	1
9324	品牌J 咖啡豆 灰色 XL	4	1250.00	1
9325	品牌J 咖啡豆 灰色 均一	4	1260.00	1
9326	品牌J 咖啡豆 綠色 S	4	1270.00	1
9327	品牌J 咖啡豆 綠色 M	4	1280.00	1
9328	品牌J 咖啡豆 綠色 L	4	1290.00	1
9329	品牌J 咖啡豆 綠色 XL	4	1300.00	1
9330	品牌J 咖啡豆 綠色 均一	4	1310.00	1
9331	品牌J 咖啡豆 米色 S	4	1320.00	1
9332	品牌J 咖啡豆 米色 M	4	1330.00	1
9333	品牌J 咖啡豆 米色 L	4	1340.00	1
9334	品牌J 咖啡豆 米色 XL	4	1350.00	1
9335	品牌J 咖啡豆 米色 均一	4	1360.00	1
9336	品牌J 咖啡豆 粉色 S	4	1370.00	1
9337	品牌J 咖啡豆 粉色 M	4	1380.00	1
9338	品牌J 咖啡豆 粉色 L	4	1390.00	1
9339	品牌J 咖啡豆 粉色 XL	4	1400.00	1
9340	品牌J 咖啡豆 粉色 均一	4	1410.00	1
9341	品牌J 咖啡豆 黃色 S	4	1420.00	1
9342	品牌J 咖啡豆 黃色 M	4	1430.00	1
9343	品牌J 咖啡豆 黃色 L	4	1440.00	1
9344	品牌J 咖啡豆 黃色 XL	4	1450.00	1
9345	品牌J 咖啡豆 黃色 均一	4	1460.00	1
9346	品牌J 咖啡豆 紫色 S	4	1470.00	1
9347	品牌J 咖啡豆 紫色 M	4	1480.00	1
9348	品牌J 咖啡豆 紫色 L	4	1490.00	1
9349	品牌J 咖啡豆 紫色 XL	4	1500.00	1
9350	品牌J 咖啡豆 紫色 均一	4	1510.00	0
9351	品牌J 餅乾 黑色 S	4	1520.00	1
9352	品牌J 餅乾 黑色 M	4	1530.00	1
9353	品牌J 餅乾 黑色 L	4	1540.00	1
9354	品牌J 餅乾 黑色 XL	4	1550.00	1
9355	品牌J 餅乾 黑色 均一	4	1560.00	1
9356	品牌J 餅乾 白色 S	4	1570.00	1
9357	品牌J 餅乾 白色 M	4	1580.00	1
9358	品牌J 餅乾 白色 L	4	1590.00	1
9359	品牌J 餅乾 白色 XL	4	1600.00	1
9360	品牌J 餅乾 白色 均一	4	1610.00	1
9361	品牌J 餅乾 藍色 S	4	1620.00	1
9362	品牌J 餅乾 藍色 M	4	1630.00	1
9363	品牌J 餅乾 藍色 L	4	1640.00	1
9364	品牌J 餅乾 藍色 XL	4	1650.00	1
9365	品牌J 餅乾 藍色 均一	4	1660.00	1
9366	品牌J 餅乾 紅色 S	4	1670.00	1
9367	品牌J 餅乾 紅色 M	4	1680.00	1
9368	品牌J 餅乾 紅色 L	4	1690.00	1
9369	品牌J 餅乾 紅色 XL	4	1700.00	1
9370	品牌J 餅乾 紅色 均一	4	1710.00	1
9371	品牌J 餅乾 灰色 S	4	1720.00	1
9372	品牌J 餅乾 灰色 M	4	1730.00	1
9373	品牌J 餅乾 灰色 L	4	1740.00	1
9374	品牌J 餅乾 灰色 XL	4	1750.00	1
9375	品牌J 餅乾 灰色 均一	4	1760.00	1
9376	品牌J 餅乾 綠色 S	4	1770.00	1
9377	品牌J 餅乾 綠色 M	4	1780.00	1
9378	品牌J 餅乾 綠色 L	4	1790.00	1
9379	品牌J 餅乾 綠色 XL	4	1800.00	1
9380	品牌J 餅乾 綠色 均一	4	1810.00	1
9381	品牌J 餅乾 米色 S	4	1820.00	1
9382	品牌J 餅乾 米色 M	4	1830.00	1
9383	品牌J 餅乾 米色 L	4	1840.00	1
9384	品牌J 餅乾 米色 XL	4	1850.00	1
9385	品牌J 餅乾 米色 均一	4	1860.00	1
9386	品牌J 餅乾 粉色 S	4	1870.00	1
9387	品牌J 餅乾 粉色 M	4	1880.00	1
9388	品牌J 餅乾 粉色 L	4	1890.00	1
9389	品牌J 餅乾 粉色 XL	4	1900.00	1
9390	品牌J 餅乾 粉色 均一	4	1910.00	1
9391	品牌J 餅乾 黃色 S	4	1920.00	1
9392	品牌J 餅乾 黃色 M	4	1930.00	1
9393	品牌J 餅乾 黃色 L	4	1940.00	1
9394	品牌J 餅乾 黃色 XL	4	1950.00	1
9395	品牌J 餅乾 黃色 均一	4	1960.00	1
9396	品牌J 餅乾 紫色 S	4	1970.00	1
9397	品牌J 餅乾 紫色 M	4	1980.00	1
9398	品牌J 餅乾 紫色 L	4	1990.00	1
9399	品牌J 餅乾 紫色 XL	4	2000.00	1
9400	品牌J 餅乾 紫色 均一	4	10.00	0
9401	品牌J 洗面乳 黑色 S	5	20.00	1
9402	品牌J 洗面乳 黑色 M	5	30.00	1
9403	品牌J 洗面乳 黑色 L	5	40.00	1
9404	品牌J 洗面乳 黑色 XL	5	50.00	1
9405	品牌J 洗面乳 黑色 均一	5	60.00	1
9406	品牌J 洗面乳 白色 S	5	70.00	1
9407	品牌J 洗面乳 白色 M	5	80.00	1
9408	品牌J 洗面乳 白色 L	5	90.00	1
9409	品牌J 洗面乳 白色 XL	5	100.00	1
9410	品牌J 洗面乳 白色 均一	5	110.00	1
9411	品牌J 洗面乳 藍色 S	5	120.00	1
9412	品牌J 洗面乳 藍色 M	5	130.00	1
9413	品牌J 洗面乳 藍色 L	5	140.00	1
9414	品牌J 洗面乳 藍色 XL	5	150.00	1
9415	品牌J 洗面乳 藍色 均一	5	160.00	1
9416	品牌J 洗面乳 紅色 S	5	170.00	1
9417	品牌J 洗面乳 紅色 M	5	180.00	1
9418	品牌J 洗面乳 紅色 L	5	190.00	1
9419	品牌J 洗面乳 紅色 XL	5	200.00	1
9420	品牌J 洗面乳 紅色 均一	5	210.00	1
9421	品牌J 洗面乳 灰色 S	5	220.00	1
9422	品牌J 洗面乳 灰色 M	5	230.00	1
9423	品牌J 洗面乳 灰色 L	5	240.00	1
9424	品牌J 洗面乳 灰色 XL	5	250.00	1
9425	品牌J 洗面乳 灰色 均一	5	260.00	1
9426	品牌J 洗面乳 綠色 S	5	270.00	1
9427	品牌J 洗面乳 綠色 M	5	280.00	1
9428	品牌J 洗面乳 綠色 L	5	290.00	1
9429	品牌J 洗面乳 綠色 XL	5	300.00	1
9430	品牌J 洗面乳 綠色 均一	5	310.00	1
9431	品牌J 洗面乳 米色 S	5	320.00	1
9432	品牌J 洗面乳 米色 M	5	330.00	1
9433	品牌J 洗面乳 米色 L	5	340.00	1
9434	品牌J 洗面乳 米色 XL	5	350.00	1
9435	品牌J 洗面乳 米色 均一	5	360.00	1
9436	品牌J 洗面乳 粉色 S	5	370.00	1
9437	品牌J 洗面乳 粉色 M	5	380.00	1
9438	品牌J 洗面乳 粉色 L	5	390.00	1
9439	品牌J 洗面乳 粉色 XL	5	400.00	1
9440	品牌J 洗面乳 粉色 均一	5	410.00	1
9441	品牌J 洗面乳 黃色 S	5	420.00	1
9442	品牌J 洗面乳 黃色 M	5	430.00	1
9443	品牌J 洗面乳 黃色 L	5	440.00	1
9444	品牌J 洗面乳 黃色 XL	5	450.00	1
9445	品牌J 洗面乳 黃色 均一	5	460.00	1
9446	品牌J 洗面乳 紫色 S	5	470.00	1
9447	品牌J 洗面乳 紫色 M	5	480.00	1
9448	品牌J 洗面乳 紫色 L	5	490.00	1
9449	品牌J 洗面乳 紫色 XL	5	500.00	1
9450	品牌J 洗面乳 紫色 均一	5	510.00	0
9451	品牌J 面膜 黑色 S	5	520.00	1
9452	品牌J 面膜 黑色 M	5	530.00	1
9453	品牌J 面膜 黑色 L	5	540.00	1
9454	品牌J 面膜 黑色 XL	5	550.00	1
9455	品牌J 面膜 黑色 均一	5	560.00	1
9456	品牌J 面膜 白色 S	5	570.00	1
9457	品牌J 面膜 白色 M	5	580.00	1
9458	品牌J 面膜 白色 L	5	590.00	1
9459	品牌J 面膜 白色 XL	5	600.00	1
9460	品牌J 面膜 白色 均一	5	610.00	1
9461	品牌J 面膜 藍色 S	5	620.00	1
9462	品牌J 面膜 藍色 M	5	630.00	1
9463	品牌J 面膜 藍色 L	5	640.00	1
9464	品牌J 面膜 藍色 XL	5	650.00	1
9465	品牌J 面膜 藍色 均一	5	660.00	1
9466	品牌J 面膜 紅色 S	5	670.00	1
9467	品牌J 面膜 紅色 M	5	680.00	1
9468	品牌J 面膜 紅色 L	5	690.00	1
9469	品牌J 面膜 紅色 XL	5	700.00	1
9470	品牌J 面膜 紅色 均一	5	710.00	1
9471	品牌J 面膜 灰色 S	5	720.00	1
9472	品牌J 面膜 灰色 M	5	730.00	1
9473	品牌J 面膜 灰色 L	5	740.00	1
9474	品牌J 面膜 灰色 XL	5	750.00	1
9475	品牌J 面膜 灰色 均一	5	760.00	1
9476	品牌J 面膜 綠色 S	5	770.00	1
9477	品牌J 面膜 綠色 M	5	780.00	1
9478	品牌J 面膜 綠色 L	5	790.00	1
9479	品牌J 面膜 綠色 XL	5	800.00	1
9480	品牌J 面膜 綠色 均一	5	810.00	1
9481	品牌J 面膜 米色 S	5	820.00	1
9482	品牌J 面膜 米色 M	5	830.00	1
9483	品牌J 面膜 米色 L	5	840.00	1
9484	品牌J 面膜 米色 XL	5	850.00	1
9485	品牌J 面膜 米色 均一	5	860.00	1
9486	品牌J 面膜 粉色 S	5	870.00	1
9487	品牌J 面膜 粉色 M	5	880.00	1
9488	品牌J 面膜 粉色 L	5	890.00	1
9489	品牌J 面膜 粉色 XL	5	900.00	1
9490	品牌J 面膜 粉色 均一	5	910.00	1
9491	品牌J 面膜 黃色 S	5	920.00	1
9492	品牌J 面膜 黃色 M	5	930.00	1
9493	品牌J 面膜 黃色 L	5	940.00	1
9494	品牌J 面膜 黃色 XL	5	950.00	1
9495	品牌J 面膜 黃色 均一	5	960.00	1
9496	品牌J 面膜 紫色 S	5	970.00	1
9497	品牌J 面膜 紫色 M	5	980.00	1
9498	品牌J 面膜 紫色 L	5	990.00	1
9499	品牌J 面膜 紫色 XL	5	1000.00	1
9500	品牌J 面膜 紫色 均一	5	1010.00	0
9501	品牌J 瑜珈墊 黑色 S	6	1020.00	1
9502	品牌J 瑜珈墊 黑色 M	6	1030.00	1
9503	品牌J 瑜珈墊 黑色 L	6	1040.00	1
9504	品牌J 瑜珈墊 黑色 XL	6	1050.00	1
9505	品牌J 瑜珈墊 黑色 均一	6	1060.00	1
9506	品牌J 瑜珈墊 白色 S	6	1070.00	1
9507	品牌J 瑜珈墊 白色 M	6	1080.00	1
9508	品牌J 瑜珈墊 白色 L	6	1090.00	1
9509	品牌J 瑜珈墊 白色 XL	6	1100.00	1
9510	品牌J 瑜珈墊 白色 均一	6	1110.00	1
9511	品牌J 瑜珈墊 藍色 S	6	1120.00	1
9512	品牌J 瑜珈墊 藍色 M	6	1130.00	1
9513	品牌J 瑜珈墊 藍色 L	6	1140.00	1
9514	品牌J 瑜珈墊 藍色 XL	6	1150.00	1
9515	品牌J 瑜珈墊 藍色 均一	6	1160.00	1
9516	品牌J 瑜珈墊 紅色 S	6	1170.00	1
9517	品牌J 瑜珈墊 紅色 M	6	1180.00	1
9518	品牌J 瑜珈墊 紅色 L	6	1190.00	1
9519	品牌J 瑜珈墊 紅色 XL	6	1200.00	1
9520	品牌J 瑜珈墊 紅色 均一	6	1210.00	1
9521	品牌J 瑜珈墊 灰色 S	6	1220.00	1
9522	品牌J 瑜珈墊 灰色 M	6	1230.00	1
9523	品牌J 瑜珈墊 灰色 L	6	1240.00	1
9524	品牌J 瑜珈墊 灰色 XL	6	1250.00	1
9525	品牌J 瑜珈墊 灰色 均一	6	1260.00	1
9526	品牌J 瑜珈墊 綠色 S	6	1270.00	1
9527	品牌J 瑜珈墊 綠色 M	6	1280.00	1
9528	品牌J 瑜珈墊 綠色 L	6	1290.00	1
9529	品牌J 瑜珈墊 綠色 XL	6	1300.00	1
9530	品牌J 瑜珈墊 綠色 均一	6	1310.00	1
9531	品牌J 瑜珈墊 米色 S	6	1320.00	1
9532	品牌J 瑜珈墊 米色 M	6	1330.00	1
9533	品牌J 瑜珈墊 米色 L	6	1340.00	1
9534	品牌J 瑜珈墊 米色 XL	6	1350.00	1
9535	品牌J 瑜珈墊 米色 均一	6	1360.00	1
9536	品牌J 瑜珈墊 粉色 S	6	1370.00	1
9537	品牌J 瑜珈墊 粉色 M	6	1380.00	1
9538	品牌J 瑜珈墊 粉色 L	6	1390.00	1
9539	品牌J 瑜珈墊 粉色 XL	6	1400.00	1
9540	品牌J 瑜珈墊 粉色 均一	6	1410.00	1
9541	品牌J 瑜珈墊 黃色 S	6	1420.00	1
9542	品牌J 瑜珈墊 黃色 M	6	1430.00	1
9543	品牌J 瑜珈墊 黃色 L	6	1440.00	1
9544	品牌J 瑜珈墊 黃色 XL	6	1450.00	1
9545	品牌J 瑜珈墊 黃色 均一	6	1460.00	1
9546	品牌J 瑜珈墊 紫色 S	6	1470.00	1
9547	品牌J 瑜珈墊 紫色 M	6	1480.00	1
9548	品牌J 瑜珈墊 紫色 L	6	1490.00	1
9549	品牌J 瑜珈墊 紫色 XL	6	1500.00	1
9550	品牌J 瑜珈墊 紫色 均一	6	1510.00	0
9551	品牌J 啞鈴 黑色 S	6	1520.00	1
9552	品牌J 啞鈴 黑色 M	6	1530.00	1
9553	品牌J 啞鈴 黑色 L	6	1540.00	1
9554	品牌J 啞鈴 黑色 XL	6	1550.00	1
9555	品牌J 啞鈴 黑色 均一	6	1560.00	1
9556	品牌J 啞鈴 白色 S	6	1570.00	1
9557	品牌J 啞鈴 白色 M	6	1580.00	1
9558	品牌J 啞鈴 白色 L	6	1590.00	1
9559	品牌J 啞鈴 白色 XL	6	1600.00	1
9560	品牌J 啞鈴 白色 均一	6	1610.00	1
9561	品牌J 啞鈴 藍色 S	6	1620.00	1
9562	品牌J 啞鈴 藍色 M	6	1630.00	1
9563	品牌J 啞鈴 藍色 L	6	1640.00	1
9564	品牌J 啞鈴 藍色 XL	6	1650.00	1
9565	品牌J 啞鈴 藍色 均一	6	1660.00	1
9566	品牌J 啞鈴 紅色 S	6	1670.00	1
9567	品牌J 啞鈴 紅色 M	6	1680.00	1
9568	品牌J 啞鈴 紅色 L	6	1690.00	1
9569	品牌J 啞鈴 紅色 XL	6	1700.00	1
9570	品牌J 啞鈴 紅色 均一	6	1710.00	1
9571	品牌J 啞鈴 灰色 S	6	1720.00	1
9572	品牌J 啞鈴 灰色 M	6	1730.00	1
9573	品牌J 啞鈴 灰色 L	6	1740.00	1
9574	品牌J 啞鈴 灰色 XL	6	1750.00	1
9575	品牌J 啞鈴 灰色 均一	6	1760.00	1
9576	品牌J 啞鈴 綠色 S	6	1770.00	1
9577	品牌J 啞鈴 綠色 M	6	1780.00	1
9578	品牌J 啞鈴 綠色 L	6	1790.00	1
9579	品牌J 啞鈴 綠色 XL	6	1800.00	1
9580	品牌J 啞鈴 綠色 均一	6	1810.00	1
9581	品牌J 啞鈴 米色 S	6	1820.00	1
9582	品牌J 啞鈴 米色 M	6	1830.00	1
9583	品牌J 啞鈴 米色 L	6	1840.00	1
9584	品牌J 啞鈴 米色 XL	6	1850.00	1
9585	品牌J 啞鈴 米色 均一	6	1860.00	1
9586	品牌J 啞鈴 粉色 S	6	1870.00	1
9587	品牌J 啞鈴 粉色 M	6	1880.00	1
9588	品牌J 啞鈴 粉色 L	6	1890.00	1
9589	品牌J 啞鈴 粉色 XL	6	1900.00	1
9590	品牌J 啞鈴 粉色 均一	6	1910.00	1
9591	品牌J 啞鈴 黃色 S	6	1920.00	1
9592	品牌J 啞鈴 黃色 M	6	1930.00	1
9593	品牌J 啞鈴 黃色 L	6	1940.00	1
9594	品牌J 啞鈴 黃色 XL	6	1950.00	1
9595	品牌J 啞鈴 黃色 均一	6	1960.00	1
9596	品牌J 啞鈴 紫色 S	6	1970.00	1
9597	品牌J 啞鈴 紫色 M	6	1980.00	1
9598	品牌J 啞鈴 紫色 L	6	1990.00	1
9599	品牌J 啞鈴 紫色 XL	6	2000.00	1
9600	品牌J 啞鈴 紫色 均一	6	10.00	0
9601	品牌J 筆記本 黑色 S	7	20.00	1
9602	品牌J 筆記本 黑色 M	7	30.00	1
9603	品牌J 筆記本 黑色 L	7	40.00	1
9604	品牌J 筆記本 黑色 XL	7	50.00	1
9605	品牌J 筆記本 黑色 均一	7	60.00	1
9606	品牌J 筆記本 白色 S	7	70.00	1
9607	品牌J 筆記本 白色 M	7	80.00	1
9608	品牌J 筆記本 白色 L	7	90.00	1
9609	品牌J 筆記本 白色 XL	7	100.00	1
9610	品牌J 筆記本 白色 均一	7	110.00	1
9611	品牌J 筆記本 藍色 S	7	120.00	1
9612	品牌J 筆記本 藍色 M	7	130.00	1
9613	品牌J 筆記本 藍色 L	7	140.00	1
9614	品牌J 筆記本 藍色 XL	7	150.00	1
9615	品牌J 筆記本 藍色 均一	7	160.00	1
9616	品牌J 筆記本 紅色 S	7	170.00	1
9617	品牌J 筆記本 紅色 M	7	180.00	1
9618	品牌J 筆記本 紅色 L	7	190.00	1
9619	品牌J 筆記本 紅色 XL	7	200.00	1
9620	品牌J 筆記本 紅色 均一	7	210.00	1
9621	品牌J 筆記本 灰色 S	7	220.00	1
9622	品牌J 筆記本 灰色 M	7	230.00	1
9623	品牌J 筆記本 灰色 L	7	240.00	1
9624	品牌J 筆記本 灰色 XL	7	250.00	1
9625	品牌J 筆記本 灰色 均一	7	260.00	1
9626	品牌J 筆記本 綠色 S	7	270.00	1
9627	品牌J 筆記本 綠色 M	7	280.00	1
9628	品牌J 筆記本 綠色 L	7	290.00	1
9629	品牌J 筆記本 綠色 XL	7	300.00	1
9630	品牌J 筆記本 綠色 均一	7	310.00	1
9631	品牌J 筆記本 米色 S	7	320.00	1
9632	品牌J 筆記本 米色 M	7	330.00	1
9633	品牌J 筆記本 米色 L	7	340.00	1
9634	品牌J 筆記本 米色 XL	7	350.00	1
9635	品牌J 筆記本 米色 均一	7	360.00	1
9636	品牌J 筆記本 粉色 S	7	370.00	1
9637	品牌J 筆記本 粉色 M	7	380.00	1
9638	品牌J 筆記本 粉色 L	7	390.00	1
9639	品牌J 筆記本 粉色 XL	7	400.00	1
9640	品牌J 筆記本 粉色 均一	7	410.00	1
9641	品牌J 筆記本 黃色 S	7	420.00	1
9642	品牌J 筆記本 黃色 M	7	430.00	1
9643	品牌J 筆記本 黃色 L	7	440.00	1
9644	品牌J 筆記本 黃色 XL	7	450.00	1
9645	品牌J 筆記本 黃色 均一	7	460.00	1
9646	品牌J 筆記本 紫色 S	7	470.00	1
9647	品牌J 筆記本 紫色 M	7	480.00	1
9648	品牌J 筆記本 紫色 L	7	490.00	1
9649	品牌J 筆記本 紫色 XL	7	500.00	1
9650	品牌J 筆記本 紫色 均一	7	510.00	0
9651	品牌J 原子筆 黑色 S	7	520.00	1
9652	品牌J 原子筆 黑色 M	7	530.00	1
9653	品牌J 原子筆 黑色 L	7	540.00	1
9654	品牌J 原子筆 黑色 XL	7	550.00	1
9655	品牌J 原子筆 黑色 均一	7	560.00	1
9656	品牌J 原子筆 白色 S	7	570.00	1
9657	品牌J 原子筆 白色 M	7	580.00	1
9658	品牌J 原子筆 白色 L	7	590.00	1
9659	品牌J 原子筆 白色 XL	7	600.00	1
9660	品牌J 原子筆 白色 均一	7	610.00	1
9661	品牌J 原子筆 藍色 S	7	620.00	1
9662	品牌J 原子筆 藍色 M	7	630.00	1
9663	品牌J 原子筆 藍色 L	7	640.00	1
9664	品牌J 原子筆 藍色 XL	7	650.00	1
9665	品牌J 原子筆 藍色 均一	7	660.00	1
9666	品牌J 原子筆 紅色 S	7	670.00	1
9667	品牌J 原子筆 紅色 M	7	680.00	1
9668	品牌J 原子筆 紅色 L	7	690.00	1
9669	品牌J 原子筆 紅色 XL	7	700.00	1
9670	品牌J 原子筆 紅色 均一	7	710.00	1
9671	品牌J 原子筆 灰色 S	7	720.00	1
9672	品牌J 原子筆 灰色 M	7	730.00	1
9673	品牌J 原子筆 灰色 L	7	740.00	1
9674	品牌J 原子筆 灰色 XL	7	750.00	1
9675	品牌J 原子筆 灰色 均一	7	760.00	1
9676	品牌J 原子筆 綠色 S	7	770.00	1
9677	品牌J 原子筆 綠色 M	7	780.00	1
9678	品牌J 原子筆 綠色 L	7	790.00	1
9679	品牌J 原子筆 綠色 XL	7	800.00	1
9680	品牌J 原子筆 綠色 均一	7	810.00	1
9681	品牌J 原子筆 米色 S	7	820.00	1
9682	品牌J 原子筆 米色 M	7	830.00	1
9683	品牌J 原子筆 米色 L	7	840.00	1
9684	品牌J 原子筆 米色 XL	7	850.00	1
9685	品牌J 原子筆 米色 均一	7	860.00	1
9686	品牌J 原子筆 粉色 S	7	870.00	1
9687	品牌J 原子筆 粉色 M	7	880.00	1
9688	品牌J 原子筆 粉色 L	7	890.00	1
9689	品牌J 原子筆 粉色 XL	7	900.00	1
9690	品牌J 原子筆 粉色 均一	7	910.00	1
9691	品牌J 原子筆 黃色 S	7	920.00	1
9692	品牌J 原子筆 黃色 M	7	930.00	1
9693	品牌J 原子筆 黃色 L	7	940.00	1
9694	品牌J 原子筆 黃色 XL	7	950.00	1
9695	品牌J 原子筆 黃色 均一	7	960.00	1
9696	品牌J 原子筆 紫色 S	7	970.00	1
9697	品牌J 原子筆 紫色 M	7	980.00	1
9698	品牌J 原子筆 紫色 L	7	990.00	1
9699	品牌J 原子筆 紫色 XL	7	1000.00	1
9700	品牌J 原子筆 紫色 均一	7	1010.00	0
9701	品牌J 貓砂 黑色 S	8	1020.00	1
9702	品牌J 貓砂 黑色 M	8	1030.00	1
9703	品牌J 貓砂 黑色 L	8	1040.00	1
9704	品牌J 貓砂 黑色 XL	8	1050.00	1
9705	品牌J 貓砂 黑色 均一	8	1060.00	1
9706	品牌J 貓砂 白色 S	8	1070.00	1
9707	品牌J 貓砂 白色 M	8	1080.00	1
9708	品牌J 貓砂 白色 L	8	1090.00	1
9709	品牌J 貓砂 白色 XL	8	1100.00	1
9710	品牌J 貓砂 白色 均一	8	1110.00	1
9711	品牌J 貓砂 藍色 S	8	1120.00	1
9712	品牌J 貓砂 藍色 M	8	1130.00	1
9713	品牌J 貓砂 藍色 L	8	1140.00	1
9714	品牌J 貓砂 藍色 XL	8	1150.00	1
9715	品牌J 貓砂 藍色 均一	8	1160.00	1
9716	品牌J 貓砂 紅色 S	8	1170.00	1
9717	品牌J 貓砂 紅色 M	8	1180.00	1
9718	品牌J 貓砂 紅色 L	8	1190.00	1
9719	品牌J 貓砂 紅色 XL	8	1200.00	1
9720	品牌J 貓砂 紅色 均一	8	1210.00	1
9721	品牌J 貓砂 灰色 S	8	1220.00	1
9722	品牌J 貓砂 灰色 M	8	1230.00	1
9723	品牌J 貓砂 灰色 L	8	1240.00	1
9724	品牌J 貓砂 灰色 XL	8	1250.00	1
9725	品牌J 貓砂 灰色 均一	8	1260.00	1
9726	品牌J 貓砂 綠色 S	8	1270.00	1
9727	品牌J 貓砂 綠色 M	8	1280.00	1
9728	品牌J 貓砂 綠色 L	8	1290.00	1
9729	品牌J 貓砂 綠色 XL	8	1300.00	1
9730	品牌J 貓砂 綠色 均一	8	1310.00	1
9731	品牌J 貓砂 米色 S	8	1320.00	1
9732	品牌J 貓砂 米色 M	8	1330.00	1
9733	品牌J 貓砂 米色 L	8	1340.00	1
9734	品牌J 貓砂 米色 XL	8	1350.00	1
9735	品牌J 貓砂 米色 均一	8	1360.00	1
9736	品牌J 貓砂 粉色 S	8	1370.00	1
9737	品牌J 貓砂 粉色 M	8	1380.00	1
9738	品牌J 貓砂 粉色 L	8	1390.00	1
9739	品牌J 貓砂 粉色 XL	8	1400.00	1
9740	品牌J 貓砂 粉色 均一	8	1410.00	1
9741	品牌J 貓砂 黃色 S	8	1420.00	1
9742	品牌J 貓砂 黃色 M	8	1430.00	1
9743	品牌J 貓砂 黃色 L	8	1440.00	1
9744	品牌J 貓砂 黃色 XL	8	1450.00	1
9745	品牌J 貓砂 黃色 均一	8	1460.00	1
9746	品牌J 貓砂 紫色 S	8	1470.00	1
9747	品牌J 貓砂 紫色 M	8	1480.00	1
9748	品牌J 貓砂 紫色 L	8	1490.00	1
9749	品牌J 貓砂 紫色 XL	8	1500.00	1
9750	品牌J 貓砂 紫色 均一	8	1510.00	0
9751	品牌J 狗零食 黑色 S	8	1520.00	1
9752	品牌J 狗零食 黑色 M	8	1530.00	1
9753	品牌J 狗零食 黑色 L	8	1540.00	1
9754	品牌J 狗零食 黑色 XL	8	1550.00	1
9755	品牌J 狗零食 黑色 均一	8	1560.00	1
9756	品牌J 狗零食 白色 S	8	1570.00	1
9757	品牌J 狗零食 白色 M	8	1580.00	1
9758	品牌J 狗零食 白色 L	8	1590.00	1
9759	品牌J 狗零食 白色 XL	8	1600.00	1
9760	品牌J 狗零食 白色 均一	8	1610.00	1
9761	品牌J 狗零食 藍色 S	8	1620.00	1
9762	品牌J 狗零食 藍色 M	8	1630.00	1
9763	品牌J 狗零食 藍色 L	8	1640.00	1
9764	品牌J 狗零食 藍色 XL	8	1650.00	1
9765	品牌J 狗零食 藍色 均一	8	1660.00	1
9766	品牌J 狗零食 紅色 S	8	1670.00	1
9767	品牌J 狗零食 紅色 M	8	1680.00	1
9768	品牌J 狗零食 紅色 L	8	1690.00	1
9769	品牌J 狗零食 紅色 XL	8	1700.00	1
9770	品牌J 狗零食 紅色 均一	8	1710.00	1
9771	品牌J 狗零食 灰色 S	8	1720.00	1
9772	品牌J 狗零食 灰色 M	8	1730.00	1
9773	品牌J 狗零食 灰色 L	8	1740.00	1
9774	品牌J 狗零食 灰色 XL	8	1750.00	1
9775	品牌J 狗零食 灰色 均一	8	1760.00	1
9776	品牌J 狗零食 綠色 S	8	1770.00	1
9777	品牌J 狗零食 綠色 M	8	1780.00	1
9778	品牌J 狗零食 綠色 L	8	1790.00	1
9779	品牌J 狗零食 綠色 XL	8	1800.00	1
9780	品牌J 狗零食 綠色 均一	8	1810.00	1
9781	品牌J 狗零食 米色 S	8	1820.00	1
9782	品牌J 狗零食 米色 M	8	1830.00	1
9783	品牌J 狗零食 米色 L	8	1840.00	1
9784	品牌J 狗零食 米色 XL	8	1850.00	1
9785	品牌J 狗零食 米色 均一	8	1860.00	1
9786	品牌J 狗零食 粉色 S	8	1870.00	1
9787	品牌J 狗零食 粉色 M	8	1880.00	1
9788	品牌J 狗零食 粉色 L	8	1890.00	1
9789	品牌J 狗零食 粉色 XL	8	1900.00	1
9790	品牌J 狗零食 粉色 均一	8	1910.00	1
9791	品牌J 狗零食 黃色 S	8	1920.00	1
9792	品牌J 狗零食 黃色 M	8	1930.00	1
9793	品牌J 狗零食 黃色 L	8	1940.00	1
9794	品牌J 狗零食 黃色 XL	8	1950.00	1
9795	品牌J 狗零食 黃色 均一	8	1960.00	1
9796	品牌J 狗零食 紫色 S	8	1970.00	1
9797	品牌J 狗零食 紫色 M	8	1980.00	1
9798	品牌J 狗零食 紫色 L	8	1990.00	1
9799	品牌J 狗零食 紫色 XL	8	2000.00	1
9800	品牌J 狗零食 紫色 均一	8	10.00	0
9801	品牌J 小說 黑色 S	9	20.00	1
9802	品牌J 小說 黑色 M	9	30.00	1
9803	品牌J 小說 黑色 L	9	40.00	1
9804	品牌J 小說 黑色 XL	9	50.00	1
9805	品牌J 小說 黑色 均一	9	60.00	1
9806	品牌J 小說 白色 S	9	70.00	1
9807	品牌J 小說 白色 M	9	80.00	1
9808	品牌J 小說 白色 L	9	90.00	1
9809	品牌J 小說 白色 XL	9	100.00	1
9810	品牌J 小說 白色 均一	9	110.00	1
9811	品牌J 小說 藍色 S	9	120.00	1
9812	品牌J 小說 藍色 M	9	130.00	1
9813	品牌J 小說 藍色 L	9	140.00	1
9814	品牌J 小說 藍色 XL	9	150.00	1
9815	品牌J 小說 藍色 均一	9	160.00	1
9816	品牌J 小說 紅色 S	9	170.00	1
9817	品牌J 小說 紅色 M	9	180.00	1
9818	品牌J 小說 紅色 L	9	190.00	1
9819	品牌J 小說 紅色 XL	9	200.00	1
9820	品牌J 小說 紅色 均一	9	210.00	1
9821	品牌J 小說 灰色 S	9	220.00	1
9822	品牌J 小說 灰色 M	9	230.00	1
9823	品牌J 小說 灰色 L	9	240.00	1
9824	品牌J 小說 灰色 XL	9	250.00	1
9825	品牌J 小說 灰色 均一	9	260.00	1
9826	品牌J 小說 綠色 S	9	270.00	1
9827	品牌J 小說 綠色 M	9	280.00	1
9828	品牌J 小說 綠色 L	9	290.00	1
9829	品牌J 小說 綠色 XL	9	300.00	1
9830	品牌J 小說 綠色 均一	9	310.00	1
9831	品牌J 小說 米色 S	9	320.00	1
9832	品牌J 小說 米色 M	9	330.00	1
9833	品牌J 小說 米色 L	9	340.00	1
9834	品牌J 小說 米色 XL	9	350.00	1
9835	品牌J 小說 米色 均一	9	360.00	1
9836	品牌J 小說 粉色 S	9	370.00	1
9837	品牌J 小說 粉色 M	9	380.00	1
9838	品牌J 小說 粉色 L	9	390.00	1
9839	品牌J 小說 粉色 XL	9	400.00	1
9840	品牌J 小說 粉色 均一	9	410.00	1
9841	品牌J 小說 黃色 S	9	420.00	1
9842	品牌J 小說 黃色 M	9	430.00	1
9843	品牌J 小說 黃色 L	9	440.00	1
9844	品牌J 小說 黃色 XL	9	450.00	1
9845	品牌J 小說 黃色 均一	9	460.00	1
9846	品牌J 小說 紫色 S	9	470.00	1
9847	品牌J 小說 紫色 M	9	480.00	1
9848	品牌J 小說 紫色 L	9	490.00	1
9849	品牌J 小說 紫色 XL	9	500.00	1
9850	品牌J 小說 紫色 均一	9	510.00	0
9851	品牌J 食譜 黑色 S	9	520.00	1
9852	品牌J 食譜 黑色 M	9	530.00	1
9853	品牌J 食譜 黑色 L	9	540.00	1
9854	品牌J 食譜 黑色 XL	9	550.00	1
9855	品牌J 食譜 黑色 均一	9	560.00	1
9856	品牌J 食譜 白色 S	9	570.00	1
9857	品牌J 食譜 白色 M	9	580.00	1
9858	品牌J 食譜 白色 L	9	590.00	1
9859	品牌J 食譜 白色 XL	9	600.00	1
9860	品牌J 食譜 白色 均一	9	610.00	1
9861	品牌J 食譜 藍色 S	9	620.00	1
9862	品牌J 食譜 藍色 M	9	630.00	1
9863	品牌J 食譜 藍色 L	9	640.00	1
9864	品牌J 食譜 藍色 XL	9	650.00	1
9865	品牌J 食譜 藍色 均一	9	660.00	1
9866	品牌J 食譜 紅色 S	9	670.00	1
9867	品牌J 食譜 紅色 M	9	680.00	1
9868	品牌J 食譜 紅色 L	9	690.00	1
9869	品牌J 食譜 紅色 XL	9	700.00	1
9870	品牌J 食譜 紅色 均一	9	710.00	1
9871	品牌J 食譜 灰色 S	9	720.00	1
9872	品牌J 食譜 灰色 M	9	730.00	1
9873	品牌J 食譜 灰色 L	9	740.00	1
9874	品牌J 食譜 灰色 XL	9	750.00	1
9875	品牌J 食譜 灰色 均一	9	760.00	1
9876	品牌J 食譜 綠色 S	9	770.00	1
9877	品牌J 食譜 綠色 M	9	780.00	1
9878	品牌J 食譜 綠色 L	9	790.00	1
9879	品牌J 食譜 綠色 XL	9	800.00	1
9880	品牌J 食譜 綠色 均一	9	810.00	1
9881	品牌J 食譜 米色 S	9	820.00	1
9882	品牌J 食譜 米色 M	9	830.00	1
9883	品牌J 食譜 米色 L	9	840.00	1
9884	品牌J 食譜 米色 XL	9	850.00	1
9885	品牌J 食譜 米色 均一	9	860.00	1
9886	品牌J 食譜 粉色 S	9	870.00	1
9887	品牌J 食譜 粉色 M	9	880.00	1
9888	品牌J 食譜 粉色 L	9	890.00	1
9889	品牌J 食譜 粉色 XL	9	900.00	1
9890	品牌J 食譜 粉色 均一	9	910.00	1
9891	品牌J 食譜 黃色 S	9	920.00	1
9892	品牌J 食譜 黃色 M	9	930.00	1
9893	品牌J 食譜 黃色 L	9	940.00	1
9894	品牌J 食譜 黃色 XL	9	950.00	1
9895	品牌J 食譜 黃色 均一	9	960.00	1
9896	品牌J 食譜 紫色 S	9	970.00	1
9897	品牌J 食譜 紫色 M	9	980.00	1
9898	品牌J 食譜 紫色 L	9	990.00	1
9899	品牌J 食譜 紫色 XL	9	1000.00	1
9900	品牌J 食譜 紫色 均一	9	1010.00	0
9901	品牌J 禮物卡 黑色 S	10	1020.00	1
9902	品牌J 禮物卡 黑色 M	10	1030.00	1
9903	品牌J 禮物卡 黑色 L	10	1040.00	1
9904	品牌J 禮物卡 黑色 XL	10	1050.00	1
9905	品牌J 禮物卡 黑色 均一	10	1060.00	1
9906	品牌J 禮物卡 白色 S	10	1070.00	1
9907	品牌J 禮物卡 白色 M	10	1080.00	1
9908	品牌J 禮物卡 白色 L	10	1090.00	1
9909	品牌J 禮物卡 白色 XL	10	1100.00	1
9910	品牌J 禮物卡 白色 均一	10	1110.00	1
9911	品牌J 禮物卡 藍色 S	10	1120.00	1
9912	品牌J 禮物卡 藍色 M	10	1130.00	1
9913	品牌J 禮物卡 藍色 L	10	1140.00	1
9914	品牌J 禮物卡 藍色 XL	10	1150.00	1
9915	品牌J 禮物卡 藍色 均一	10	1160.00	1
9916	品牌J 禮物卡 紅色 S	10	1170.00	1
9917	品牌J 禮物卡 紅色 M	10	1180.00	1
9918	品牌J 禮物卡 紅色 L	10	1190.00	1
9919	品牌J 禮物卡 紅色 XL	10	1200.00	1
9920	品牌J 禮物卡 紅色 均一	10	1210.00	1
9921	品牌J 禮物卡 灰色 S	10	1220.00	1
9922	品牌J 禮物卡 灰色 M	10	1230.00	1
9923	品牌J 禮物卡 灰色 L	10	1240.00	1
9924	品牌J 禮物卡 灰色 XL	10	1250.00	1
9925	品牌J 禮物卡 灰色 均一	10	1260.00	1
9926	品牌J 禮物卡 綠色 S	10	1270.00	1
9927	品牌J 禮物卡 綠色 M	10	1280.00	1
9928	品牌J 禮物卡 綠色 L	10	1290.00	1
9929	品牌J 禮物卡 綠色 XL	10	1300.00	1
9930	品牌J 禮物卡 綠色 均一	10	1310.00	1
9931	品牌J 禮物卡 米色 S	10	1320.00	1
9932	品牌J 禮物卡 米色 M	10	1330.00	1
9933	品牌J 禮物卡 米色 L	10	1340.00	1
9934	品牌J 禮物卡 米色 XL	10	1350.00	1
9935	品牌J 禮物卡 米色 均一	10	1360.00	1
9936	品牌J 禮物卡 粉色 S	10	1370.00	1
9937	品牌J 禮物卡 粉色 M	10	1380.00	1
9938	品牌J 禮物卡 粉色 L	10	1390.00	1
9939	品牌J 禮物卡 粉色 XL	10	1400.00	1
9940	品牌J 禮物卡 粉色 均一	10	1410.00	1
9941	品牌J 禮物卡 黃色 S	10	1420.00	1
9942	品牌J 禮物卡 黃色 M	10	1430.00	1
9943	品牌J 禮物卡 黃色 L	10	1440.00	1
9944	品牌J 禮物卡 黃色 XL	10	1450.00	1
9945	品牌J 禮物卡 黃色 均一	10	1460.00	1
9946	品牌J 禮物卡 紫色 S	10	1470.00	1
9947	品牌J 禮物卡 紫色 M	10	1480.00	1
9948	品牌J 禮物卡 紫色 L	10	1490.00	1
9949	品牌J 禮物卡 紫色 XL	10	1500.00	1
9950	品牌J 禮物卡 紫色 均一	10	1510.00	0
9951	品牌J 收納袋 黑色 S	10	1520.00	1
9952	品牌J 收納袋 黑色 M	10	1530.00	1
9953	品牌J 收納袋 黑色 L	10	1540.00	1
9954	品牌J 收納袋 黑色 XL	10	1550.00	1
9955	品牌J 收納袋 黑色 均一	10	1560.00	1
9956	品牌J 收納袋 白色 S	10	1570.00	1
9957	品牌J 收納袋 白色 M	10	1580.00	1
9958	品牌J 收納袋 白色 L	10	1590.00	1
9959	品牌J 收納袋 白色 XL	10	1600.00	1
9960	品牌J 收納袋 白色 均一	10	1610.00	1
9961	品牌J 收納袋 藍色 S	10	1620.00	1
9962	品牌J 收納袋 藍色 M	10	1630.00	1
9963	品牌J 收納袋 藍色 L	10	1640.00	1
9964	品牌J 收納袋 藍色 XL	10	1650.00	1
9965	品牌J 收納袋 藍色 均一	10	1660.00	1
9966	品牌J 收納袋 紅色 S	10	1670.00	1
9967	品牌J 收納袋 紅色 M	10	1680.00	1
9968	品牌J 收納袋 紅色 L	10	1690.00	1
9969	品牌J 收納袋 紅色 XL	10	1700.00	1
9970	品牌J 收納袋 紅色 均一	10	1710.00	1
9971	品牌J 收納袋 灰色 S	10	1720.00	1
9972	品牌J 收納袋 灰色 M	10	1730.00	1
9973	品牌J 收納袋 灰色 L	10	1740.00	1
9974	品牌J 收納袋 灰色 XL	10	1750.00	1
9975	品牌J 收納袋 灰色 均一	10	1760.00	1
9976	品牌J 收納袋 綠色 S	10	1770.00	1
9977	品牌J 收納袋 綠色 M	10	1780.00	1
9978	品牌J 收納袋 綠色 L	10	1790.00	1
9979	品牌J 收納袋 綠色 XL	10	1800.00	1
9980	品牌J 收納袋 綠色 均一	10	1810.00	1
9981	品牌J 收納袋 米色 S	10	1820.00	1
9982	品牌J 收納袋 米色 M	10	1830.00	1
9983	品牌J 收納袋 米色 L	10	1840.00	1
9984	品牌J 收納袋 米色 XL	10	1850.00	1
9985	品牌J 收納袋 米色 均一	10	1860.00	1
9986	品牌J 收納袋 粉色 S	10	1870.00	1
9987	品牌J 收納袋 粉色 M	10	1880.00	1
9988	品牌J 收納袋 粉色 L	10	1890.00	1
9989	品牌J 收納袋 粉色 XL	10	1900.00	1
9990	品牌J 收納袋 粉色 均一	10	1910.00	1
9991	品牌J 收納袋 黃色 S	10	1920.00	1
9992	品牌J 收納袋 黃色 M	10	1930.00	1
9993	品牌J 收納袋 黃色 L	10	1940.00	1
9994	品牌J 收納袋 黃色 XL	10	1950.00	1
9995	品牌J 收納袋 黃色 均一	10	1960.00	1
9996	品牌J 收納袋 紫色 S	10	1970.00	1
9997	品牌J 收納袋 紫色 M	10	1980.00	1
9998	品牌J 收納袋 紫色 L	10	1990.00	1
9999	品牌J 收納袋 紫色 XL	10	2000.00	1
10000	品牌J 收納袋 紫色 均一	10	10.00	0
